smiles,cv_2_pred_quantified_delivery
CCCCCCCCCCCCCCCCNC(=O)C(CCCCCOC(=O)CCCCCCCCC#C)NCCN(C)C,-1.1075671
CCCCCCCCCCCCCCNC(=O)C(CCCCCOC(=O)\C=C\CCCCCCC)NCCN(CC)CC,-0.1406956
CCCCCCCCCCCCCCCCCCNC(=O)C(CCCCCOC(=O)CCCCCCCCC#C)NCCCN(CC)CC,0.32206696
CCCCCCCCCCCCCCCCCCNC(=O)C(CCCCCOC(=O)CCCCCCC\C=C/C\C=C/CCCCC)NCCCN(C)C,-1.1377347
CCCCCCOP(=O)(O)OCC[N+](CCCCCC)(CCCCCC)CCCCCC,-0.962468
CCCCCCCCCOP(=O)(O)OCC[N+](CCCC)(CCCC)CCCC,0.21654539
CCCCCCCCCCCCCCCCNC(=O)C(CCCCCOC(=O)CCCCCCC\C=C/CCCCCCCC)NCCN1CCNCC1,-1.3940414
CCCCCCCCCCCCCCCCCCNC(=O)C(CCCCCOC(=O)CCC(C)CCCCC)NCCCN1CCCC1,1.1214727
CCCCCCCCCCCCCCCCCCNC(=O)C(CCCCCOC(=O)\C=C\CCCCCCC)NN1CCOCC1,0.5126957
CCCCCCCCCCCCCCCC(=O)OCCCCCC(NC1=CNN=C1)C(=O)NCCCCCCCCCCCCCC,0.54625595
CCCCCCCCCCCCCCCCNC(=O)C(CCCCCOC(=O)CCCCCCCCCCCCCCC)NC1CCNCC1,-1.4036416
CCCCCCCCCCCCNC(=O)C(CCCCCOC(=O)\C=C\CCCCCCC)NCCN1CCCCC1,0.90258217
CCCCCCCCCCCCCCCCNC(=O)C(CCCCCOC(=O)CCCCCCCCC=C)NCCN(C(C)C)C(C)C,0.20098642
CCCCCCCOP(=O)(O)OCCNCCNCCNCCNCCNCCOP(=O)(O)OCCCCCCC,-0.03574895
CCCCCCCCCCCCOP(=O)(O)OCCN(CCCN(C)C)CCCN(CCOP(=O)(O)OCCCCCCCCCCCC)CCOP(=O)(O)OCCCCCCCCCCCC,-0.32369977
CCCCCCCCCCCCCCNC(=O)C(CCCCCOC(=O)CCCCCCCCCC)NCCN1CCNCC1,-1.0211592
CCCCCCCCCCCCCCCCCCNC(=O)C(CCCCCOC(=O)CCCCCCCCC#C)NCCN(CCN)CCN,0.19170925
CCCCCOP(=O)(O)OCCN(CCCC)CCCC,0.046033822
CCCCCCCCCCCCCCNC(=O)C(CCCCCOC(=O)CCCCCCCCC#C)NN1CCCCC1,0.3797871
OCCN(CCC(=O)OCCOC(=O)C(C)CSCCCCC=C)CCCN(CCC(=O)OCCOC(=O)C(C)CSCCCCC=C)(CCC(=O)OCCOC(=O)C(C)CSCCCCC=C),-0.36369872
CCCCCCCCCCCOP(=O)(O)OCCN(CCCN1CCN(CCCN(CCOP(=O)(O)OCCCCCCCCCCC)CCOP(=O)(O)OCCCCCCCCCCC)CC1)CCOP(=O)(O)OCCCCCCCCCCC,-1.0683429
N(CCN(CCC(=O)OCCOC(=O)C(C)CSCCC/C=C\C)(CCC(=O)OCCOC(=O)C(C)CSCCC/C=C\C))(CCN(CCC(=O)OCCOC(=O)C(C)CSCCC/C=C\C)(CCC(=O)OCCOC(=O)C(C)CSCCC/C=C\C))CCN(CCC(=O)OCCOC(=O)C(C)CSCCC/C=C\C)(CCC(=O)OCCOC(=O)C(C)CSCCC/C=C\C),1.0905294
CCCCCCCCCCCCCCCCNC(=O)C(CCCCCOC(=O)\C=C\CCCCCCC)NCCCN(CCCC)CCCC,0.8807658
CCCCCCCCCCCCNC(=O)C(CCCCCOC(=O)CCCCCCC\C=C/C\C=C/CCCCC)NCCCN1CCOCC1,-0.74775124
CCCCCCCCCCCCCCNC(=O)C(CCCCCOC(=O)CCCCCCCCC=C)NCCN(C)C,-0.26662734
CCCCCCCC\C=C/CCCCCCCCNC(=O)C(CCCCCOC(=O)\C=C\CCCCCCC)NCC1CCCN1CC,-0.796024
CCCCCCCC[N+](CCCCCCCC)(CCCCCCCC)CCOP(=O)(O)OCCCCCC,-0.2097676
CCCCCCCCCCCCCOP(=O)(O)OCCN(C)CCN(CCN(C)CCOP(=O)(O)OCCCCCCCCCCCCC)CCN(C)CCOP(=O)(O)OCCCCCCCCCCCCC,-1.1270562
CCCCCCCCCCCCCCCCCCNC(=O)C(CCCCCOC(=O)\C=C\CCCCCCC)NC1=CC(C)=NN1C,0.42705375
CCCCCCCCCCCCOP(=O)(O)OCCNCCN(CCNCCN(CCNCCOP(=O)(O)OCCCCCCCCCCCC)CCOP(=O)(O)OCCCCCCCCCCCC)CCOP(=O)(O)OCCCCCCCCCCCC,-1.0947125
CCCCCCCC\C=C/CCCCCCCCNC(=O)C(CCCCCOC(=O)CCCCCCCCC#C)NN1CCCCC1,0.67670894
CCCCCCCCCCCCCCCCNC(=O)C(CCCCCOC(=O)\C=C\CCCCCCC)NC1CCN(C)CC1,0.43879098
CCCCCCCCCCC(=O)OCCCCCC(NN1CCCCC1)C(=O)NCCCCCCCC\C=C/CCCCCCCC,0.9006067
CCCCCCCCCCCCCCCCOP(=O)(O)OCCNCCN(CCNCCOP(=O)(O)OCCCCCCCCCCCCCCCC)CCN(CCOP(=O)(O)OCCCCCCCCCCCCCCCC)CCOP(=O)(O)OCCCCCCCCCCCCCCCC,-1.2430209
CCCCCCCCCCCCCCCCN(CCCCCCCCCCCCCCCC)CCOP(=O)(O)OCCCCCCCCCCCC,0.44715846
CCCCCCCCCCCC[N+](CCCCCCCCCCCC)(CCCCCCCCCCCC)CCOP(=O)(O)OCCCCCCCCC,0.79095846
CCCCCCCCOP(=O)(O)OCC[N+](CCCCCC)(CCCCCC)CCCCCC,-0.43752003
CCCCCCCCOP(=O)(O)OCCNCCN(CCOP(=O)(O)OCCCCCCCC)CCN(CCNCCOP(=O)(O)OCCCCCCCC)CCOP(=O)(O)OCCCCCCCC,-0.65147996
CCCCCCCCOP(=O)(O)OCCNCCCNCCCNCCCNCCOP(=O)(O)OCCCCCCCC,-0.17090303
CCCCCCCC\C=C/CCCCCCCCNC(=O)C(CCCCCOC(=O)CCCCCCCCC=C)NCCN1CCNCC1,-0.92095155
CCCCCCCCCCCCCCCCNC(=O)C(CCCCCOC(=O)CCCCCCCCCC)NCCN1CCNCC1,-1.2559551
CCCCCCCOP(=O)(O)OCCNCCCC,1.2370713
CCCCCCCCCCCCCCNC(=O)C(CCCCCOC(=O)CCCCCCCCC#C)NC1CCN(C)CC1,0.2152582
CCCCCCCCCCCCOP(=O)(O)OCCNCCCN(CCCN(CCCNCCOP(=O)(O)OCCCCCCCCCCCC)CCOP(=O)(O)OCCCCCCCCCCCC)CCOP(=O)(O)OCCCCCCCCCCCC,-1.1384734
CCCCCCCCCCCCCCCCCCNC(=O)C(CCCCCOC(=O)CCC(C)CCCCC)NCCN(CCN)CCN,-0.30839643
CCCCCCCCCCCCCCCC(=O)OCCCCCC(NCCN1CCNCC1)C(=O)NCCCCCCCCCCCC,-1.3685668
CCCCCCCCCCCCCCNC(=O)C(CCCCCOC(=O)CCCCCCC\C=C/C\C=C/CCCCC)NCCN1CCNCC1,-1.1303332
CCCCCCCCCCCCCCOP(=O)(O)OCCNCCCC,1.4099412
CCCCCCCC\C=C/CCCCCCCCNC(=O)C(CCCCCOC(=O)CCC(C)CCCCC)NCCCN(CCCC)CCCC,2.7898142
CCCCCCCCCCCCNC(=O)C(CCCCCOC(=O)CCCCCCC\C=C/C\C=C/CCCCC)NC1=CC(C)=NN1C,-1.1317893
CCCCCCCCCCCCCOP(=O)(O)OCCNCCCCCCCCCC,0.85333204
CCCCCCCCCCCCCCNC(=O)C(CCCCCOC(=O)CCCCCCC\C=C/C\C=C/CCCCC)NCCN1CCCCC1,-0.86212236
CCCCCCCCCCCCCCCCCCNC(=O)C(CCCCCOC(=O)CCCCCCC\C=C/CCCCCCCC)NC1=CNN=C1,0.76942575
CCCCCCCCCCCCCCCCNC(=O)C(CCCCCOC(=O)CCC(C)CCCCC)NCCCN1CCCC1,0.6432385
CCCCCCCCCCNCCOP(=O)(O)OCCCCC,0.193458
CCCCOP(=O)(O)OCCN(C)CCN(CCNC)CCN(C)CCOP(=O)(O)OCCCC,-0.11181366
CCCCCCCCCCCCCCCCNC(=O)C(CCCCCOC(=O)\C=C\CCCCCCC)NCCCN1CCOCC1,0.21158427
N(CCC(=O)OCCOC(=O)C(C)CSCCCCCCCC)(CCC(=O)OCCOC(=O)C(C)CSCCCCCCCC)CCCN(C)C,-0.9025439
CCCCCOP(=O)(O)OCCNCCN(CCNCCOP(=O)(O)OCCCCC)CCN(CCOP(=O)(O)OCCCCC)CCOP(=O)(O)OCCCCC,-0.7465864
CCCCCCCCCCCCCCNC(=O)C(CCCCCOC(=O)CCC(C)CCCCC)NC1=CC(C)=NN1C,-0.17749374
CCCCCCCCCCCCCCCCCCNC(=O)C(CCCCCOC(=O)CCC(C)CCCCC)NCCCN(CCCC)CCCC,2.0595193
CCCCCCCCCCCCCCCCCCNC(=O)C(CCCCCOC(=O)CCCCCCC\C=C/CCCCCCCC)NCCN(CCN)CCN,-0.74641544
CCCCCCCCCCCCCCNC(=O)C(CCCCCOC(=O)CCCCCCCCC)NCCCN1CCCC1,0.5819531
N(CCC(=O)OCCOC(=O)C(C)CSC/C=C\CCC)(CCC(=O)OCCOC(=O)C(C)CSC/C=C\CCC)CCN(C)C,-0.14753668
N(CCN(CCC(=O)OCCOC(=O)C(C)CSC/C=C(C)/CC/C=C(C)/CCC=C(C)C)(CCC(=O)OCCOC(=O)C(C)CSC/C=C(C)/CC/C=C(C)/CCC=C(C)C))(CCN(CCC(=O)OCCOC(=O)C(C)CSC/C=C(C)/CC/C=C(C)/CCC=C(C)C)(CCC(=O)OCCOC(=O)C(C)CSC/C=C(C)/CC/C=C(C)/CCC=C(C)C))CCN(CCC(=O)OCCOC(=O)C(C)CSC/C=C(C)/CC/C=C(C)/CCC=C(C)C)(CCC(=O)OCCOC(=O)C(C)CSC/C=C(C)/CC/C=C(C)/CCC=C(C)C),-1.070335
CCCCCCCCCCCCCCCOP(=O)(O)OCCN(CCCCCCCCCCCCCC)CCCCCCCCCCCCCC,0.19246094
CCCCCCCCCC(=O)OCCCCCC(NC1=CC(C)=NN1C)C(=O)NCCCCCCCC\C=C/CCCCCCCC,1.1129743
CCCCCCCCCCCOP(=O)(O)OCCNCCNCCNCCN(CCNCCOP(=O)(O)OCCCCCCCCCCC)CCOP(=O)(O)OCCCCCCCCCCC,-0.115350746
CCCCCCCCCCCCCCNC(=O)C(CCCCCOC(=O)CCCCCCC\C=C/C\C=C/CCCCC)NCCN1CCCC1,-0.6283958
CCCCCOP(=O)(O)OCCNCCNCCNCCNCCNCCOP(=O)(O)OCCCCC,-0.6799425
CCCCCCCCCCCCCCCCNC(=O)C(CCCCCOC(=O)CCCCCCCCC)NCCN1CCCC1,0.87658614
CCCCCCCCCCCCCCCCCCNC(=O)C(CCCCCOC(=O)CCCCCCCCCCCCCCCCC)NCCCN1CCOCC1,0.53574467
CCCCCCCC\C=C/CCCCCCCCNC(=O)C(CCCCCOC(=O)\C=C\CCCCCCC)NCCN1CCNCC1,-0.804889
CCCCCCCCCCCCCCCOP(=O)(O)OCCNCCCC,1.0420103
CCCCCOP(=O)(O)OCCN(CCCN1CCN(CCCN(CCOP(=O)(O)OCCCCC)CCOP(=O)(O)OCCCCC)CC1)CCOP(=O)(O)OCCCCC,-1.0722383
CCCCCCCCCCCCCCNC(=O)C(CCCCCOC(=O)CCCCCCCC)NCCCN1CCOCC1,-0.32592553
CCCCCCNCCOP(=O)(O)OCCCC,0.9822569
CCCCCCCCCCCCNC(=O)C(CCCCCOC(=O)CCCCCCCCC)NC1CCN(C)CC1,0.5427338
CCCCCCCCCCCCCCNC(=O)C(CCCCCOC(=O)CCCCCCCCC=C)NC1CCNCC1,-1.3181167
CCCCCCCCCCCCCCNC(=O)C(CCCCCOC(=O)CCCCCCC\C=C/C\C=C/CCCCC)NCCCN(C)C,-0.69961125
CCCCCCCCCCCCNC(=O)C(CCCCCOC(=O)CCCCCCCCCC)NCCN(C)C,-0.41694793
CCCCCCCCCCCCCCCCNC(=O)C(CCCCCOC(=O)CCCCCCCC)NC1=CC(C)=NN1C,-0.30850282
CCCCCCCCCCCCCCCCOP(=O)(O)OCCN(CCCN(C)C)CCCN(CCOP(=O)(O)OCCCCCCCCCCCCCCCC)CCOP(=O)(O)OCCCCCCCCCCCCCCCC,-1.1972612
CCCCCCCCCCCCNC(=O)C(CCCCCOC(=O)CCCCCCC\C=C/C\C=C/CCCCC)NCCN(CC)CC,0.8763069
CCCCCCCCCCCCCCNC(=O)C(CCCCCOC(=O)CCCCCCCC)NCC1CCCN1CC,-1.3089429
CCCCCCCCCCCCOP(=O)(O)OCCNCCN(CCN)CCNCCOP(=O)(O)OCCCCCCCCCCCC,-0.1204865
CCCCCCCCCCCCCCCCCCNC(=O)C(CCCCCOC(=O)CCCCCCCC)NCCCN(C)CCCN,-0.88960326
CCCCCCCC\C=C/CCCCCCCCNC(=O)C(CCCCCOC(=O)CCCCCCC\C=C/CCCCCCCC)NCCN1CCCC1,-0.6469469
CCCCCCCCCCCCCCNC(=O)C(CCCCCOC(=O)CCCCCCC\C=C/C\C=C/CCCCC)NCCN(CC)CC,1.0721185
CCCCCCCCCCCCCCNC(=O)C(CCCCCOC(=O)CCC(C)CCCCC)NN1CCOCC1,-0.39300188
CCCCCCCCCCCCCOP(=O)(O)OCCNCCNCCN(CCNCCOP(=O)(O)OCCCCCCCCCCCCC)CCOP(=O)(O)OCCCCCCCCCCCCC,-0.7363517
CCCCCCCCCCCCCCCCOP(=O)(O)OCCNCCNCCNCCNCCNCCOP(=O)(O)OCCCCCCCCCCCCCCCC,-1.2341629
CCCCCCCCCCCCCOP(=O)(O)OCCN(CCCCCCCCCCCC)CCCCCCCCCCCC,2.119472
CCCCCCCCCCOP(=O)(O)OCCNCCNCCNCCNCCNCCOP(=O)(O)OCCCCCCCCCC,0.48320517
CCCCOP(=O)(O)OCCNCCCN(CCCNCCOP(=O)(O)OCCCC)CCOP(=O)(O)OCCCC,0.12524572
CCCCCCCCCCCCCCCCOP(=O)(O)OCCNCCCN(CCCN(C)C)CCOP(=O)(O)OCCCCCCCCCCCCCCCC,-1.1966165
CCCCCCCCCCCCCCCCNC(=O)C(CCCCCOC(=O)CCCCCCCCC)NC1CCN(C)CC1,0.5819252
CCCCCCCCCCCOP(=O)(O)OCCNCCCCCCCC,1.0931697
CCCCCCCCCCCCCCCCCC(=O)OCCCCCC(NCCCN(CC)CC)C(=O)NCCCCCCCCCCCCCCCC,0.6093455
CCCCCCCCCCCCCCCCCCNC(=O)C(CCCCCOC(=O)CCCCCCC\C=C/C\C=C/CCCCC)NCCCN(CC)CC,-0.3015648
CCCCCCCCCCCCCCCCCCNC(=O)C(CCCCCOC(=O)CCC(C)CCCCC)NCCCN(CC)CC,1.3791282
CCCCCCCCCCCCCCCCNC(=O)C(CCCCCOC(=O)CCCCCCCCC=C)NC1=CNN=C1,0.42660844
CCCCCCCCCCCCCCCCCC(=O)OCCCCCC(NCCN(C(C)C)C(C)C)C(=O)NCCCCCCCC\C=C/CCCCCCCC,1.3251953
CCCCCCCCCCCCCCCC(=O)OCCCCCC(NCCCN(CCCC)CCCC)C(=O)NCCCCCCCCCCCC,0.387639
CCCCCCCCCCCCCCNC(=O)C(CCCCCOC(=O)CCCCCCCCCC)NCCN(CC)CC,-0.084902555
CCCCCCCCCCCCCCCCNC(=O)C(CCCCCOC(=O)CCCCCCCCC#C)NCCCN(C)CCCN,-1.5762995
CCCCCCCCCCCCCCNC(=O)C(CCCCCOC(=O)CCCCCCC\C=C/C\C=C/CCCCC)NN1CCOCC1,-1.1309466
CCCCCCCCCCCCCCCCCCNC(=O)C(CCCCCOC(=O)CCCCCCC\C=C/C\C=C/CCCCC)NCCN(C)C,-0.72371507
CCCCCCCC\C=C/CCCCCCCCNC(=O)C(CCCCCOC(=O)CCC(C)CCCCC)NC1=CNN=C1,0.50727344
CCCCCCCCCCCCCCCCOP(=O)(O)OCCNCCN(CCN)CCNCCOP(=O)(O)OCCCCCCCCCCCCCCCC,-1.1649243
CCCCCCCCCCCCCCNC(=O)C(CCCCCOC(=O)CCC(C)CCCCC)NCCN(C(C)C)C(C)C,0.95494837
CCCCCCOP(=O)(O)OCCNCCCN(CCCN(C)C)CCOP(=O)(O)OCCCCCC,-0.08312934
CCCCCCCCCCCCCCCC(=O)OCCCCCC(NC1CCNCC1)C(=O)NCCCCCCCCCCCCCC,-1.4554954
CCCCCCCCCCCCCCCCNC(=O)C(CCCCCOC(=O)CCCCCCCCC)NCC1CCCN1CC,-0.89202714
CCCCCCCCCCCCCCNC(=O)C(CCCCCOC(=O)CCCCCCCCCC)NCCCN(CCCC)CCCC,0.90956455
CCCCCCCCCCCCNC(=O)C(CCCCCOC(=O)CCCCCCCCC=C)NCCN1CCNCC1,-1.2294004
CCCCCCCCCCCCCCCCCC(=O)OCCCCCC(NCCN(C)C)C(=O)NCCCCCCCC\C=C/CCCCCCCC,0.6575554
CCCCCCCCCCCCCCCCCC(=O)OCCCCCC(NCCN1CCCCC1)C(=O)NCCCCCCCCCCCC,0.84145314
CCCCOP(=O)(O)OCCNCCCNCCCN(CCCNCCOP(=O)(O)OCCCC)CCOP(=O)(O)OCCCC,0.011949884
CCCCCCCCCCCCCCNC(=O)C(CCCCCOC(=O)CCCCCCCCC)NCCCN1CCOCC1,0.45336488
CCCCCCCC\C=C/CCCCCCCCNC(=O)C(CCCCCOC(=O)CCC(C)CCCCC)NN1CCCCC1,0.21146168
N(CCC(=O)OCCOC(=O)C(C)CSCCCCCC)(CCC(=O)OCCOC(=O)C(C)CSCCCCCC)CCCN1CCN(C)CC1,0.57724386
CCCCCCCCCCCCCCCCOP(=O)(O)OCCN(CCCCCCCCCCCC)CCCCCCCCCCCC,0.97942704
N(CCC(=O)OCCOC(=O)C(C)CSC/C=C\CCC)(CCC(=O)OCCOC(=O)C(C)CSC/C=C\CCC)CCCN(C)C,-0.21628372
CCCCCCCCCCCCCCCCCCNC(=O)C(CCCCCOC(=O)CCCCCCCC)NCC1CCCN1CC,-0.92481685
CCCCCCCCCCCCCCCOP(=O)(O)OCCNCCCN1CCN(CCCN(CCOP(=O)(O)OCCCCCCCCCCCCCCC)CCOP(=O)(O)OCCCCCCCCCCCCCCC)CC1,-0.42525312
CCCCCCCCCCCCCCNC(=O)C(CCCCCOC(=O)CCC(C)CCCCC)NCCCN(C)CCCN,-1.0278378
CCCCCCCCCCCCCCNC(=O)C(CCCCCOC(=O)CCCCCCCCC=C)NCCCN1CCOCC1,0.18805009
CCCCCCCCCC(=O)OCCCCCC(NC1CCNCC1)C(=O)NCCCCCCCC\C=C/CCCCCCCC,-0.8214087
CCCCCCCCCCCCCCCC(=O)OCCCCCC(NCC1CCCN1CC)C(=O)NCCCCCCCCCCCCCC,-1.0516585
CCCCCCCCCCCCNC(=O)C(CCCCCOC(=O)CCCCCCCCC)NCCCN(C)CCCN,-1.254149
CCCCCCCCCCCCCCCCNC(=O)C(CCCCCOC(=O)CCCCCCCCCCCCCCC)NCCN(C)C,-0.5292925
CCCCCCCC\C=C/CCCCCCCCNC(=O)C(CCCCCOC(=O)CCCCCCC\C=C/C\C=C/CCCCC)NC1CCN(C)CC1,-0.9094241
CCCCCCCCCCCCCCCOP(=O)(O)OCCN(CCCCCCCC)CCCCCCCC,2.417303
CCCCCCCCCCCCCCCC(=O)OCCCCCC(NC1=CNN=C1)C(=O)NCCCCCCCCCCCC,0.6906156
N(CCC(=O)OCCOC(=O)C(C)CSCCC/C=C/C)(CCC(=O)OCCOC(=O)C(C)CSCCC/C=C/C)CCCN1CCN(C)CC1,0.4644333
CCCCCCCCCCCCNC(=O)C(CCCCCOC(=O)CCCCCCC\C=C/CCCCCCCC)NC1=CC(C)=NN1C,-0.6662385
CCCCCCCCCCCCCCCC(=O)OCCCCCC(NCCCN1CCOCC1)C(=O)NCCCCCCCCCCCCCC,0.35810754
CCCCCCCCCCCCCCOP(=O)(O)OCCNCCN(CCOP(=O)(O)OCCCCCCCCCCCCCC)CCN(CCOP(=O)(O)OCCCCCCCCCCCCCC)CCN(CCNCCOP(=O)(O)OCCCCCCCCCCCCCC)CCOP(=O)(O)OCCCCCCCCCCCCCC,-1.2418597
CCCCCCCCCCOP(=O)(O)OCCN(CCCCCC)CCCCCC,1.3058673
CCCCOP(=O)(O)OCCNCCN(CCNCCN(CCNCCOP(=O)(O)OCCCC)CCOP(=O)(O)OCCCC)CCOP(=O)(O)OCCCC,-0.71741897
CCCCCCCCCCCCCCCOP(=O)(O)OCCN(C)CCN(CCN(C)CCOP(=O)(O)OCCCCCCCCCCCCCCC)CCN(C)CCOP(=O)(O)OCCCCCCCCCCCCCCC,-1.2006115
CCCCCCOP(=O)(O)OCCN(C)CCN(CCN(C)CCOP(=O)(O)OCCCCCC)CCN(C)CCOP(=O)(O)OCCCCCC,-0.5424232
CCCCOP(=O)(O)OCCNCCN1CCN(CCOP(=O)(O)OCCCC)CC1,0.0016186086
CCCCCCCCCCCCCCCOP(=O)(O)OCCN(CCOP(=O)(O)OCCCCCCCCCCCCCCC)CCN1CCN(CCOP(=O)(O)OCCCCCCCCCCCCCCC)CC1,-1.1866359
CCCCCCOP(=O)(O)OCCNCCN1CCN(CCOP(=O)(O)OCCCCCC)CC1,-0.3562739
CCCCCCCCCCCCCCNC(=O)C(CCCCCOC(=O)CCCCCCC\C=C/C\C=C/CCCCC)NCC1CCCN1CC,-1.4195297
CCCCCCCC\C=C/CCCCCCCCNC(=O)C(CCCCCOC(=O)CCCCCCCCC#C)NC1CCNCC1,-1.1106033
CCCCCCCCCCCCCCNC(=O)C(CCCCCOC(=O)CCCCCCC\C=C/CCCCCCCC)NCCCN(CC)CC,1.0716978
CCCCCCCCCCCCCCCCCCNC(=O)C(CCCCCOC(=O)CCCCCCC\C=C/C\C=C/CCCCC)NC1=CNN=C1,-0.63363624
CCCCCCCCCCC(=O)OCCCCCC(NN1CCOCC1)C(=O)NCCCCCCCC\C=C/CCCCCCCC,0.8689352
CCCCCCCCCCCCCCOP(=O)(O)OCCNCCCCCCCC,0.51288015
CCCCCCCCCCOP(=O)(O)OCCNCCN1CCN(CCOP(=O)(O)OCCCCCCCCCC)CC1,0.025681706
CCCCCCCCCCCCOP(=O)(O)OCCNCCN(CCOP(=O)(O)OCCCCCCCCCCCC)CCN(CCOP(=O)(O)OCCCCCCCCCCCC)CCN(CCNCCOP(=O)(O)OCCCCCCCCCCCC)CCOP(=O)(O)OCCCCCCCCCCCC,-1.2000153
CCCCCCCCCCCCCCOP(=O)(O)OCCNCCCN(CCCN(CCCNCCOP(=O)(O)OCCCCCCCCCCCCCC)CCOP(=O)(O)OCCCCCCCCCCCCCC)CCOP(=O)(O)OCCCCCCCCCCCCCC,-1.1520629
CCCCCCCCCCCCCCCCCCNC(=O)C(CCCCCOC(=O)CCCCCCC\C=C/CCCCCCCC)NCCCN1CCOCC1,-0.94891304
CCCCCCCCCCCCCCCCNC(=O)C(CCCCCOC(=O)CCCCCCCCC=C)NCCCN1CCCC1,-0.30620757
CCCCCCCCCCCCCCCCCCNC(=O)C(CCCCCOC(=O)CCCCCCC\C=C/C\C=C/CCCCC)NCC1CCCN1CC,-1.4376522
CCCCCCCCCCCCCCCCCCNC(=O)C(CCCCCOC(=O)CCCCCCCCCCCCCCCCC)NCCN1CCCCC1,0.6976804
CCCCCCCCCCCCCCCCCCNC(=O)C(CCCCCOC(=O)CCC(C)CCCCC)NC1=CNN=C1,0.55165523
CCCCCCCCCCCCNC(=O)C(CCCCCOC(=O)CCCCCCCCCC)NC1=CNN=C1,0.83429
CCCCCCCCCCCCCOP(=O)(O)OCC[N+](CCCC)(CCCC)CCCC,0.88952637
CCCCCCCCCC(=O)OCCCCCC(NCCN1CCCCC1)C(=O)NCCCCCCCC\C=C/CCCCCCCC,1.3225502
CCCCCCCCCCOP(=O)(O)OCCNCCN(CCNCCOP(=O)(O)OCCCCCCCCCC)CCN(CCOP(=O)(O)OCCCCCCCCCC)CCOP(=O)(O)OCCCCCCCCCC,0.81267583
CCCCCCCCCCCCCCCCNC(=O)C(CCCCCOC(=O)CCCCCCC\C=C/C\C=C/CCCCC)NCCN1CCCC1,-0.8504233
CCCCCCCCCCCCOP(=O)(O)OCCN(CCCN1CCN(CCCN(CCOP(=O)(O)OCCCCCCCCCCCC)CCOP(=O)(O)OCCCCCCCCCCCC)CC1)CCOP(=O)(O)OCCCCCCCCCCCC,-1.2538767
CCCCCCCCCCCCCCCCCCNC(=O)C(CCCCCOC(=O)CCCCCCCC)NCCCN(CC)CC,0.6173984
CCCCCCCCCCCCCCCC(=O)OCCCCCC(NCCN(CC)CC)C(=O)NCCCCCCCCCCCC,0.004347602
CCCCCCCCCCCCNC(=O)C(CCCCCOC(=O)\C=C\CCCCCCC)NCCCN(C)CCCN,-1.1624999
CCCCCCCCCCCOP(=O)(O)OCCNCCN(CCNCCOP(=O)(O)OCCCCCCCCCCC)CCN(CCOP(=O)(O)OCCCCCCCCCCC)CCOP(=O)(O)OCCCCCCCCCCC,-0.3783092
CCCCCCCCCCOP(=O)(O)OCCNCCCNCCCNCCCNCCOP(=O)(O)OCCCCCCCCCC,-0.53880924
CCCCCCCOP(=O)(O)OCCN(C)CCN(CCN(C)CCOP(=O)(O)OCCCCCCC)CCN(C)CCOP(=O)(O)OCCCCCCC,-0.82158774
CCCCCCCCCCCCCCCCCC(=O)OCCCCCC(NC1CCN(C)CC1)C(=O)NCCCCCCCCCCCC,0.1996457
CCCCCCCCCCCCCCCCCCNC(=O)C(CCCCCOC(=O)CCC(C)CCCCC)NC1CCNCC1,-1.0588511
CCCCCCCCCCCCCCCCCC(=O)OCCCCCC(NCCCN1CCCC1)C(=O)NCCCCCCCCCCCC,0.6972012
CCCCCCCCCCCCCCCCCC(=O)OCCCCCC(NCCN(C(C)C)C(C)C)C(=O)NCCCCCCCCCCCCCC,-0.18703742
CCCCCCCCCCCCCCNC(=O)C(CCCCCOC(=O)CCCCCCCCCC)NCCN1CCCC1,0.7911519
CCCCCCCCCCCCCCCCCCNC(=O)C(CCCCCOC(=O)\C=C\CCCCCCC)NCCN1CCCC1,0.72227347
CCCCCCCCCCCOP(=O)(O)OCCN(CCCCCCCCCC)CCCCCCCCCC,2.228196
CCCCCCCCCCCCNC(=O)C(CCCCCOC(=O)CCCCCCC\C=C/C\C=C/CCCCC)NC1=CNN=C1,-0.5115091
CCCCCCCCCCCCCCCCNC(=O)C(CCCCCOC(=O)CCCCCCCCC=C)NCCCN(CC)CC,-0.53027314
CCCCCCCOP(=O)(O)OCCNCCN(CCOP(=O)(O)OCCCCCCC)CCN(CCNCCOP(=O)(O)OCCCCCCC)CCOP(=O)(O)OCCCCCCC,-0.22732916
CCCCCCCCCOP(=O)(O)OCCNCCN(CCNCCOP(=O)(O)OCCCCCCCCC)CCNCCOP(=O)(O)OCCCCCCCCC,0.91788816
CCCCCCCOP(=O)(O)OCCNCCN(CCOP(=O)(O)OCCCCCCC)CCN(CCOP(=O)(O)OCCCCCCC)CCN(CCNCCOP(=O)(O)OCCCCCCC)CCOP(=O)(O)OCCCCCCC,-0.032969665
CCCCCCCCCCCCOP(=O)(O)OCCNCCN(CCOP(=O)(O)OCCCCCCCCCCCC)CCN(CCNCCOP(=O)(O)OCCCCCCCCCCCC)CCOP(=O)(O)OCCCCCCCCCCCC,-1.1539946
CCCCCCCCCCC(=O)OCCCCCC(NCCCN1CCOCC1)C(=O)NCCCCCCCC\C=C/CCCCCCCC,0.8820152
CCCCCCCCCCCCCCNC(=O)C(CCCCCOC(=O)CCCCCCCC)NCCCN(C)CCCN,-0.9320939
CCCCCCCC\C=C/CCCCCCCCNC(=O)C(CCCCCOC(=O)CCCCCCCCC=C)NCCN(CC)CC,0.4530973
CCCCCCCCCCCCCCCCCC(=O)OCCCCCC(NN1CCOCC1)C(=O)NCCCCCCCCCCCC,0.47562298
CCCCCCCCCCCCCCCCNC(=O)C(CCCCCOC(=O)CCCCCCCC)NCCN1CCCC1,0.48082197
CCCCCCCCCCCCCCCCCCNC(=O)C(CCCCCOC(=O)CCCCCCCC)NCCN(CCN)CCN,0.07448568
CCCCCCCCOP(=O)(O)OCCNCCCNCCCNCCOP(=O)(O)OCCCCCCCC,-0.13371345
CCCCCCCCCOP(=O)(O)OCCNCCN(CCNCCN(CCNCCOP(=O)(O)OCCCCCCCCC)CCOP(=O)(O)OCCCCCCCCC)CCOP(=O)(O)OCCCCCCCCC,0.12143729
CCCCCCCCCCCCCCCCNC(=O)C(CCCCCOC(=O)CCCCCCCCC#C)NCCCN(CC)CC,-0.62760574
CCCCCCCCCCCCCCCCNC(=O)C(CCCCCOC(=O)CCCCCCC\C=C/C\C=C/CCCCC)NC1CCNCC1,-0.8990766
CCCCCCCCCCCCCCCCNC(=O)C(CCCCCOC(=O)CCCCCCC\C=C/CCCCCCCC)NC1CCNCC1,-1.306431
CCCCCCCCCCCCCCCCNC(=O)C(CCCCCOC(=O)\C=C\CCCCCCC)NCCN1CCCCC1,0.7926382
CCCCCCCCCCCCCCCCN(CCCCCCCCCCCCCCCC)CCOP(=O)(O)OCCCCC,0.33439666
CCCCCCCCCCCCCCCCCCNC(=O)C(CCCCCOC(=O)CCCCCCCCCC)NCCCN(C)CCCN,-1.4135693
OCCN(CCC(=O)OCCOC(=O)C(C)CSCC/C=C\CC)CCCN(CCC(=O)OCCOC(=O)C(C)CSCC/C=C\CC)(CCC(=O)OCCOC(=O)C(C)CSCC/C=C\CC),-0.028118938
CCCCCCCCCCCCNC(=O)C(CCCCCOC(=O)CCCCCCCCCC)NCCCN(C)C,0.20988439
CCCCCCCCOP(=O)(O)OCCNCCN1CCN(CCOP(=O)(O)OCCCCCCCC)CC1,-0.746607
CCCCCCCCCCCCCCCCOP(=O)(O)OCCNCCNCCN(CCNCCOP(=O)(O)OCCCCCCCCCCCCCCCC)CCOP(=O)(O)OCCCCCCCCCCCCCCCC,-1.0361748
CCCCCOP(=O)(O)OCCNCCOCCOCCNCCOP(=O)(O)OCCCCC,-0.90826005
CCCCCCCC\C=C/CCCCCCCCNC(=O)C(CCCCCOC(=O)\C=C\CCCCCCC)NC1=CC(C)=NN1C,0.8525402
CCCCCCCCCCCCCCCCCC(=O)OCCCCCC(NC1CCN(C)CC1)C(=O)NCCCCCCCC\C=C/CCCCCCCC,0.23227383
CCCCCCCCCCCCCCCCNC(=O)C(CCCCCOC(=O)\C=C\CCCCCCC)NCCN1CCCC1,0.80836856
CCCCCCCCCCCCCCCCNC(=O)C(CCCCCOC(=O)CCCCCCCCCCCCCCC)NCCCN(CCCC)CCCC,0.8218165
CCCCCCCCCCCCCCNC(=O)C(CCCCCOC(=O)CCCCCCCCC)NCC1CCCN1CC,-0.9112858
CCCCCCCCCCCCCCN(CCCCCCCCCCCCCC)CCOP(=O)(O)OCCCCCCCCCCC,2.0821707
CCCCCCCCCCCCCCCCNC(=O)C(CCCCCOC(=O)CCCCCCCCC)NN1CCCCC1,0.70952415
CCCCCCCCCCCCCCCCCCNC(=O)C(CCCCCOC(=O)CCC(C)CCCCC)NCCCN1CCOCC1,0.2289044
CCCCCCCCCCCCCCCCCCNC(=O)C(CCCCCOC(=O)CCCCCCCCC=C)NCCN1CCCCC1,0.22798707
CCCCCCCCCCCCNC(=O)C(CCCCCOC(=O)\C=C\CCCCCCC)NC1=CNN=C1,0.6782517
CCCCCCCCCCOP(=O)(O)OCCNCCCCCCCC,0.68152964
OCCN(CCC(=O)OCCOC(=O)C(C)CSC/C=C(C)\CCC=C(C)C)CCCN(CCC(=O)OCCOC(=O)C(C)CSC/C=C(C)\CCC=C(C)C)(CCC(=O)OCCOC(=O)C(C)CSC/C=C(C)\CCC=C(C)C),-1.2924595
CCCCOP(=O)(O)OCCNCCCNCCCNCCCNCCOP(=O)(O)OCCCC,0.021086656
CCCCCCCCCCCCCCNC(=O)C(CCCCCOC(=O)CCCCCCCCC#C)NCCN(C(C)C)C(C)C,0.62487525
CCCCCCCCCCCCCCCCCC(=O)OCCCCCC(NC1=CC(C)=NN1C)C(=O)NCCCCCCCCCCCCCCCC,0.61867046
CCCCCCCCCCCCCCNC(=O)C(CCCCCOC(=O)CCCCCCC\C=C/CCCCCCCC)NN1CCCCC1,-0.9762465
OCCN(CCC(=O)OCCOC(=O)C(C)CSC/C=C/CCC)CCCN(CCC(=O)OCCOC(=O)C(C)CSC/C=C/CCC)(CCC(=O)OCCOC(=O)C(C)CSC/C=C/CCC),-0.5039864
CCCCCCCCCCCCCCCCNC(=O)C(CCCCCOC(=O)CCCCCCC\C=C/C\C=C/CCCCC)NCCN(C(C)C)C(C)C,-1.3300999
CCCCCCCCCCCCCCCCCC(=O)OCCCCCC(NCCN(CCN)CCN)C(=O)NCCCCCCCCCCCC,0.44756055
CCCCCCCCCCCCCCNC(=O)C(CCCCCOC(=O)CCCCCCCCC)NCCN(CCN)CCN,0.497069
CCCCCCCCCCCCCCCOP(=O)(O)OCCNCCCCCCCC,0.2082042
CCCCCCCCCCCCCCCCCCNC(=O)C(CCCCCOC(=O)\C=C\CCCCCCC)NN1CCCCC1,0.5725832
CCCCCCCCCCCCCCCCNC(=O)C(CCCCCOC(=O)CCCCCCCCC=C)NCCN1CCNCC1,-1.2512089
CCCCCCCCN(CCCCCCCC)CCOP(=O)(O)OCCCCCC,0.22163585
CCCCCCOP(=O)(O)OCCNCCCNCCCNCCCNCCOP(=O)(O)OCCCCCC,-0.019657366
CCCCCCCCCCCCNC(=O)C(CCCCCOC(=O)CCC(C)CCCCC)NCCN1CCCCC1,1.511709
CCCCCCCCOP(=O)(O)OCCNCCN(CCNCCOP(=O)(O)OCCCCCCCC)CCNCCOP(=O)(O)OCCCCCCCC,-0.6784227
CCCCCCCCCCCCCCCCCCNC(=O)C(CCCCCOC(=O)\C=C\CCCCCCC)NCCCN1CCOCC1,0.15887526
CCCCCCCCCCCCCCNC(=O)C(CCCCCOC(=O)CCCCCCCCC#C)NCCCN1CCOCC1,0.06321239
OCCN(CCC(=O)OCCOC(=O)C(C)CSCCCCCC)CCCN(CCC(=O)OCCOC(=O)C(C)CSCCCCCC)(CCC(=O)OCCOC(=O)C(C)CSCCCCCC),-0.9043016
CCCCCCCCCCCCCCNC(=O)C(CCCCCOC(=O)CCCCCCCCC=C)NCCN1CCCC1,0.73055404
CCCCCCCC\C=C/CCCCCCCCNC(=O)C(CCCCCOC(=O)CCCCCCCCC#C)NCCN1CCNCC1,-0.98451775
N(CCN(CCC(=O)OCCOC(=O)C(C)CSC/C=C/CCC)(CCC(=O)OCCOC(=O)C(C)CSC/C=C/CCC))(CCN(CCC(=O)OCCOC(=O)C(C)CSC/C=C/CCC)(CCC(=O)OCCOC(=O)C(C)CSC/C=C/CCC))CCN(CCC(=O)OCCOC(=O)C(C)CSC/C=C/CCC)(CCC(=O)OCCOC(=O)C(C)CSC/C=C/CCC),0.11951091
CCCCCCCCCCCCCOP(=O)(O)OCCN(CCOP(=O)(O)OCCCCCCCCCCCCC)CCN1CCN(CCOP(=O)(O)OCCCCCCCCCCCCC)CC1,-1.1649852
CCCCCCCCCCCCCCCC(=O)OCCCCCC(NCCN1CCCC1)C(=O)NCCCCCCCCCCCCCC,0.76872057
CCCCCCCCCCCCCCCCNC(=O)C(CCCCCOC(=O)CCCCCCCCCCCCCCC)NN1CCOCC1,0.3348361
CCCCCCCCCCCCCCNC(=O)C(CCCCCOC(=O)CCCCCCC\C=C/CCCCCCCC)NCCN1CCCCC1,-0.8719494
CCCCCCCCCCCCCCCCCC(=O)OCCCCCC(NCCCN1CCCC1)C(=O)NCCCCCCCC\C=C/CCCCCCCC,0.95981413
N(CCC(=O)OCCOC(=O)C(C)CSCCCCC=C)(CCC(=O)OCCOC(=O)C(C)CSCCCCC=C)CCN(C)C,0.32537735
CCCCCCCCCCCCCCCCCC(=O)OCCCCCC(NN1CCOCC1)C(=O)NCCCCCCCCCCCCCC,0.40044218
CCCCCCCCCCCCCCCC(=O)OCCCCCC(NCCN(C(C)C)C(C)C)C(=O)NCCCCCCCCCCCCCC,-0.30047357
CCCCCCCCCCCCCCCC(=O)OCCCCCC(NN1CCOCC1)C(=O)NCCCCCCCC\C=C/CCCCCCCC,0.5782668
CCCCCCCCCCCCCCOP(=O)(O)OCCNCCCN(CCCN(C)C)CCOP(=O)(O)OCCCCCCCCCCCCCC,-0.31790957
CCCCCCCCCCCCCCCCCCNC(=O)C(CCCCCOC(=O)CCCCCCCCC#C)NC1=CC(C)=NN1C,0.26701498
CCCCCCCCCCCCNC(=O)C(CCCCCOC(=O)CCCCCCC\C=C/CCCCCCCC)NCCN1CCNCC1,-1.2565881
CCCCCCCCCCC(=O)OCCCCCC(NCCCN(CCCC)CCCC)C(=O)NCCCCCCCC\C=C/CCCCCCCC,1.6845607
CCCCCCCCCCOP(=O)(O)OCC[N+](CCCC)(CCCC)CCCC,0.7574063
CCCCOP(=O)(O)OCCNCCN(CCOP(=O)(O)OCCCC)CCN(CCNCCOP(=O)(O)OCCCC)CCOP(=O)(O)OCCCC,-0.16682073
CCCCCCCCCCCCCCCCNC(=O)C(CCCCCOC(=O)CCCCCCC\C=C/C\C=C/CCCCC)NCC1CCCN1CC,-1.3343948
CCCCCCCCCC(=O)OCCCCCC(NCCCN(C)CCCN)C(=O)NCCCCCCCC\C=C/CCCCCCCC,-1.0047858
CCCCCCCCCCCCCCCCCCNC(=O)C(CCCCCOC(=O)CCCCCCCCCC)NCCCN1CCCC1,0.66875875
CCCCCCCCCCCCCOP(=O)(O)OCC[N+](CCCCCC)(CCCCCC)CCCCCC,1.2062302
CCCCCCCCCCCCCOP(=O)(O)OCCNCCCN1CCN(CCCN(CCOP(=O)(O)OCCCCCCCCCCCCC)CCOP(=O)(O)OCCCCCCCCCCCCC)CC1,-0.7615104
N(CCC(=O)OCCOC(=O)C(C)CSCC/C=C\CC)(CCC(=O)OCCOC(=O)C(C)CSCC/C=C\CC)CCCN1CCN(C)CC1,0.8015139
CCCCCCCCCCCCNC(=O)C(CCCCCOC(=O)CCCCCCCCC)NCC1CCCN1CC,-1.0667267
CCCCCCCCCCCCCCCCCCNC(=O)C(CCCCCOC(=O)CCCCCCCCC=C)NCCN(CC)CC,-0.013131611
CCCCCCCCCCCCCCCCOP(=O)(O)OCCNCCCNCCCN(CCCNCCOP(=O)(O)OCCCCCCCCCCCCCCCC)CCOP(=O)(O)OCCCCCCCCCCCCCCCC,-0.21208642
N(CCC(=O)OCCOC(=O)C(C)CSCC/C=C/CC)(CCC(=O)OCCOC(=O)C(C)CSCC/C=C/CC)CCCN(C)CCCN(CCC(=O)OCCOC(=O)C(C)CSCC/C=C/CC)(CCC(=O)OCCOC(=O)C(C)CSCC/C=C/CC),1.4621809
CCCCCCCCCCCCCCCCCC(=O)OCCCCCC(NCCCN(CCCC)CCCC)C(=O)NCCCCCCCC\C=C/CCCCCCCC,-0.0056441436
CCCCCCCCCCCCCCNC(=O)C(CCCCCOC(=O)CCC(C)CCCCC)NC1CCN(C)CC1,-0.48719302
CCCCCCCCCCCCCCCCCCNC(=O)C(CCCCCOC(=O)\C=C\CCCCCCC)NCCCN(C)C,0.22394589
CCCCCCCCCOP(=O)(O)OCCNCCCNCCCN(CCCNCCOP(=O)(O)OCCCCCCCCC)CCOP(=O)(O)OCCCCCCCCC,1.6835601
CCCCCCCCCOP(=O)(O)OCCNCCOCCOCCNCCOP(=O)(O)OCCCCCCCCC,0.42630196
CCCCCCCCOP(=O)(O)OCCNCCCNCCCN(CCCNCCOP(=O)(O)OCCCCCCCC)CCOP(=O)(O)OCCCCCCCC,0.43853003
CCCCCCCCCCCOP(=O)(O)OCCNCCCN(CCCN(C)C)CCOP(=O)(O)OCCCCCCCCCCC,-0.716214
CCCCCCCCCCCCCCNC(=O)C(CCCCCOC(=O)CCCCCCC\C=C/CCCCCCCC)NCCN1CCNCC1,-1.5451485
CCCCCCCCCCCCCCNC(=O)C(CCCCCOC(=O)CCCCCCCCC#C)NCC1CCCN1CC,-1.1237651
CCCCCCCCCCCCCCCCNC(=O)C(CCCCCOC(=O)CCCCCCCCCC)NCCN(CC)CC,-0.47548613
N(CCC(=O)OCCOC(=O)C(C)CSC/C=C(C)/CC/C=C(C)/CCC=C(C)C)(CCC(=O)OCCOC(=O)C(C)CSC/C=C(C)/CC/C=C(C)/CCC=C(C)C)CCN(C)C,-0.9954444
CCCCCCCCCCCCCCCCCC(=O)OCCCCCC(NN1CCCCC1)C(=O)NCCCCCCCC\C=C/CCCCCCCC,0.60240245
CCCCCCCC\C=C/CCCCCCCCNC(=O)C(CCCCCOC(=O)CCCCCCCCC#C)NCCN(C(C)C)C(C)C,0.81839967
CCCCCCCCCC[N+](CCCCCCCCCC)(CCCCCCCCCC)CCOP(=O)(O)OCCCCCC,-0.77136713
CCCCCCCCCCCCCCCCCC(=O)OCCCCCC(NC1=CNN=C1)C(=O)NCCCCCCCCCCCCCC,0.5942674
CCCCCCCCCCCCCCOP(=O)(O)OCCNCCN(CCN)CCNCCOP(=O)(O)OCCCCCCCCCCCCCC,-0.60942614
CCCCCCCCCCCCCCCCCCNC(=O)C(CCCCCOC(=O)CCCCCCCC)NCCN(C(C)C)C(C)C,-0.1690558
CCCCCCCCCCCCCCNC(=O)C(CCCCCOC(=O)CCCCCCCCC#C)NCCN1CCCC1,0.7217473
CCCCCCCCCCCCNC(=O)C(CCCCCOC(=O)CCCCCCCCC#C)NC1CCNCC1,-1.2833185
CCCCCCCCCCCCCCCCNC(=O)C(CCCCCOC(=O)CCCCCCC\C=C/C\C=C/CCCCC)NN1CCCCC1,-1.0855868
CCCCCCCCCCCOP(=O)(O)OCCNCCN(CCNCCN(CCNCCOP(=O)(O)OCCCCCCCCCCC)CCOP(=O)(O)OCCCCCCCCCCC)CCOP(=O)(O)OCCCCCCCCCCC,-0.44916457
CCCCCCOP(=O)(O)OCCNCCNCCNCCNCCOP(=O)(O)OCCCCCC,-0.03458127
CCCCCCCC\C=C/CCCCCCCCNC(=O)C(CCCCCOC(=O)CCCCCCCCC=C)NCCCN(CCCC)CCCC,1.0152948
CCCCCCCCCCCCNC(=O)C(CCCCCOC(=O)CCC(C)CCCCC)NC1CCNCC1,-0.98101413
CCCCCCCC\C=C/CCCCCCCCNC(=O)C(CCCCCOC(=O)CCC(C)CCCCC)NCCCN1CCCC1,2.0413237
CCCCCCCCCCCCCCCCCCNC(=O)C(CCCCCOC(=O)CCCCCCCCC#C)NCCN1CCCC1,0.3736507
CCCCCCCCCCCCCCCOP(=O)(O)OCCNCCCN1CCN(CCCNCCOP(=O)(O)OCCCCCCCCCCCCCCC)CC1,-1.0079756
CCCCCCCCCCCCCCOP(=O)(O)OCCNCCCNCCCN(CCCNCCOP(=O)(O)OCCCCCCCCCCCCCC)CCOP(=O)(O)OCCCCCCCCCCCCCC,0.04186285
CCCCCCCCCCCCCCCCNC(=O)C(CCCCCOC(=O)CCC(C)CCCCC)NCCCN(C)CCCN,-0.83858883
CCCCCCCCCCCCCCCCNC(=O)C(CCCCCOC(=O)CCCCCCCCCC)NCCCN1CCOCC1,0.08703152
CCCCCCCC\C=C/CCCCCCCCNC(=O)C(CCCCCOC(=O)CCCCCCC\C=C/CCCCCCCC)NCCCN(C)C,-0.76190376
CCCCCCCCCCCCNC(=O)C(CCCCCOC(=O)CCCCCCCCC)NCCN(CC)CC,-0.045064382
CCCCCCCCCCCCCCCOP(=O)(O)OCCNCCCN(CCCN(CCCNCCOP(=O)(O)OCCCCCCCCCCCCCCC)CCOP(=O)(O)OCCCCCCCCCCCCCCC)CCOP(=O)(O)OCCCCCCCCCCCCCCC,-1.147764
CCCCCCOP(=O)(O)OCCNCCCN1CCN(CCCNCCOP(=O)(O)OCCCCCC)CC1,-0.024205737
CCCCCCCCCCCCCCOP(=O)(O)OCC[N+](CCCCCCCC)(CCCCCCCC)CCCCCCCC,0.93839604
CCCCCCCCCCCCCCCCNC(=O)C(CCCCCOC(=O)CCCCCCCCC)NCCCN(CCCC)CCCC,1.1291945
CCCCCCCCCOP(=O)(O)OCCNCCN(CCN)CCNCCOP(=O)(O)OCCCCCCCCC,0.27863425
CCCCCCCCCCCCCCNC(=O)C(CCCCCOC(=O)CCC(C)CCCCC)NCCN1CCCC1,1.9273381
CCCCCCCCCCCOP(=O)(O)OCCN(CCCC)CCCC,0.9190719
CCCCCCCCOP(=O)(O)OCCNCCCN1CCN(CCCN(CCOP(=O)(O)OCCCCCCCC)CCOP(=O)(O)OCCCCCCCC)CC1,-0.21820046
CCCCCCCCCCCCCCCCCCNC(=O)C(CCCCCOC(=O)CCCCCCCCCCCCCCCCC)NCCCN(C)C,0.6827664
N(CCC(=O)OCCOC(=O)C(C)CSC/C=C(C)/CC/C=C(C)/CCC=C(C)C)(CCC(=O)OCCOC(=O)C(C)CSC/C=C(C)/CC/C=C(C)/CCC=C(C)C)CCCN(C)C,-0.7125368
CCCCCCCCCCCCNC(=O)C(CCCCCOC(=O)CCCCCCC\C=C/C\C=C/CCCCC)NCC1CCCN1CC,-1.4906741
CCCCCCCCCCCCNC(=O)C(CCCCCOC(=O)CCC(C)CCCCC)NCCN(CC)CC,0.47197768
CCCCCCCCCCC(=O)OCCCCCC(NCCCN1CCCC1)C(=O)NCCCCCCCC\C=C/CCCCCCCC,1.4047343
CCCCCCCCCCCCNC(=O)C(CCCCCOC(=O)CCCCCCCCC#C)NCCCN(C)C,-0.22251715
CCCCCCCCCCCCCCCCCC(=O)OCCCCCC(NCCN1CCCCC1)C(=O)NCCCCCCCCCCCCCC,0.67842466
CCCCOP(=O)(O)OCCN(CCOP(=O)(O)OCCCC)CCN1CCN(CCOP(=O)(O)OCCCC)CC1,-0.097715326
CCCCCCCCCCCCNC(=O)C(CCCCCOC(=O)CCCCCCCCC#C)NC1=CNN=C1,0.6246523
CCCCCCCCCCCCNC(=O)C(CCCCCOC(=O)CCCCCCCCC)NCCN1CCNCC1,-0.82174736
CCCCCCCCCCCCCCCOP(=O)(O)OCCNCCCCCCCCCCCCCC,0.30178043
CCCCCCCCCCCCCCCCNC(=O)C(CCCCCOC(=O)CCCCCCC\C=C/C\C=C/CCCCC)NCCN(CC)CC,1.0172806
CCCCCCCCCCCCCCCCCC(=O)OCCCCCC(NCCCN(CCCC)CCCC)C(=O)NCCCCCCCCCCCC,1.4505563
N(CCC(=O)OCCOC(=O)C(C)CSC/C=C(C)\CCC=C(C)C)(CCC(=O)OCCOC(=O)C(C)CSC/C=C(C)\CCC=C(C)C)CCCN1CCN(CCCN(CCC(=O)OCCOC(=O)C(C)CSC/C=C(C)\CCC=C(C)C)(CCC(=O)OCCOC(=O)C(C)CSC/C=C(C)\CCC=C(C)C))CC1,-0.6167446
CCCCCCCCCCCCN(CCCCCCCCCCCC)CCOP(=O)(O)OCCCCCC,1.1781503
CCCCCCCCCCCCCCCC(=O)OCCCCCC(NCCN(C)C)C(=O)NCCCCCCCC\C=C/CCCCCCCC,0.5600071
CCCCCCCCCCCCCCNC(=O)C(CCCCCOC(=O)CCCCCCC\C=C/C\C=C/CCCCC)NCCCN(C)CCCN,-0.87185043
CCCCCCCCCCCCCCCOP(=O)(O)OCCN(CCCCCCCCCC)CCCCCCCCCC,2.2440002
OCCN(CCC(=O)OCCOC(=O)C(C)CSCCC/C=C\C)CCCN(CCC(=O)OCCOC(=O)C(C)CSCCC/C=C\C)(CCC(=O)OCCOC(=O)C(C)CSCCC/C=C\C),-0.95494086
CCCCCCCCCCCCCCNC(=O)C(CCCCCOC(=O)\C=C\CCCCCCC)NCCN1CCNCC1,-0.9822369
CCCCCCCCCCCOP(=O)(O)OCC[N+](CCCC)(CCCC)CCCC,1.0107752
CCCCCCCCCCCCCCCCCCNC(=O)C(CCCCCOC(=O)CCCCCCCC)NC1=CNN=C1,2.216488
CCCCCCCCCCOP(=O)(O)OCCNCCN(CCOP(=O)(O)OCCCCCCCCCC)CCN(CCOP(=O)(O)OCCCCCCCCCC)CCN(CCNCCOP(=O)(O)OCCCCCCCCCC)CCOP(=O)(O)OCCCCCCCCCC,-0.6636981
CCCCCCCCCCCCCCOP(=O)(O)OCCN(CCCCCCCC)CCCCCCCC,2.2295456
CCCCCCCCCCCCCCCCNC(=O)C(CCCCCOC(=O)\C=C\CCCCCCC)NCC1CCCN1CC,-1.1095991
CCCCCCCCN(CCCCCCCC)CCOP(=O)(O)OCCCC,0.096141465
CCCCCCCC\C=C/CCCCCCCCNC(=O)C(CCCCCOC(=O)CCCCCCCCC=C)NC1CCNCC1,-0.96958464
CCCCCCCCCCCCCCCC(=O)OCCCCCC(NCCCN(C)CCCN)C(=O)NCCCCCCCCCCCCCC,-1.3269697
CCCCCCCCCCCCCCCCOP(=O)(O)OCCNCCCCCCCCCCCC,0.32929754
CCCCCCCCCCCCNC(=O)C(CCCCCOC(=O)CCCCCCCC)NCCN(CCN)CCN,-0.18264243
CCCCCCCCCCCCCCNC(=O)C(CCCCCOC(=O)CCCCCCCCCC)NC1CCN(C)CC1,0.38047552
CCCCOP(=O)(O)OCCNCCN(CCNCCOP(=O)(O)OCCCC)CCN(CCOP(=O)(O)OCCCC)CCOP(=O)(O)OCCCC,-0.16682073
CCCCCCCCCCCCCCNCCOP(=O)(O)OCCCCCCCCC,0.69150007
CCCCCCCCCCCCCCCCNC(=O)C(CCCCCOC(=O)CCCCCCCCCC)NC1CCNCC1,-1.3572696
CCCCCCCCCCCCCCCCCCNC(=O)C(CCCCCOC(=O)CCCCCCCCCC)NCCN(CC)CC,0.5009202
CCCCCCCCCCCCOP(=O)(O)OCCN(CCCCCCCC)CCCCCCCC,1.604518
CCCCCCCCCCCCCCCCNC(=O)C(CCCCCOC(=O)\C=C\CCCCCCC)NCCN1CCNCC1,-1.153543
CCCCCCCCCCCCCCCCCCNC(=O)C(CCCCCOC(=O)CCCCCCCC)NCCN1CCCCC1,0.5324604
CCCCCCCCCCCCCCCCCC(=O)OCCCCCC(NC1=CNN=C1)C(=O)NCCCCCCCCCCCC,0.6581595
CCCCCCCCCCCCNC(=O)C(CCCCCOC(=O)CCCCCCCCC#C)NCCN(CC)CC,-0.46422172
CCCCCCCC\C=C/CCCCCCCCNC(=O)C(CCCCCOC(=O)CCCCCCCC)NCCCN1CCOCC1,0.54052293
CCCCCCCCCCCCCCOP(=O)(O)OCC[N+](CCCCCC)(CCCCCC)CCCCCC,1.157867
CCCCCCCCCCCCCCCCNC(=O)C(CCCCCOC(=O)CCCCCCCCC)NCCCN(CC)CC,0.021756066
CCCCCCCCCCCCNC(=O)C(CCCCCOC(=O)CCCCCCCCC=C)NCCCN(C)CCCN,-1.3669947
CCCCCCCCCCCCCCCCCCNC(=O)C(CCCCCOC(=O)CCCCCCCC)NCCN(C)C,0.062468685
CCCCCCCC\C=C/CCCCCCCCNC(=O)C(CCCCCOC(=O)CCC(C)CCCCC)NCCCN(C)C,1.9920805
CCCCCOP(=O)(O)OCCNCCCN(CCCNCCOP(=O)(O)OCCCCC)CCOP(=O)(O)OCCCCC,-0.40921187
CCCCCCCCCCCCNC(=O)C(CCCCCOC(=O)CCCCCCCC)NCCN1CCCCC1,-0.13353145
CCCCCCCCCOP(=O)(O)OCCNCCNCCNCCNCCNCCOP(=O)(O)OCCCCCCCCC,0.26920012
CCCCCCCCCCCCCCCCNC(=O)C(CCCCCOC(=O)CCC(C)CCCCC)NC1CCN(C)CC1,-0.2464311
CCCCCCCCCCCCNC(=O)C(CCCCCOC(=O)CCCCCCC\C=C/CCCCCCCC)NCCCN1CCCC1,0.8842149
CCCCCCCCCCCCCCCCNC(=O)C(CCCCCOC(=O)CCCCCCCCCC)NCC1CCCN1CC,-1.0993646
CCCCCCCCCCCCCCCCN(CCCCCCCCCCCCCCCC)CCOP(=O)(O)OCCCCCCCCC,0.62192255
CCCCCCCCCCCCCCCCNC(=O)C(CCCCCOC(=O)CCCCCCC\C=C/CCCCCCCC)NCCCN(CC)CC,0.26425827
CCCCCCN(CCCCCC)CCOP(=O)(O)OCCCCC,0.014792371
CCCCCCCCCCCCCCNC(=O)C(CCCCCOC(=O)CCCCCCCC)NN1CCCCC1,-0.19772974
CCCCCCCC\C=C/CCCCCCCCNC(=O)C(CCCCCOC(=O)CCCCCCC\C=C/CCCCCCCC)NC1CCNCC1,-1.1319213
CCCCCCCCOP(=O)(O)OCCNCCN(CCOP(=O)(O)OCCCCCCCC)CCN(CCOP(=O)(O)OCCCCCCCC)CCN(CCNCCOP(=O)(O)OCCCCCCCC)CCOP(=O)(O)OCCCCCCCC,0.7978634
CCCCCCCCCCCCCCCCNC(=O)C(CCCCCOC(=O)CCCCCCC\C=C/CCCCCCCC)NCCN(CC)CC,1.0326805
CCCCCCCCCCCCCCNC(=O)C(CCCCCOC(=O)\C=C\CCCCCCC)NCCN1CCCCC1,0.87889284
CCCCCCCCCCCCCCCCNC(=O)C(CCCCCOC(=O)CCCCCCCCCCCCCCC)NCCN(C(C)C)C(C)C,-0.22374104
CCCCCCCCCCCCCCCC(=O)OCCCCCC(NN1CCCCC1)C(=O)NCCCCCCCCCCCCCC,0.46735135
CCCCCCCCCCCCNCCOP(=O)(O)OCCCCCC,-0.037783656
CCCCCCCCCCCCCCCCCCNC(=O)C(CCCCCOC(=O)CCCCCCCCCCCCCCC)NCCN(CCN)CCN,0.25553173
OCCN(CCC(=O)OCCOC(=O)C(C)CSCCCCCCCC)CCCN(CCC(=O)OCCOC(=O)C(C)CSCCCCCCCC)(CCC(=O)OCCOC(=O)C(C)CSCCCCCCCC),-0.066878885
CCCCCCCC\C=C/CCCCCCCCNC(=O)C(CCCCCOC(=O)CCCCCCCCC=C)NC1CCN(C)CC1,0.54147404
OCCN(CCC(=O)OCCOC(=O)C(C)CSCCC/C=C/C)CCCN(CCC(=O)OCCOC(=O)C(C)CSCCC/C=C/C)(CCC(=O)OCCOC(=O)C(C)CSCCC/C=C/C),-0.95494086
CCCCCCCC\C=C/CCCCCCCCNC(=O)C(CCCCCOC(=O)CCCCCCCCC#C)NCCN1CCCCC1,0.8085563
CCCCCCCCCCCCCCNC(=O)C(CCCCCOC(=O)\C=C\CCCCCCC)NC1=CC(C)=NN1C,0.5537906
CCCCCCCCCCCCCCCCNC(=O)C(CCCCCOC(=O)CCCCCCC\C=C/CCCCCCCC)NC1=CC(C)=NN1C,-1.1528709
N(CCC(=O)OCCOC(=O)C(C)CSCCCCCC)(CCC(=O)OCCOC(=O)C(C)CSCCCCCC)CCCN(C)C,-0.6550096
CCCCCCCCCCCCCCCCNC(=O)C(CCCCCOC(=O)CCCCCCC\C=C/CCCCCCCC)NCCCN(C)C,-0.335634
CCCCOP(=O)(O)OCCNCCNCCN(CCNCCOP(=O)(O)OCCCC)CCOP(=O)(O)OCCCC,-0.18537362
CCCCCCCCCCCCCCCCCC(=O)OCCCCCC(NN1CCOCC1)C(=O)NCCCCCCCC\C=C/CCCCCCCC,0.6240718
CCCCCCCCCCCCCCOP(=O)(O)OCC[N+](CCCC)(CCCC)CCCC,0.5317671
CCCCCCCCCC(=O)OCCCCCC(NCCN(CC)CC)C(=O)NCCCCCCCC\C=C/CCCCCCCC,1.0174131
CCCCCCCCCCCCCCCCNC(=O)C(CCCCCOC(=O)CCCCCCCCCC)NN1CCCCC1,0.507446
CCCCCCCCCCCCCCNC(=O)C(CCCCCOC(=O)CCCCCCCC)NCCCN(CC)CC,0.32835284
OCCN(CCC(=O)OCCOC(=O)C(C)CSC/C=C(C)/CC/C=C(C)/CCC=C(C)C)CCCN(CCC(=O)OCCOC(=O)C(C)CSC/C=C(C)/CC/C=C(C)/CCC=C(C)C)(CCC(=O)OCCOC(=O)C(C)CSC/C=C(C)/CC/C=C(C)/CCC=C(C)C),-0.76952654
CCCCCCCCCCCCCCOP(=O)(O)OCCNCCN(CCNCCOP(=O)(O)OCCCCCCCCCCCCCC)CCNCCOP(=O)(O)OCCCCCCCCCCCCCC,-0.37899825
CCCCCCCCCCCCCCCCOP(=O)(O)OCCNCCCCCCCC,0.31318507
CCCCCCCCCCCCCCNC(=O)C(CCCCCOC(=O)CCCCCCCCC=C)NCC1CCCN1CC,-1.0732405
CCCCCCCOP(=O)(O)OCCN(C)CCN(CCNC)CCN(C)CCOP(=O)(O)OCCCCCCC,-0.25503027
CCCCCCCCCCCCCCCOP(=O)(O)OCCNCCCN(CCCN(C)C)CCOP(=O)(O)OCCCCCCCCCCCCCCC,-0.8730954
CCCCCCCCCCCCNC(=O)C(CCCCCOC(=O)CCCCCCCCC#C)NCCCN1CCCC1,-0.34000114
CCCCCCCCCCOP(=O)(O)OCCNCCN(CCN)CCNCCOP(=O)(O)OCCCCCCCCCC,0.5122776
CCCCCCCCCCOP(=O)(O)OCCNCCCN(CCCNCCOP(=O)(O)OCCCCCCCCCC)CCOP(=O)(O)OCCCCCCCCCC,0.5041723
CCCCCCCCCCCCNC(=O)C(CCCCCOC(=O)CCCCCCCCCC)NCC1CCCN1CC,-1.1525971
CCCCCCCCCCCCCCNC(=O)C(CCCCCOC(=O)CCCCCCC\C=C/C\C=C/CCCCC)NC1CCN(C)CC1,-1.0087931
CCCCCCCCCOP(=O)(O)OCCNCCNCCNCCN(CCNCCOP(=O)(O)OCCCCCCCCC)CCOP(=O)(O)OCCCCCCCCC,1.268435
CCCCCCCCCCCCCCCCCCNC(=O)C(CCCCCOC(=O)CCCCCCCCC)NCCN(CCN)CCN,0.81565017
CCCCCCCCCCCCCCCCCCNC(=O)C(CCCCCOC(=O)CCCCCCCC)NC1=CC(C)=NN1C,-0.16141087
CCCCCCCC\C=C/CCCCCCCCNC(=O)C(CCCCCOC(=O)CCCCCCC\C=C/C\C=C/CCCCC)NCCN1CCNCC1,-0.87574273
CCCCCCCCCCCCCCCOP(=O)(O)OCCN(CCCN1CCN(CCCN(CCOP(=O)(O)OCCCCCCCCCCCCCCC)CCOP(=O)(O)OCCCCCCCCCCCCCCC)CC1)CCOP(=O)(O)OCCCCCCCCCCCCCCC,-1.2599447
CCCCCCCC\C=C/CCCCCCCCNC(=O)C(CCCCCOC(=O)CCCCCCCCC=C)NCCCN(CC)CC,0.6611935
CCCCCCCCCCCCCCCCNC(=O)C(CCCCCOC(=O)CCCCCCCC)NCCCN1CCOCC1,-0.3559842
CCCCCCCCCCCCCCCCCCNC(=O)C(CCCCCOC(=O)CCCCCCCCCC)NCCN(C(C)C)C(C)C,0.25203103
CCCCCCCOP(=O)(O)OCCNCCCN(CCCN(CCCNCCOP(=O)(O)OCCCCCCC)CCOP(=O)(O)OCCCCCCC)CCOP(=O)(O)OCCCCCCC,0.032987915
CCCCCCCC\C=C/CCCCCCCCNC(=O)C(CCCCCOC(=O)CCCCCCC\C=C/CCCCCCCC)NCCCN(CC)CC,0.32807556
CCCCCCCCCCCCOP(=O)(O)OCCNCCNCCNCCNCCNCCOP(=O)(O)OCCCCCCCCCCCC,-0.04478157
N(CCC(=O)OCCOC(=O)C(C)CSCC/C=C/CC)(CCC(=O)OCCOC(=O)C(C)CSCC/C=C/CC)CCN(C)C,-0.7060008
CCCCCCCCCCCCCCNC(=O)C(CCCCCOC(=O)CCCCCCC\C=C/CCCCCCCC)NCCCN(C)C,-0.701323
CCCCCCCCCCCCN(CCCCCCCCCCCC)CCOP(=O)(O)OCCCCCCCC,0.60245097
CCCCCCCOP(=O)(O)OCCNCCCN(CCCNCCOP(=O)(O)OCCCCCCC)CCOP(=O)(O)OCCCCCCC,-0.0039909016
CCCCCCCCCCCCCOP(=O)(O)OCCNCCCNCCCNCCCNCCOP(=O)(O)OCCCCCCCCCCCCC,-1.1098157
CCCCCCCC\C=C/CCCCCCCCNC(=O)C(CCCCCOC(=O)\C=C\CCCCCCC)NN1CCOCC1,1.0261089
CCCCCCCCCCCCCCCCNC(=O)C(CCCCCOC(=O)CCC(C)CCCCC)NCCN1CCNCC1,-0.2134916
CCCCCCCCCCCCNC(=O)C(CCCCCOC(=O)\C=C\CCCCCCC)NC1CCN(C)CC1,0.5421916
CCCCCCCCCCCCCCCOP(=O)(O)OCCN(C)CCN(CCN(C)CCOP(=O)(O)OCCCCCCCCCCCCCCC)CC[N+](C)(CCOP(=O)(O)OCCCCCCCCCCCCCCC)CCOP(=O)(O)OCCCCCCCCCCCCCCC,-1.2759224
CCCCCCCCCCCOP(=O)(O)OCCNCCCN1CCN(CCCNCCOP(=O)(O)OCCCCCCCCCCC)CC1,-0.77437234
CCCCCCCCCCCCCCNC(=O)C(CCCCCOC(=O)CCCCCCCCC)NCCN(C)C,0.006329516
CCCCCCCCOP(=O)(O)OCCNCCCCCC,0.7484639
N(CCC(=O)OCCOC(=O)C(C)CSCCC(C)CCC=C(C)C)(CCC(=O)OCCOC(=O)C(C)CSCCC(C)CCC=C(C)C)CCCN(C)C,0.10438366
CCCCCCCCCCCCCCCCCCNC(=O)C(CCCCCOC(=O)CCCCCCCCC=C)NCCN(CCN)CCN,0.2988912
CCCCCCCCCCC(=O)OCCCCCC(NCCN1CCNCC1)C(=O)NCCCCCCCC\C=C/CCCCCCCC,-0.90118563
CCCCCCCCCCCCCCCCCCNC(=O)C(CCCCCOC(=O)CCCCCCCCC=C)NCCCN(CC)CC,0.44211495
CCCCCCCCCCCCCCNC(=O)C(CCCCCOC(=O)CCCCCCCCC=C)NCCN1CCCCC1,0.6247986
CCCCCCCCCCOP(=O)(O)OCC[N+](CCCCCCCCCC)(CCCCCCCCCC)CCCCCCCCCC,0.8280102
CCCCCCCCCCCCNC(=O)C(CCCCCOC(=O)\C=C\CCCCCCC)NCCN(C)C,-0.43205273
CCCCCCCCCCCCCCCC(=O)OCCCCCC(NCCN(CCN)CCN)C(=O)NCCCCCCCCCCCCCC,0.30739984
CCCCCCCCCCCCCOP(=O)(O)OCCNCCCCCC,1.145797
CCCCOP(=O)(O)OCCNCCCN1CCN(CCCN(CCOP(=O)(O)OCCCC)CCOP(=O)(O)OCCCC)CC1,0.08985755
CCCCCCCCCCCCNC(=O)C(CCCCCOC(=O)CCCCCCCC)NCCN(C(C)C)C(C)C,-0.44136456
CCCCCCCOP(=O)(O)OCCN(C)CCN(CCN(C)CCOP(=O)(O)OCCCCCCC)CC[N+](C)(CCOP(=O)(O)OCCCCCCC)CCOP(=O)(O)OCCCCCCC,-0.33604002
CCCCCCCCCCCCCCCCNC(=O)C(CCCCCOC(=O)CCC(C)CCCCC)NCCCN(CCCC)CCCC,1.604754
CCCCCCCCCCCCCOP(=O)(O)OCCNCCN(CCN)CCNCCOP(=O)(O)OCCCCCCCCCCCCC,-0.5793896
CCCCCCCCCCCCCCCCCCNC(=O)C(CCCCCOC(=O)CCCCCCCCCCCCCCCCC)NCCCN(C)CCCN,-1.2832837
CCCCCCCCCCCCCCCCCCNC(=O)C(CCCCCOC(=O)CCC(C)CCCCC)NCCN1CCCC1,2.3151414
CCCCCCCCCCCCCCCCNC(=O)C(CCCCCOC(=O)CCCCCCCCC=C)NCCCN(C)C,-0.027017925
CCCCCCCCCCCCCCCCNC(=O)C(CCCCCOC(=O)CCCCCCC\C=C/C\C=C/CCCCC)NCCN1CCCCC1,-1.0334613
CCCCCCCCCCCCNC(=O)C(CCCCCOC(=O)CCCCCCC\C=C/CCCCCCCC)NCCN1CCCCC1,-0.11146876
CCCCCCCCCCCCNC(=O)C(CCCCCOC(=O)CCCCCCC\C=C/CCCCCCCC)NCCN(CCN)CCN,0.083651945
CCCCCCCCCCCCN(CCCCCCCCCCCC)CCOP(=O)(O)OCCCCC,1.0968326
CCCCCCCCCCCCOP(=O)(O)OCCNCCCCCCCCCC,0.60556763
CCCCCCCCNCCOP(=O)(O)OCCCCCC,0.74326986
CCCCCCCCCCOP(=O)(O)OCCN(CCCN1CCN(CCCN(CCOP(=O)(O)OCCCCCCCCCC)CCOP(=O)(O)OCCCCCCCCCC)CC1)CCOP(=O)(O)OCCCCCCCCCC,0.14313117
CCCCCCCCCCCCCOP(=O)(O)OCCN(CCCC)CCCC,0.39748368
CCCCCCCCNCCOP(=O)(O)OCCCCCCC,0.3237104
CCCCCCCCCCCCCCCCCCNC(=O)C(CCCCCOC(=O)CCC(C)CCCCC)NCCN1CCCCC1,2.2033207
CCCCCCCCCCCCN(CCCCCCCCCCCC)CCOP(=O)(O)OCCCCCCC,0.99223375
CCCCCCCCCOP(=O)(O)OCCNCCCNCCCNCCCNCCOP(=O)(O)OCCCCCCCCC,-0.16992977
N(CCC(=O)OCCOC(=O)C(C)CSC/C=C(C)\CCC=C(C)C)(CCC(=O)OCCOC(=O)C(C)CSC/C=C(C)\CCC=C(C)C)CCCN(C)C,-1.1847925
CCCCCCCCCCCCCCCCOP(=O)(O)OCCN(C)CCN(CCN(C)CCOP(=O)(O)OCCCCCCCCCCCCCCCC)CC[N+](C)(CCOP(=O)(O)OCCCCCCCCCCCCCCCC)CCOP(=O)(O)OCCCCCCCCCCCCCCCC,-1.2811985
CCCCCCCCCCCCCCCCCCNC(=O)C(CCCCCOC(=O)CCCCCCC\C=C/CCCCCCCC)NCCN1CCNCC1,-1.4728801
CCCCCCOP(=O)(O)OCCNCCN(CCNCCOP(=O)(O)OCCCCCC)CCNCCOP(=O)(O)OCCCCCC,-1.0026884
CCCCCCCOP(=O)(O)OCC[N+](CCCCCC)(CCCCCC)CCCCCC,-0.7628707
CCCCCCCCCCCCCOP(=O)(O)OCCNCCN1CCN(CCOP(=O)(O)OCCCCCCCCCCCCC)CC1,-0.26889282
CCCCCCCCCCCCCCCCNC(=O)C(CCCCCOC(=O)CCCCCCC\C=C/C\C=C/CCCCC)NCCCN(CC)CC,0.9629623
CCCCCCCOP(=O)(O)OCCNCCCNCCCNCCCNCCOP(=O)(O)OCCCCCCC,-0.06682328
CCCCCCCCCCCCCCCCCCNC(=O)C(CCCCCOC(=O)CCC(C)CCCCC)NC1=CC(C)=NN1C,0.47351083
N(CCC(=O)OCCOC(=O)C(C)CSCCC/C=C\C)(CCC(=O)OCCOC(=O)C(C)CSCCC/C=C\C)CCCN(C)C,-1.0177455
CCCCCCCCCCCCCCCCNC(=O)C(CCCCCOC(=O)CCCCCCCCCC)NC1=CNN=C1,0.8518751
CCCCCCCCCCCCCOP(=O)(O)OCCNCCCNCCCNCCOP(=O)(O)OCCCCCCCCCCCCC,-0.34871057
CCCCCCCCCCCCCCCCOP(=O)(O)OCCN(CCOP(=O)(O)OCCCCCCCCCCCCCCCC)CCN1CCN(CCOP(=O)(O)OCCCCCCCCCCCCCCCC)CC1,-1.1746073
CCCCCCCCCCCCCCCCCCNC(=O)C(CCCCCOC(=O)CCCCCCCCC#C)NCCN1CCNCC1,-1.4251081
CCCCCCCCCCCCCCNC(=O)C(CCCCCOC(=O)CCCCCCCCC#C)NCCCN(C)CCCN,-1.0888916
CCCCCCCCCCCCNC(=O)C(CCCCCOC(=O)CCC(C)CCCCC)NCCN1CCNCC1,-0.2622301
N(CCC(=O)OCCOC(=O)C(C)CSC/C=C\CCC)(CCC(=O)OCCOC(=O)C(C)CSC/C=C\CCC)CCCN(C)CCCN(CCC(=O)OCCOC(=O)C(C)CSC/C=C\CCC)(CCC(=O)OCCOC(=O)C(C)CSC/C=C\CCC),-0.07933093
CCCCCCCCCCCCCCN(CCCCCCCCCCCCCC)CCOP(=O)(O)OCCCCCCCCCCCC,1.1450015
CCCCCCCCCCCCNC(=O)C(CCCCCOC(=O)CCCCCCC\C=C/CCCCCCCC)NN1CCOCC1,-0.5928365
N(CCC(=O)OCCOC(=O)C(C)CSC/C=C\C/C=C\CC)(CCC(=O)OCCOC(=O)C(C)CSC/C=C\C/C=C\CC)CCCN1CCN(CCCN(CCC(=O)OCCOC(=O)C(C)CSC/C=C\C/C=C\CC)(CCC(=O)OCCOC(=O)C(C)CSC/C=C\C/C=C\CC))CC1,0.22753881
CCCCCCOP(=O)(O)OCCNCCN(CCN)CCNCCOP(=O)(O)OCCCCCC,-0.12689707
CCCCCCCCCCCCNC(=O)C(CCCCCOC(=O)CCCCCCCCC#C)NCC1CCCN1CC,-1.2407496
CCCCCCCCCCCCCCCC(=O)OCCCCCC(NCCCN(C)CCCN)C(=O)NCCCCCCCC\C=C/CCCCCCCC,-1.4067305
N(CCC(=O)OCCOC(=O)C(C)CSCCC/C=C\C)(CCC(=O)OCCOC(=O)C(C)CSCCC/C=C\C)CCCN1CCN(C)CC1,0.4644333
CCCCCCCCCCCCCCCCCCNC(=O)C(CCCCCOC(=O)CCCCCCCCC#C)NCCN1CCCCC1,0.293674
CCCCCCCCCCCCCCCC(=O)OCCCCCC(NCCN1CCCC1)C(=O)NCCCCCCCC\C=C/CCCCCCCC,0.91206264
CCCCCCCCOP(=O)(O)OCC[N+](CCCC)(CCCC)CCCC,-0.930959
CCCCCCCCCCCCCCNC(=O)C(CCCCCOC(=O)CCCCCCC\C=C/CCCCCCCC)NCCN(CC)CC,1.0999409
CCCCCCCCCCCCCCNC(=O)C(CCCCCOC(=O)CCCCCCCCC#C)NCCCN1CCCC1,0.09079368
CCCCCCCCCCCCCCCCNC(=O)C(CCCCCOC(=O)\C=C\CCCCCCC)NCCN(CCN)CCN,0.21506017
CCCCCCCOP(=O)(O)OCCNCCN(CCNCCOP(=O)(O)OCCCCCCC)CCNCCOP(=O)(O)OCCCCCCC,-0.5238893
CCCCCCCCCCCC[N+](CCCCCCCCCCCC)(CCCCCCCCCCCC)CCOP(=O)(O)OCCCCC,-1.05011
CCCCCCCCCCCCCCOP(=O)(O)OCCNCCNCCNCCNCCOP(=O)(O)OCCCCCCCCCCCCCC,-0.33802253
CCCCCCCCCCCCCCCCCCNC(=O)C(CCCCCOC(=O)CCCCCCCCCCCCCCC)NN1CCOCC1,0.3884056
CCCCCCCCCCCCOP(=O)(O)OCCNCCNCCN(CCNCCOP(=O)(O)OCCCCCCCCCCCC)CCOP(=O)(O)OCCCCCCCCCCCC,-0.16761835
CCCCCCCC\C=C/CCCCCCCCNC(=O)C(CCCCCOC(=O)CCC(C)CCCCC)NCCN(CCN)CCN,0.4761705
CCCCCCCCCCCCCCCCCCNC(=O)C(CCCCCOC(=O)CCCCCCCCCCCCCCC)NCCN(C(C)C)C(C)C,0.27288628
CCCCCCCCCCCCCCNC(=O)C(CCCCCOC(=O)CCCCCCCCC#C)NCCN(CCN)CCN,0.23483437
CCCCCCCCCCCCCCCCNC(=O)C(CCCCCOC(=O)CCCCCCCC)NCCCN(CCCC)CCCC,-0.033847757
CCCCCCCC\C=C/CCCCCCCCNC(=O)C(CCCCCOC(=O)CCCCCCCCC#C)NCCCN(C)CCCN,-1.2272011
CCCCCCCC\C=C/CCCCCCCCNC(=O)C(CCCCCOC(=O)\C=C\CCCCCCC)NCCCN(CCCC)CCCC,1.9120461
CCCCCCCCCCCCCCCCOP(=O)(O)OCCNCCN(CCNCCOP(=O)(O)OCCCCCCCCCCCCCCCC)CCNCCOP(=O)(O)OCCCCCCCCCCCCCCCC,-0.94337875
CCCCCCCCCCCCCCNC(=O)C(CCCCCOC(=O)CCCCCCCCCC)NCCCN1CCCC1,0.4113915
CCCCCCCC\C=C/CCCCCCCCNC(=O)C(CCCCCOC(=O)CCCCCCCCC=C)NCCCN(C)CCCN,-1.2249383
CCCCCCCCCCCCNC(=O)C(CCCCCOC(=O)CCCCCCC\C=C/CCCCCCCC)NCCCN(C)CCCN,-0.7546275
CCCCCOP(=O)(O)OCCNCCNCCN(CCNCCOP(=O)(O)OCCCCC)CCOP(=O)(O)OCCCCC,-1.0664389
CCCCCCCCCCCCNC(=O)C(CCCCCOC(=O)CCCCCCCCC)NCCN(C)C,-0.5811733
CCCCCCCCCCCCCCCCCCNC(=O)C(CCCCCOC(=O)CCCCCCC\C=C/C\C=C/CCCCC)NN1CCOCC1,-1.3688836
CCCCCCCC\C=C/CCCCCCCCNC(=O)C(CCCCCOC(=O)CCCCCCCCC=C)NC1=CC(C)=NN1C,1.0136355
CCCCCCCC\C=C/CCCCCCCCNC(=O)C(CCCCCOC(=O)CCCCCCC\C=C/C\C=C/CCCCC)NCCN(CC)CC,0.91592205
CCCCCCCCCCCCCCCCCCNC(=O)C(CCCCCOC(=O)CCCCCCCC)NCCCN1CCOCC1,0.28415313
N(CCC(=O)OCCOC(=O)C(C)CSC/C=C\CCC)(CCC(=O)OCCOC(=O)C(C)CSC/C=C\CCC)CCCN1CCN(CCCN(CCC(=O)OCCOC(=O)C(C)CSC/C=C\CCC)(CCC(=O)OCCOC(=O)C(C)CSC/C=C\CCC))CC1,-0.8065716
CCCCCCCC\C=C/CCCCCCCCNC(=O)C(CCCCCOC(=O)CCC(C)CCCCC)NC1CCNCC1,-0.8846716
CCCCCCCCCCCCCCCCNC(=O)C(CCCCCOC(=O)CCCCCCCCC)NCCCN(C)CCCN,-1.36726
CCCCCCOP(=O)(O)OCCN(C)CCN(CCN(C)CCOP(=O)(O)OCCCCCC)CC[N+](C)(CCOP(=O)(O)OCCCCCC)CCOP(=O)(O)OCCCCCC,-1.14655
CCCCCCCCCCCCCCCCNC(=O)C(CCCCCOC(=O)CCCCCCCC)NCCN1CCCCC1,0.36489275
CCCCCCCC\C=C/CCCCCCCCNC(=O)C(CCCCCOC(=O)CCCCCCCCC=C)NCCCN1CCOCC1,0.9755776
CCCCCCCCCCCCCCCOP(=O)(O)OCCNCCN(CCN)CCNCCOP(=O)(O)OCCCCCCCCCCCCCCC,-0.58226115
CCCCCCCCCCCCCCCC(=O)OCCCCCC(NCCN1CCCC1)C(=O)NCCCCCCCCCCCC,0.5339354
CCCCCCCCCCCCNC(=O)C(CCCCCOC(=O)CCCCCCCC)NCCCN(C)CCCN,-1.0535085
CCCCCCCCCCCCCCCCNC(=O)C(CCCCCOC(=O)CCC(C)CCCCC)NCCN(C(C)C)C(C)C,1.0226109
CCCCCCCCCCCCCOP(=O)(O)OCCNCCCC,2.0618682
CCCCCCCCCCCCCCCCCCNC(=O)C(CCCCCOC(=O)CCC(C)CCCCC)NCCCN(C)CCCN,-0.7913419
CCCCCCCC\C=C/CCCCCCCCNC(=O)C(CCCCCOC(=O)CCCCCCCCC#C)NCCN(C)C,0.50604403
CCCCCCCCCCCCCCNC(=O)C(CCCCCOC(=O)CCCCCCCC)NCCCN1CCCC1,0.52383447
CCCCOP(=O)(O)OCCNCCN(CCOP(=O)(O)OCCCC)CCN(CCOP(=O)(O)OCCCC)CCN(CCNCCOP(=O)(O)OCCCC)CCOP(=O)(O)OCCCC,-0.82523656
CCCCCCCCCCCCCCCCCCNC(=O)C(CCCCCOC(=O)CCCCCCC\C=C/CCCCCCCC)NC1=CC(C)=NN1C,-1.0640934
CCCCCCCCOP(=O)(O)OCCNCCN(CCN)CCNCCOP(=O)(O)OCCCCCCCC,-0.41556236
CCCCCCCCCCCCCCCCNC(=O)C(CCCCCOC(=O)CCCCCCCCCC)NC1CCN(C)CC1,0.2247982
CCCCCCCCCCCCNC(=O)C(CCCCCOC(=O)CCCCCCC\C=C/C\C=C/CCCCC)NCCN(C)C,0.14974509
CCCCCCCOP(=O)(O)OCCNCCCN(CCCN(C)C)CCOP(=O)(O)OCCCCCCC,-0.1401034
CCCCCCCCOP(=O)(O)OCCN(CCCC)CCCC,-0.12645143
CCCCCCCCCCCCCCCCCCNC(=O)C(CCCCCOC(=O)\C=C\CCCCCCC)NCCCN(CCCC)CCCC,0.6332431
CCCCCCCCOP(=O)(O)OCCN(CCCN(C)C)CCCN(CCOP(=O)(O)OCCCCCCCC)CCOP(=O)(O)OCCCCCCCC,-0.89980054
CCCCCCCCCCCCCCCCCCNC(=O)C(CCCCCOC(=O)\C=C\CCCCCCC)NCCN1CCCCC1,0.7228075
CCCCCOP(=O)(O)OCCN(CCCN(C)C)CCCN(CCOP(=O)(O)OCCCCC)CCOP(=O)(O)OCCCCC,-0.96080667
CCCCCCCC\C=C/CCCCCCCCNC(=O)C(CCCCCOC(=O)CCCCCCCCC#C)NC1CCN(C)CC1,0.4363132
CCCCCCCCCCCCNC(=O)C(CCCCCOC(=O)CCC(C)CCCCC)NC1=CNN=C1,-0.015408056
CCCCCCCC\C=C/CCCCCCCCNC(=O)C(CCCCCOC(=O)CCCCCCCC)NCCCN1CCCC1,1.8382733
CCCCCCCCCCCCCOP(=O)(O)OCCNCCN(CCOP(=O)(O)OCCCCCCCCCCCCC)CCN(CCNCCOP(=O)(O)OCCCCCCCCCCCCC)CCOP(=O)(O)OCCCCCCCCCCCCC,-1.20745
CCCCCCCCCCCOP(=O)(O)OCCNCCCCCC,1.6802598
CCCCCCCC\C=C/CCCCCCCCNC(=O)C(CCCCCOC(=O)CCCCCCC\C=C/C\C=C/CCCCC)NCCCN(C)C,-0.87790805
CCCCCCCC\C=C/CCCCCCCCNC(=O)C(CCCCCOC(=O)CCC(C)CCCCC)NC1CCN(C)CC1,-0.239958
CCCCCCCCCCCCCCCCOP(=O)(O)OCCNCCCCCCCCCC,0.26151255
CCCCCCOP(=O)(O)OCCNCCCN(CCCNCCOP(=O)(O)OCCCCCC)CCOP(=O)(O)OCCCCCC,-0.12446659
CCCCCCCCCOP(=O)(O)OCCNCCCCCCCC,0.8244004
N(CCC(=O)OCCOC(=O)C(C)CSCCC(C)CCC=C(C)C)(CCC(=O)OCCOC(=O)C(C)CSCCC(C)CCC=C(C)C)CCCN1CCN(CCCN(CCC(=O)OCCOC(=O)C(C)CSCCC(C)CCC=C(C)C)(CCC(=O)OCCOC(=O)C(C)CSCCC(C)CCC=C(C)C))CC1,-0.40418044
CCCCCCCCCCCCOP(=O)(O)OCCNCCCNCCCNCCCNCCOP(=O)(O)OCCCCCCCCCCCC,-0.8720099
CCCCCCCCCCCCCCNC(=O)C(CCCCCOC(=O)CCCCCCC\C=C/C\C=C/CCCCC)NCCCN(CCCC)CCCC,-0.6635512
CCCCCCCCCCCCNC(=O)C(CCCCCOC(=O)CCCCCCCCCC)NCCN(CC)CC,-0.21821655
CCCCCCCCCCCCCCCCOP(=O)(O)OCCN(CCCN1CCN(CCCN(CCOP(=O)(O)OCCCCCCCCCCCCCCCC)CCOP(=O)(O)OCCCCCCCCCCCCCCCC)CC1)CCOP(=O)(O)OCCCCCCCCCCCCCCCC,-1.2579746
CCCCCCCCCCCCCCCCCC(=O)OCCCCCC(NC1=CC(C)=NN1C)C(=O)NCCCCCCCC\C=C/CCCCCCCC,0.61988854
CCCCCCCCCCCCCCCCCCNC(=O)C(CCCCCOC(=O)CCCCCCCCCCCCCCC)NCCCN(CCCC)CCCC,0.6913882
CCCCCCCCCCCCCCCCNC(=O)C(CCCCCOC(=O)CCCCCCCCC#C)NN1CCOCC1,0.12391486
CCCCCCCCCCCCCCCCNC(=O)C(CCCCCOC(=O)CCCCCCCCC)NC1=CNN=C1,1.3022536
CCCCCCCC\C=C/CCCCCCCCNC(=O)C(CCCCCOC(=O)CCCCCCC\C=C/CCCCCCCC)NCCN(CCN)CCN,-0.38706332
CCCCCCCCCCCCCCCCNC(=O)C(CCCCCOC(=O)CCCCCCCCC)NCCN1CCNCC1,-0.8495058
CCCCCCCCCCCCCCCCNC(=O)C(CCCCCOC(=O)\C=C\CCCCCCC)NC1=CNN=C1,0.6069965
CCCCCCCCCCCCCCNC(=O)C(CCCCCOC(=O)CCC(C)CCCCC)NN1CCCCC1,-0.46182474
CCCCCCCCCCCCCCCCCC(=O)OCCCCCC(NCCCN1CCCC1)C(=O)NCCCCCCCCCCCCCC,0.5842146
CCCCCCCCCCN(CCCCCCCCCC)CCOP(=O)(O)OCCCCCCC,1.1526027
CCCCCCCC\C=C/CCCCCCCCNC(=O)C(CCCCCOC(=O)CCCCCCCCC=C)NCCN(C)C,0.69175684
CCCCCCCCCCOP(=O)(O)OCCNCCCC,1.5348822
CCCCCCCCCCCCCCCCNC(=O)C(CCCCCOC(=O)CCCCCCCCC)NCCN(C)C,-0.4058518
CCCCCCCCCCCCCCCCCCNC(=O)C(CCCCCOC(=O)\C=C\CCCCCCC)NCCN(C)C,-0.18945846
CCCCCCCCCCCCCCCCCCNC(=O)C(CCCCCOC(=O)CCCCCCCCCCCCCCC)NCCCN1CCCC1,0.5751354
CCCCCCCCCCCCCCCCCCNC(=O)C(CCCCCOC(=O)CCCCCCC\C=C/CCCCCCCC)NCCN(C(C)C)C(C)C,0.34025466
CCCCCCCCCCCCCCNC(=O)C(CCCCCOC(=O)CCCCCCCCC)NC1=CC(C)=NN1C,0.6205329
CCCCCCCCCCCCCCCC(=O)OCCCCCC(NCCN1CCCCC1)C(=O)NCCCCCCCCCCCCCC,0.7515359
CCCCCCCCCCCCCCCCNC(=O)C(CCCCCOC(=O)CCCCCCCCCC)NCCCN(C)CCCN,-1.2320869
N(CCC(=O)OCCOC(=O)C(C)CSC/C=C\C/C=C\CC)(CCC(=O)OCCOC(=O)C(C)CSC/C=C\C/C=C\CC)CCCN1CCN(C)CC1,0.490025
CCCCCCCCCCCCNC(=O)C(CCCCCOC(=O)CCCCCCC\C=C/CCCCCCCC)NC1=CNN=C1,1.0195658
CCCCCCCCCCCCCCCCNC(=O)C(CCCCCOC(=O)CCCCCCCCCCCCCCC)NCC1CCCN1CC,-0.9446906
CCCCCCCCCCCCCOP(=O)(O)OCCN(C)CCN(CCNC)CCN(C)CCOP(=O)(O)OCCCCCCCCCCCCC,-0.95978445
CCCCCCCCCCCCNC(=O)C(CCCCCOC(=O)CCCCCCCCC=C)NCCN(C(C)C)C(C)C,0.59164345
CCCCCCCCCCCCCCCOP(=O)(O)OCCNCCNCCNCCNCCNCCOP(=O)(O)OCCCCCCCCCCCCCCC,-1.0099512
CCCCCCCC\C=C/CCCCCCCCNC(=O)C(CCCCCOC(=O)CCCCCCCCC=C)NCCN(CCN)CCN,0.22464454
CCCCCCCCCCCCCCCC(=O)OCCCCCC(NCCN(C)C)C(=O)NCCCCCCCCCCCC,-0.5061587
N(CCC(=O)OCCOC(=O)C(C)CSC/C=C\C/C=C\CC)(CCC(=O)OCCOC(=O)C(C)CSC/C=C\C/C=C\CC)CCN(C)C,-0.5904431
CCCCCCCCCCCCCCCCCC(=O)OCCCCCC(NCCCN(CCCC)CCCC)C(=O)NCCCCCCCCCCCCCCCC,1.1636319
CCCCCCCCCCCCCCCCNC(=O)C(CCCCCOC(=O)CCCCCCCCCCCCCCC)NN1CCCCC1,0.35883024
CCCCCCCCCCCCNC(=O)C(CCCCCOC(=O)CCCCCCCC)NCCCN(CCCC)CCCC,-0.31644964
CCCCCCCCCCCCCCNC(=O)C(CCCCCOC(=O)CCCCCCC\C=C/C\C=C/CCCCC)NC1CCNCC1,-0.9782292
CCCCCCCCCCCCNC(=O)C(CCCCCOC(=O)CCCCCCCCC=C)NCCCN(CCCC)CCCC,0.10244433
CCCCCCCCCCCCCCCCNC(=O)C(CCCCCOC(=O)CCCCCCC\C=C/C\C=C/CCCCC)NC1=CNN=C1,-0.48796818
CCCCCCCCCCCCCCCCCCNC(=O)C(CCCCCOC(=O)CCC(C)CCCCC)NCC1CCCN1CC,-0.6401209
CCCCCCOP(=O)(O)OCCNCCNCCNCCN(CCNCCOP(=O)(O)OCCCCCC)CCOP(=O)(O)OCCCCCC,-0.75162965
CCCCCCCCCCCCCCNC(=O)C(CCCCCOC(=O)CCCCCCCCCC)NC1=CNN=C1,1.1117074
CCCCCCCCCCCCNC(=O)C(CCCCCOC(=O)CCCCCCCCCC)NCCCN1CCOCC1,0.12251443
CCCCCCCCCCCCOP(=O)(O)OCCN(C)CCN(CCN(C)CCOP(=O)(O)OCCCCCCCCCCCC)CCN(C)CCOP(=O)(O)OCCCCCCCCCCCC,-0.32858306
CCCCCCCCCCCCCCCCCCNC(=O)C(CCCCCOC(=O)CCCCCCC\C=C/CCCCCCCC)NN1CCCCC1,-0.87912154
CCCCCCCCCCCCCCNC(=O)C(CCCCCOC(=O)CCCCCCCC)NC1=CC(C)=NN1C,-0.57717884
CCCCCCCCCCCCCCNC(=O)C(CCCCCOC(=O)\C=C\CCCCCCC)NCCCN1CCCC1,0.17499787
CCCCCCCCCCCOP(=O)(O)OCCN(CCCN(C)C)CCCN(CCOP(=O)(O)OCCCCCCCCCCC)CCOP(=O)(O)OCCCCCCCCCCC,-1.0136539
CCCCCCCCCCCC[N+](CCCCCCCCCCCC)(CCCCCCCCCCCC)CCOP(=O)(O)OCCCCCCCCCC,1.1159333
N(CCC(=O)OCCOC(=O)C(C)CSC/C=C\C/C=C\CC)(CCC(=O)OCCOC(=O)C(C)CSC/C=C\C/C=C\CC)CCCN(C)CCCN(CCC(=O)OCCOC(=O)C(C)CSC/C=C\C/C=C\CC)(CCC(=O)OCCOC(=O)C(C)CSC/C=C\C/C=C\CC),1.0676101
CCCCCCCCCCCCCCCCCCNC(=O)C(CCCCCOC(=O)CCCCCCCCC)NCC1CCCN1CC,-0.47510254
CCCCCCCCCCCCNC(=O)C(CCCCCOC(=O)CCCCCCC\C=C/C\C=C/CCCCC)NCCN1CCNCC1,-1.0537974
CCCCCCCCCCCCNC(=O)C(CCCCCOC(=O)CCCCCCCC)NCCCN1CCCC1,0.19410208
CCCCCCCCCCCCCCCCNC(=O)C(CCCCCOC(=O)CCCCCCCCCC)NN1CCOCC1,0.42805997
CCCCCCCCCCCCCCCCCCNC(=O)C(CCCCCOC(=O)CCCCCCC\C=C/C\C=C/CCCCC)NC1CCNCC1,-0.9488366
CCCCCCCCCCCCCCCOP(=O)(O)OCC[N+](CCCCCCCCCC)(CCCCCCCCCC)CCCCCCCCCC,0.17447577
CCCCCCCCCCCCCCCCOP(=O)(O)OCCNCCCN1CCN(CCCNCCOP(=O)(O)OCCCCCCCCCCCCCCCC)CC1,-1.2012295
CCCCCCOP(=O)(O)OCCN(C)CCN(CCNC)CCN(C)CCOP(=O)(O)OCCCCCC,-0.21523519
CCCCCCCCCCCCCCCCNC(=O)C(CCCCCOC(=O)CCCCCCCC)NC1=CNN=C1,2.0122092
CCCCCCCCCCCCCCCCCCNC(=O)C(CCCCCOC(=O)CCCCCCCCC)NCCN1CCCC1,1.0148879
CCCCCCCCCCCCCCCCNC(=O)C(CCCCCOC(=O)\C=C\CCCCCCC)NCCCN1CCCC1,0.2193404
CCCCCCCCCCCCCCCCCCNC(=O)C(CCCCCOC(=O)CCCCCCCCCCCCCCC)NCCCN(CC)CC,0.49072722
CCCCCCCCCCOP(=O)(O)OCC[N+](CCCCCCCC)(CCCCCCCC)CCCCCCCC,1.1850809
CCCCCCCCCCOP(=O)(O)OCCNCCCNCCCN(CCCNCCOP(=O)(O)OCCCCCCCCCC)CCOP(=O)(O)OCCCCCCCCCC,1.0240569
CCCCCCCCCCCCCCCCNC(=O)C(CCCCCOC(=O)CCCCCCCC)NCCCN1CCCC1,0.5095648
CCCCCCCC\C=C/CCCCCCCCNC(=O)C(CCCCCOC(=O)CCCCCCC\C=C/CCCCCCCC)NCCCN(CCCC)CCCC,-1.300259
CCCCCCCCCCCCCCCC(=O)OCCCCCC(NC1=CC(C)=NN1C)C(=O)NCCCCCCCCCCCCCC,0.35034502
CCCCCCCCCCCCCCNC(=O)C(CCCCCOC(=O)CCCCCCCC)NC1CCN(C)CC1,-0.7752436
CCCCCCCCCCCCCCCCCCNC(=O)C(CCCCCOC(=O)CCCCCCCCCCCCCCCCC)NC1CCNCC1,-1.2608054
CCCCCOP(=O)(O)OCCNCCCN(CCCN(CCCNCCOP(=O)(O)OCCCCC)CCOP(=O)(O)OCCCCC)CCOP(=O)(O)OCCCCC,-0.35551536
CCCCCCOP(=O)(O)OCC[N+](CCCC)(CCCC)CCCC,-1.1190488
CCCCCCCCCC[N+](CCCCCCCCCC)(CCCCCCCCCC)CCOP(=O)(O)OCCCCC,-0.6712731
CCCCCCCCCCCCOP(=O)(O)OCC[N+](CCCCCCCCCCCC)(CCCCCCCCCCCC)CCCCCCCCCCCC,0.55862266
CCCCCCCCCCCCCCCCNC(=O)C(CCCCCOC(=O)CCC(C)CCCCC)NC1=CNN=C1,0.26603484
CCCCCCCC\C=C/CCCCCCCCNC(=O)C(CCCCCOC(=O)\C=C\CCCCCCC)NCCN(CCN)CCN,0.82875293
CCCCCCCCCCCCCCNC(=O)C(CCCCCOC(=O)CCCCCCCCC=C)NN1CCOCC1,0.41193715
CCCCCCCCCCCCCCCCCC(=O)OCCCCCC(NC1CCNCC1)C(=O)NCCCCCCCCCCCCCCCC,-1.2598794
CCCCCOP(=O)(O)OCCN(C)CCN(CCN(C)CCOP(=O)(O)OCCCCC)CCN(C)CCOP(=O)(O)OCCCCC,-1.0201807
CCCCCCCCCCCCCCCCNC(=O)C(CCCCCOC(=O)CCC(C)CCCCC)NCC1CCCN1CC,-0.96720266
CCCCCCCCCCCCCCNC(=O)C(CCCCCOC(=O)CCC(C)CCCCC)NCCCN1CCCC1,0.025157776
CCCCCCCCCCCCCCCCCC(=O)OCCCCCC(NC1=CC(C)=NN1C)C(=O)NCCCCCCCCCCCC,0.4136252
CCCCCCCCCCCCOP(=O)(O)OCCNCCCCCC,1.0897416
CCCCCCCCCCNCCOP(=O)(O)OCCCCCCC,0.14128096
CCCCCCCCCCCCCCCC(=O)OCCCCCC(NCCN(CC)CC)C(=O)NCCCCCCCCCCCCCC,0.31147984
CCCCCCCCCCCCCCCCCCNC(=O)C(CCCCCOC(=O)CCCCCCCCC=C)NN1CCOCC1,0.21965964
CCCCCCCCCCCCCCCCNC(=O)C(CCCCCOC(=O)CCCCCCCCCCCCCCC)NC1CCN(C)CC1,0.13805968
CCCCCCCCCCCCCCCOP(=O)(O)OCCNCCN(CCOP(=O)(O)OCCCCCCCCCCCCCCC)CCN(CCNCCOP(=O)(O)OCCCCCCCCCCCCCCC)CCOP(=O)(O)OCCCCCCCCCCCCCCC,-1.2321286
CCCCCCCCCCCCCCCCNC(=O)C(CCCCCOC(=O)CCCCCCCCCCCCCCC)NC1=CC(C)=NN1C,0.35802695
CCCCCCCCCCCCCCCC(=O)OCCCCCC(NCCN(C)C)C(=O)NCCCCCCCCCCCCCC,-0.25395706
CCCCCCCCCCCCCCNC(=O)C(CCCCCOC(=O)CCCCCCCC)NCCN(CCN)CCN,-0.0013938439
CCCCOP(=O)(O)OCCN(CCCN(C)C)CCCN(CCOP(=O)(O)OCCCC)CCOP(=O)(O)OCCCC,-0.019559944
CCCCCCCCCCCCCCCOP(=O)(O)OCC[N+](CCCCCCCCCCCC)(CCCCCCCCCCCC)CCCCCCCCCCCC,0.18642339
CCCCCCCCCCCCNC(=O)C(CCCCCOC(=O)CCC(C)CCCCC)NN1CCCCC1,-0.48113236
CCCCCCCC\C=C/CCCCCCCCNC(=O)C(CCCCCOC(=O)\C=C\CCCCCCC)NCCN(C(C)C)C(C)C,0.98876387
CCCCCCCCCC[N+](CCCCCCCCCC)(CCCCCCCCCC)CCOP(=O)(O)OCCCCCCC,-0.10058685
CCCCCCCCCCCCCCCCCC(=O)OCCCCCC(NCCN1CCCC1)C(=O)NCCCCCCCCCCCC,0.8658905
CCCCOP(=O)(O)OCCNCCOCCOCCNCCOP(=O)(O)OCCCC,-0.0022589117
CCCCCCCCCOP(=O)(O)OCCN(CCCC)CCCC,0.31032357
CCCCCCCCCCCCCCCCNC(=O)C(CCCCCOC(=O)CCCCCCCCCC)NCCN1CCCC1,0.5692803
CCCCCCCCCCCCCCCCOP(=O)(O)OCC[N+](CCCCCCCC)(CCCCCCCC)CCCCCCCC,0.09775778
CCCCCCCCCCCCCCCCCCNC(=O)C(CCCCCOC(=O)CCCCCCCCCCCCCCC)NCCN(C)C,-0.418144
CCCCCCCCCCCCNC(=O)C(CCCCCOC(=O)CCC(C)CCCCC)NCCCN(CC)CC,0.56615955
CCCCCCCCCCCCCCCC(=O)OCCCCCC(NCC1CCCN1CC)C(=O)NCCCCCCCC\C=C/CCCCCCCC,-0.86573374
CCCCCCCCCCCCCCCCNC(=O)C(CCCCCOC(=O)CCCCCCCCCC)NC1=CC(C)=NN1C,0.3283595
CCCCCCCCCCCCCCCCNC(=O)C(CCCCCOC(=O)CCCCCCCCC)NN1CCOCC1,0.602322
CCCCCCCCCCCCCOP(=O)(O)OCCN(CCCCCC)CCCCCC,1.5795562
CCCCCCCCCCCCNC(=O)C(CCCCCOC(=O)CCCCCCCCC)NC1=CNN=C1,0.99076396
CCCCCCCCCCCCNC(=O)C(CCCCCOC(=O)CCCCCCCCCC)NC1CCN(C)CC1,0.3539946
N(CCN(CCC(=O)OCCOC(=O)C(C)CSC/C=C(C)\CCC=C(C)C)(CCC(=O)OCCOC(=O)C(C)CSC/C=C(C)\CCC=C(C)C))(CCN(CCC(=O)OCCOC(=O)C(C)CSC/C=C(C)\CCC=C(C)C)(CCC(=O)OCCOC(=O)C(C)CSC/C=C(C)\CCC=C(C)C))CCN(CCC(=O)OCCOC(=O)C(C)CSC/C=C(C)\CCC=C(C)C)(CCC(=O)OCCOC(=O)C(C)CSC/C=C(C)\CCC=C(C)C),-0.4891816
CCCCCCCCCCCCCCCCCCNC(=O)C(CCCCCOC(=O)CCCCCCCCCC)NCCN(CCN)CCN,0.5927812
CCCCCCCCCCCCCCCCCC(=O)OCCCCCC(NC1CCNCC1)C(=O)NCCCCCCCCCCCC,-1.3750532
CCCCCCCCCCCCCCCCOP(=O)(O)OCCN(C)CCN(CCNC)CCN(C)CCOP(=O)(O)OCCCCCCCCCCCCCCCC,-1.276536
CCCCCCCCCCCCCCCCNC(=O)C(CCCCCOC(=O)CCCCCCCCC)NC1CCNCC1,-1.0221099
CCCCCCCCCCCCCCCCCCNC(=O)C(CCCCCOC(=O)CCCCCCC\C=C/C\C=C/CCCCC)NCCN(CCN)CCN,-0.71423334
CCCCCCCCCCCCCCCCCC(=O)OCCCCCC(NC1=CC(C)=NN1C)C(=O)NCCCCCCCCCCCCCC,0.41128916
CCCCCCCC\C=C/CCCCCCCCNC(=O)C(CCCCCOC(=O)CCC(C)CCCCC)NCCN(C(C)C)C(C)C,1.5954605
CCCCCCCCCCCCCCCCCC(=O)OCCCCCC(NCCN(CCN)CCN)C(=O)NCCCCCCCCCCCCCCCC,0.27504352
CCCCCCCCCCCCCCCCCCNC(=O)C(CCCCCOC(=O)CCCCCCCCC=C)NC1=CC(C)=NN1C,0.22348717
CCCCCCCC\C=C/CCCCCCCCNC(=O)C(CCCCCOC(=O)CCCCCCCCC#C)NCC1CCCN1CC,-1.0019492
CCCCCCCCCCCCCCCCNC(=O)C(CCCCCOC(=O)CCCCCCCCC=C)NCCCN(CCCC)CCCC,0.4561692
CCCCCCCCCCCCOP(=O)(O)OCCNCCNCCNCCNCCOP(=O)(O)OCCCCCCCCCCCC,0.004170759
CCCCCCCCCCCCCCCOP(=O)(O)OCCNCCCNCCCN(CCCNCCOP(=O)(O)OCCCCCCCCCCCCCCC)CCOP(=O)(O)OCCCCCCCCCCCCCCC,-0.16360486
CCCCOP(=O)(O)OCCNCCCNCCCNCCOP(=O)(O)OCCCC,0.018546754
CCCCCCCCCCCCNCCOP(=O)(O)OCCCCCCCCCCC,0.76908547
CCCCCCOP(=O)(O)OCCN(CCCC)CCCC,0.16946101
CCCCCCCCCOP(=O)(O)OCC[N+](CCCCCCCC)(CCCCCCCC)CCCCCCCC,0.8944059
CCCCCCCCCCCCCCCCCC(=O)OCCCCCC(NC1CCN(C)CC1)C(=O)NCCCCCCCCCCCCCCCC,0.3006609
CCCCCCCCCCCCCCNC(=O)C(CCCCCOC(=O)CCCCCCCCC)NCCCN(CC)CC,0.30001265
CCCCCOP(=O)(O)OCCNCCN1CCN(CCOP(=O)(O)OCCCCC)CC1,-0.8496662
CCCCCCCCCCCCNC(=O)C(CCCCCOC(=O)CCCCCCCCC#C)NCCN1CCNCC1,-1.1918056
CCCCCCCCCCCCCCCCCCNC(=O)C(CCCCCOC(=O)CCCCCCCC)NCCCN1CCCC1,1.0290476
CCCCCCCCCCCCCCCCCCNC(=O)C(CCCCCOC(=O)CCC(C)CCCCC)NCCN(C)C,0.7887395
CCCCCCCC\C=C/CCCCCCCCNC(=O)C(CCCCCOC(=O)CCC(C)CCCCC)NCCN1CCNCC1,0.16450022
CCCCOP(=O)(O)OCCNCCCN1CCN(CCCNCCOP(=O)(O)OCCCC)CC1,0.06461318
CCCCCCCCCCCOP(=O)(O)OCCNCCNCCNCCNCCNCCOP(=O)(O)OCCCCCCCCCCC,-0.11053049
CCCCCCCCCCCCCCCCCCNC(=O)C(CCCCCOC(=O)CCCCCCCCCCCCCCCCC)NCCN(C(C)C)C(C)C,0.37611547
CCCCCCCCCCCCN(CCCCCCCCCCCC)CCOP(=O)(O)OCCCCCCCCC,1.5438887
CCCCCCCCCCCCCCCCNC(=O)C(CCCCCOC(=O)CCCCCCCCC#C)NCCCN1CCOCC1,-0.3495255
CCCCCCCCCCC(=O)OCCCCCC(NCCN1CCCC1)C(=O)NCCCCCCCC\C=C/CCCCCCCC,1.2493806
CCCCCCCCCCCCCCNC(=O)C(CCCCCOC(=O)CCCCCCCCC#C)NCCN(CC)CC,-0.2048369
CCCCCCCCCCCOP(=O)(O)OCCN(C)CCN(CCN(C)CCOP(=O)(O)OCCCCCCCCCCC)CC[N+](C)(CCOP(=O)(O)OCCCCCCCCCCC)CCOP(=O)(O)OCCCCCCCCCCC,-0.97566205
CCCCCCCCCCCCCCCCNC(=O)C(CCCCCOC(=O)CCCCCCCCC=C)NN1CCOCC1,0.23400415
N(CCC(=O)OCCOC(=O)C(C)CSCC/C=C/CC)(CCC(=O)OCCOC(=O)C(C)CSCC/C=C/CC)CCCN(C)C,-0.7270654
CCCCCCCCCCCCCCCCCCNC(=O)C(CCCCCOC(=O)CCCCCCCCC)NCCN1CCNCC1,-0.77588826
CCCCCCCCCCCCCCCCCC(=O)OCCCCCC(NCCCN(CCCC)CCCC)C(=O)NCCCCCCCCCCCCCC,1.3311895
CCCCCCCCCCCCOP(=O)(O)OCCNCCCNCCCN(CCCNCCOP(=O)(O)OCCCCCCCCCCCC)CCOP(=O)(O)OCCCCCCCCCCCC,0.13280012
CCCCCCCCCCCCCCCCNC(=O)C(CCCCCOC(=O)CCCCCCCCCC)NCCCN1CCCC1,0.2537631
CCCCCCCCCCCCNC(=O)C(CCCCCOC(=O)CCCCCCCCC#C)NCCN(CCN)CCN,-0.038069937
CCCCCCCCCCNCCOP(=O)(O)OCCCCCCCC,-0.11556585
CCCCCCCCCCCCCCNC(=O)C(CCCCCOC(=O)CCCCCCC\C=C/CCCCCCCC)NC1CCN(C)CC1,-0.98539895
CCCCCCCCCCCCCCCOP(=O)(O)OCCNCCN1CCN(CCOP(=O)(O)OCCCCCCCCCCCCCCC)CC1,-0.3768131
CCCCCCCCCCCCCCCCNC(=O)C(CCCCCOC(=O)CCCCCCCC)NN1CCCCC1,0.07146077
CCCCCCCCCCCCCCCCOP(=O)(O)OCCNCCCNCCCNCCCNCCOP(=O)(O)OCCCCCCCCCCCCCCCC,-1.2150644
CCCCCCCCCCCCCCCCCCNC(=O)C(CCCCCOC(=O)CCCCCCCCCCCCCCC)NCCCN(C)C,0.51798576
CCCCCCCCCCCCCCNC(=O)C(CCCCCOC(=O)CCCCCCCCCC)NCC1CCCN1CC,-1.0312865
CCCCCCCCCCCCNC(=O)C(CCCCCOC(=O)CCCCCCCCC)NCCN(C(C)C)C(C)C,0.6695314
CCCCCCCCCCCCNC(=O)C(CCCCCOC(=O)\C=C\CCCCCCC)NC1CCNCC1,-0.97849125
CCCCCCCCCCCCCCCCNC(=O)C(CCCCCOC(=O)CCCCCCC\C=C/C\C=C/CCCCC)NCCCN(C)CCCN,-0.5776851
CCCCCCCC[N+](CCCCCCCC)(CCCCCCCC)CCOP(=O)(O)OCCCCC,-0.82379067
CCCCCCCCCCCOP(=O)(O)OCCNCCN(CCOP(=O)(O)OCCCCCCCCCCC)CCN(CCOP(=O)(O)OCCCCCCCCCCC)CCN(CCNCCOP(=O)(O)OCCCCCCCCCCC)CCOP(=O)(O)OCCCCCCCCCCC,-1.1508788
CCCCCCCCCCCCCCCCCCNC(=O)C(CCCCCOC(=O)CCCCCCCCC#C)NCCN(C)C,-0.6217585
N(CCC(=O)OCCOC(=O)C(C)CSCCC/C=C\C)(CCC(=O)OCCOC(=O)C(C)CSCCC/C=C\C)CCCN1CCN(CCCN(CCC(=O)OCCOC(=O)C(C)CSCCC/C=C\C)(CCC(=O)OCCOC(=O)C(C)CSCCC/C=C\C))CC1,-0.5443258
CCCCCCCCCCCCNC(=O)C(CCCCCOC(=O)CCCCCCCCC=C)NCC1CCCN1CC,-1.2708716
CCCCCCCCCCCCCCCCCCNC(=O)C(CCCCCOC(=O)CCCCCCCCCCCCCCCCC)NC1=CC(C)=NN1C,0.6751874
CCCCCCCCCCCCCCCCNC(=O)C(CCCCCOC(=O)CCCCCCCCC#C)NCCN1CCCCC1,0.3063225
CCCCCCCCCCCCNC(=O)C(CCCCCOC(=O)CCCCCCCCCC)NCCCN1CCCC1,0.3352814
CCCCCCCCCCCCCCCCCCNC(=O)C(CCCCCOC(=O)CCCCCCCCCCCCCCCCC)NCC1CCCN1CC,-0.7612456
CCCCCCCCOP(=O)(O)OCCNCCN(CCNCCN(CCNCCOP(=O)(O)OCCCCCCCC)CCOP(=O)(O)OCCCCCCCC)CCOP(=O)(O)OCCCCCCCC,-0.14919221
CCCCCCCCCCCCCCNCCOP(=O)(O)OCCCCCCCCCCCCCC,0.86732596
CCCCCCCCCCCCCCCCNC(=O)C(CCCCCOC(=O)CCCCCCCCC#C)NC1=CC(C)=NN1C,0.304115
CCCCCCCCCCCCCCCC(=O)OCCCCCC(NCCN1CCCCC1)C(=O)NCCCCCCCC\C=C/CCCCCCCC,0.7647854
CCCCCCCCCCCCCCCCCCNC(=O)C(CCCCCOC(=O)CCCCCCCCC=C)NN1CCCCC1,0.17773362
CCCCCCCCCCCCCCCCCCNC(=O)C(CCCCCOC(=O)CCCCCCCCCCCCCCCCC)NCCCN(CC)CC,0.6351473
CCCCCCCCCCCCCCCCCC(=O)OCCCCCC(NCCCN(C)C)C(=O)NCCCCCCCCCCCCCCCC,0.60038954
CCCCCCCCCCCCCCNC(=O)C(CCCCCOC(=O)CCCCCCC\C=C/CCCCCCCC)NCC1CCCN1CC,-1.6778886
CCCCCCCCCOP(=O)(O)OCCN(C)CCN(CCN(C)CCOP(=O)(O)OCCCCCCCCC)CCN(C)CCOP(=O)(O)OCCCCCCCCC,0.901337
CCCCCCCCCCCCNC(=O)C(CCCCCOC(=O)CCCCCCCCCC)NC1=CC(C)=NN1C,0.43502536
CCCCCCCCCCCCCCNC(=O)C(CCCCCOC(=O)CCCCCCCC)NCCCN(CCCC)CCCC,-0.4748358
N(CCC(=O)OCCOC(=O)C(C)CSCCCCCCCC)(CCC(=O)OCCOC(=O)C(C)CSCCCCCCCC)CCCN1CCN(C)CC1,0.32797366
CCCCCCCCCCCCCCNCCOP(=O)(O)OCCCCCCC,0.057409085
CCCCCCCCCCCCCCOP(=O)(O)OCCNCCCCCCCCCCCC,0.78312105
CCCCCCCCCCCCCCCCCCNC(=O)C(CCCCCOC(=O)CCCCCCCCCCCCCCC)NN1CCCCC1,0.40606442
CCCCCCCCCCCCCCNC(=O)C(CCCCCOC(=O)CCCCCCCCC=C)NCCN(CCN)CCN,0.18299492
CCCCCCCC\C=C/CCCCCCCCNC(=O)C(CCCCCOC(=O)CCC(C)CCCCC)NCCN(CC)CC,1.7741029
CCCCCCCCCCCCCOP(=O)(O)OCCNCCN(CCNCCOP(=O)(O)OCCCCCCCCCCCCC)CCN(CCOP(=O)(O)OCCCCCCCCCCCCC)CCOP(=O)(O)OCCCCCCCCCCCCC,-1.20745
CCCCCCCCCCCCCCNC(=O)C(CCCCCOC(=O)CCCCCCCCC#C)NCCCN(CCCC)CCCC,0.7201665
CCCCCCCCCCCOP(=O)(O)OCC[N+](CCCCCCCCCC)(CCCCCCCCCC)CCCCCCCCCC,0.3382361
CCCCCOP(=O)(O)OCC[N+](CCCC)(CCCC)CCCC,-1.1210499
CCCCCCCCCCCCCCNC(=O)C(CCCCCOC(=O)CCCCCCCC)NCCN1CCCCC1,0.20766865
CCCCCCCCCCCCCCCCCCNC(=O)C(CCCCCOC(=O)CCCCCCCCCC)NCC1CCCN1CC,-0.87522304
CCCCCCCCCCCCCCCCCC(=O)OCCCCCC(NCCN1CCNCC1)C(=O)NCCCCCCCC\C=C/CCCCCCCC,-1.0148393
CCCCCOP(=O)(O)OCCNCCNCCNCCN(CCNCCOP(=O)(O)OCCCCC)CCOP(=O)(O)OCCCCC,-1.1169021
CCCCCCCCOP(=O)(O)OCCN(CCCCCCCC)CCCCCCCC,0.24277523
CCCCCCCCOP(=O)(O)OCCN(C)CCN(CCN(C)CCOP(=O)(O)OCCCCCCCC)CC[N+](C)(CCOP(=O)(O)OCCCCCCCC)CCOP(=O)(O)OCCCCCCCC,-0.83618885
CCCCCCCCCCCCNC(=O)C(CCCCCOC(=O)CCCCCCCC)NCCCN(CC)CC,0.2343381
CCCCCCCCCCCCNC(=O)C(CCCCCOC(=O)CCCCCCCCC)NCCCN(CC)CC,-0.0053011198
CCCCCCCCCCCCCCCCNC(=O)C(CCCCCOC(=O)CCCCCCCCC#C)NCCN1CCCC1,0.3906228
CCCCCCCCCCCCCCCCOP(=O)(O)OCCNCCN1CCN(CCOP(=O)(O)OCCCCCCCCCCCCCCCC)CC1,-1.1044513
CCCCCCCCCCCCCCCCNC(=O)C(CCCCCOC(=O)CCCCCCCCCCCCCCC)NCCN1CCCC1,0.6211259
CCCCCCCCCCCCCCN(CCCCCCCCCCCCCC)CCOP(=O)(O)OCCCCCCCCCC,1.9968398
CCCCCCCCCCCCCCCC(=O)OCCCCCC(NC1CCNCC1)C(=O)NCCCCCCCCCCCC,-1.3844868
CCCCCCCCCCN(CCCCCCCCCC)CCOP(=O)(O)OCCCCCCCC,0.7150178
CCCCCCCCCCCCCCCCCCNC(=O)C(CCCCCOC(=O)CCCCCCCC)NN1CCCCC1,0.27411968
CCCCCCCCCCCCCCCCNC(=O)C(CCCCCOC(=O)CCCCCCCCC#C)NCC1CCCN1CC,-1.2750745
CCCCCCCCOP(=O)(O)OCCN(CCOP(=O)(O)OCCCCCCCC)CCN1CCN(CCOP(=O)(O)OCCCCCCCC)CC1,-1.0262222
CCCCCCCCCCCCCCCCCCNC(=O)C(CCCCCOC(=O)CCCCCCC\C=C/CCCCCCCC)NCCN1CCCCC1,-0.6609408
CCCCCCCC\C=C/CCCCCCCCNC(=O)C(CCCCCOC(=O)\C=C\CCCCCCC)NN1CCCCC1,0.9790671
CCCCCCCC\C=C/CCCCCCCCNC(=O)C(CCCCCOC(=O)CCCCCCC\C=C/C\C=C/CCCCC)NCC1CCCN1CC,-1.1910414
CCCCCCCCCCCCNC(=O)C(CCCCCOC(=O)CCCCCCCC)NC1CCN(C)CC1,-0.8872804
CCCCCCCCCCCC[N+](CCCCCCCCCCCC)(CCCCCCCCCCCC)CCOP(=O)(O)OCCCC,-0.921904
CCCCCCCCCCCCCCNC(=O)C(CCCCCOC(=O)CCCCCCCCCC)NCCN(C)C,-0.26367846
CCCCCCCCCCCCNCCOP(=O)(O)OCCCCCCCCCC,0.65530217
CCCCCOP(=O)(O)OCCN(CCOP(=O)(O)OCCCCC)CCN1CCN(CCOP(=O)(O)OCCCCC)CC1,-1.241138
CCCCCCCCCCCCCCCCNC(=O)C(CCCCCOC(=O)CCCCCCC\C=C/CCCCCCCC)NCCN(C(C)C)C(C)C,0.073077485
CCCCCCCCCCOP(=O)(O)OCCNCCNCCNCCN(CCNCCOP(=O)(O)OCCCCCCCCCC)CCOP(=O)(O)OCCCCCCCCCC,0.3234857
CCCCCCCCCCCCCCCCNC(=O)C(CCCCCOC(=O)CCCCCCCC)NCCCN(C)CCCN,-0.9863934
CCCCCCCCCCCCCCNC(=O)C(CCCCCOC(=O)CCCCCCCCC)NCCCN(C)C,0.7820529
CCCCCCCCCCCCCCCCCCNC(=O)C(CCCCCOC(=O)CCCCCCCCC#C)NCCN(C(C)C)C(C)C,0.11111925
CCCCCCCCCCCCCCCCNC(=O)C(CCCCCOC(=O)CCC(C)CCCCC)NCCN1CCCCC1,2.0678577
CCCCCCCC\C=C/CCCCCCCCNC(=O)C(CCCCCOC(=O)CCC(C)CCCCC)NCCN1CCCC1,2.7061114
CCCCCCCCCCCCCCCC(=O)OCCCCCC(NC1=CC(C)=NN1C)C(=O)NCCCCCCCCCCCC,0.382745
CCCCCCCC\C=C/CCCCCCCCNC(=O)C(CCCCCOC(=O)CCCCCCC\C=C/C\C=C/CCCCC)NCCCN1CCOCC1,-1.0032467
CCCCCCCCCCCCNC(=O)C(CCCCCOC(=O)CCCCCCCC)NCCN1CCNCC1,-0.8724373
N(CCC(=O)OCCOC(=O)C(C)CSCCCCC=C)(CCC(=O)OCCOC(=O)C(C)CSCCCCC=C)CCCN(C)CCCN(CCC(=O)OCCOC(=O)C(C)CSCCCCC=C)(CCC(=O)OCCOC(=O)C(C)CSCCCCC=C),0.35976467
CCCCCCCCCCCCCCCOP(=O)(O)OCCNCCCNCCCNCCCNCCOP(=O)(O)OCCCCCCCCCCCCCCC,-1.2502142
CCCCCOP(=O)(O)OCCN(C)CCN(CCNC)CCN(C)CCOP(=O)(O)OCCCCC,-0.95717806
CCCCCCCCCCCCCCCCCC(=O)OCCCCCC(NCC1CCCN1CC)C(=O)NCCCCCCCC\C=C/CCCCCCCC,-0.8090062
CCCCCCCCCCCCNC(=O)C(CCCCCOC(=O)CCCCCCCCC#C)NN1CCOCC1,0.35306084
CCCCCCCCCCCCOP(=O)(O)OCCN(CCOP(=O)(O)OCCCCCCCCCCCC)CCN1CCN(CCOP(=O)(O)OCCCCCCCCCCCC)CC1,-1.048114
CCCCCCCCCCCCNC(=O)C(CCCCCOC(=O)CCCCCCCCCC)NCCN1CCNCC1,-1.1549097
CCCCCCCCCCCCNC(=O)C(CCCCCOC(=O)\C=C\CCCCCCC)NCCN(CC)CC,-0.27756473
CCCCCCCCCCCCCCCCNC(=O)C(CCCCCOC(=O)\C=C\CCCCCCC)NCCCN(C)C,0.37843323
CCCCCCCCCCCCCCCCCC(=O)OCCCCCC(NCCCN(C)C)C(=O)NCCCCCCCC\C=C/CCCCCCCC,1.1157868
CCCCCCCCCCCCCCNC(=O)C(CCCCCOC(=O)\C=C\CCCCCCC)NN1CCCCC1,0.68725884
CCCCCCCCCCCCCCCCCC(=O)OCCCCCC(NCCN1CCCC1)C(=O)NCCCCCCCCCCCCCCCC,0.6684334
CCCCCOP(=O)(O)OCCNCCCNCCCNCCOP(=O)(O)OCCCCC,-0.79033864
CCCCCCCCCCCCNC(=O)C(CCCCCOC(=O)CCCCCCC\C=C/CCCCCCCC)NC1CCNCC1,-1.2085525
CCCCCCCCCCCCNC(=O)C(CCCCCOC(=O)\C=C\CCCCCCC)NN1CCOCC1,0.63742733
CCCCCCOP(=O)(O)OCCNCCNCCNCCNCCNCCOP(=O)(O)OCCCCCC,-0.009443969
CCCCCCOP(=O)(O)OCCNCCN(CCOP(=O)(O)OCCCCCC)CCN(CCOP(=O)(O)OCCCCCC)CCN(CCNCCOP(=O)(O)OCCCCCC)CCOP(=O)(O)OCCCCCC,-0.90638673
CCCCCCCCCC[N+](CCCCCCCCCC)(CCCCCCCCCC)CCOP(=O)(O)OCCCC,-0.08054653
CCCCCCCCCCCCCOP(=O)(O)OCCNCCNCCNCCNCCOP(=O)(O)OCCCCCCCCCCCCC,-0.12200704
CCCCCCCC\C=C/CCCCCCCCNC(=O)C(CCCCCOC(=O)CCCCCCCC)NN1CCOCC1,0.013881559
CCCCCCCC[N+](CCCCCCCC)(CCCCCCCC)CCOP(=O)(O)OCCCC,-0.40241763
N(CCC(=O)OCCOC(=O)C(C)CSCC/C=C/CC)(CCC(=O)OCCOC(=O)C(C)CSCC/C=C/CC)CCCN1CCN(CCCN(CCC(=O)OCCOC(=O)C(C)CSCC/C=C/CC)(CCC(=O)OCCOC(=O)C(C)CSCC/C=C/CC))CC1,0.50052166
CCCCCCCCCCCCCCCCNC(=O)C(CCCCCOC(=O)CCCCCCC\C=C/C\C=C/CCCCC)NCCCN(CCCC)CCCC,-0.9256594
CCCCCCCCCCCCCCCCCC(=O)OCCCCCC(NCCN1CCCC1)C(=O)NCCCCCCCC\C=C/CCCCCCCC,0.95682883
CCCCCCOP(=O)(O)OCCNCCCNCCCN(CCCNCCOP(=O)(O)OCCCCCC)CCOP(=O)(O)OCCCCCC,-0.07997658
CCCCCCCCCCCCOP(=O)(O)OCCNCCCCCCCC,0.68577635
CCCCCCCCCCCCNC(=O)C(CCCCCOC(=O)CCCCCCC\C=C/C\C=C/CCCCC)NC1CCNCC1,-0.92041886
CCCCCCCCCCCCNC(=O)C(CCCCCOC(=O)CCCCCCC\C=C/CCCCCCCC)NCCN(C)C,0.10167377
CCCCOP(=O)(O)OCCNCCNCCNCCNCCOP(=O)(O)OCCCC,0.04186711
CCCCCCCCNCCOP(=O)(O)OCCCCCCCC,0.22822635
CCCCCCCCCCCCNC(=O)C(CCCCCOC(=O)CCC(C)CCCCC)NCC1CCCN1CC,-0.88050723
CCCCCCCCCCCCNC(=O)C(CCCCCOC(=O)CCCCCCC\C=C/C\C=C/CCCCC)NCCN(CCN)CCN,-0.26375228
CCCCCCCCCCCCCCCCOP(=O)(O)OCCN(C)CCN(CCN(C)CCOP(=O)(O)OCCCCCCCCCCCCCCCC)CCN(C)CCOP(=O)(O)OCCCCCCCCCCCCCCCC,-1.2650728
CCCCCCCCCCCCCCCCNC(=O)C(CCCCCOC(=O)CCCCCCCCC#C)NCCCN(C)C,-0.15825514
CCCCCCCCCCCCCCCCNC(=O)C(CCCCCOC(=O)CCCCCCC\C=C/CCCCCCCC)NCCN1CCCC1,-0.39022484
CCCCCCCCCOP(=O)(O)OCCNCCCN1CCN(CCCN(CCOP(=O)(O)OCCCCCCCCC)CCOP(=O)(O)OCCCCCCCCC)CC1,1.1937506
CCCCCCCCCCCCCCNC(=O)C(CCCCCOC(=O)CCCCCCC\C=C/CCCCCCCC)NCCCN(CCCC)CCCC,-0.9201525
CCCCCCCCCCCCNC(=O)C(CCCCCOC(=O)CCCCCCCCC)NCCCN1CCOCC1,0.12151731
CCCCCCCCCC(=O)OCCCCCC(NCC1CCCN1CC)C(=O)NCCCCCCCC\C=C/CCCCCCCC,-0.7742826
CCCCCCCCCCCCCCCCCCNC(=O)C(CCCCCOC(=O)CCCCCCCCC#C)NN1CCCCC1,0.13972953
CCCCCCOP(=O)(O)OCCNCCCC,1.3826337
N(CCC(=O)OCCOC(=O)C(C)CSCC/C=C\CC)(CCC(=O)OCCOC(=O)C(C)CSCC/C=C\CC)CCN(C)C,-0.7060008
CCCCCCCCCCCCCCNC(=O)C(CCCCCOC(=O)CCCCCCCCC=C)NCCCN(C)C,0.43540105
N(CCC(=O)OCCOC(=O)C(C)CSC/C=C(C)\CCC=C(C)C)(CCC(=O)OCCOC(=O)C(C)CSC/C=C(C)\CCC=C(C)C)CCCN1CCN(C)CC1,0.4888843
CCCCCCCCCCCCCCCCCCNC(=O)C(CCCCCOC(=O)CCCCCCCCCC)NCCN(C)C,0.09700332
CCCCCCCCCCCCCCCCCCNC(=O)C(CCCCCOC(=O)CCCCCCCCC#C)NCC1CCCN1CC,-1.1611091
CCCCCCCCCCCCCCCC(=O)OCCCCCC(NCCCN1CCCC1)C(=O)NCCCCCCCCCCCC,0.5269105
CCCCCCCCCCCCCCNC(=O)C(CCCCCOC(=O)CCCCCCC\C=C/C\C=C/CCCCC)NN1CCCCC1,-0.95615333
CCCCCCCCCCCCCCCCOP(=O)(O)OCCNCCCN(CCCN(CCCNCCOP(=O)(O)OCCCCCCCCCCCCCCCC)CCOP(=O)(O)OCCCCCCCCCCCCCCCC)CCOP(=O)(O)OCCCCCCCCCCCCCCCC,-1.1439414
CCCCCCCCCCCCCCOP(=O)(O)OCCN(C)CCN(CCN(C)CCOP(=O)(O)OCCCCCCCCCCCCCC)CCN(C)CCOP(=O)(O)OCCCCCCCCCCCCCC,-1.1182197
CCCCCCCCCCCCCCCCNC(=O)C(CCCCCOC(=O)CCCCCCCCC=C)NCCN(CCN)CCN,-0.24847338
CCCCCCCCCCCCCCCOP(=O)(O)OCCN(CCCC)CCCC,0.18238725
CCCCCCCC\C=C/CCCCCCCCNC(=O)C(CCCCCOC(=O)CCC(C)CCCCC)NCCCN1CCOCC1,1.029276
CCCCCCCCCCCCCCNC(=O)C(CCCCCOC(=O)CCCCCCCCC#C)NCCCN(C)C,0.34715238
CCCCCCCCCCCCCCCCCC(=O)OCCCCCC(NCCN(C(C)C)C(C)C)C(=O)NCCCCCCCCCCCC,-0.11458157
CCCCCCCCCCCCCCNC(=O)C(CCCCCOC(=O)CCCCCCC\C=C/CCCCCCCC)NCCN1CCCC1,-0.6911977
CCCCCOP(=O)(O)OCCNCCNCCNCCNCCOP(=O)(O)OCCCCC,-0.6688246
CCCCCCCC\C=C/CCCCCCCCNC(=O)C(CCCCCOC(=O)CCCCCCCCC=C)NCCN1CCCCC1,0.87294495
CCCCCCCCCCCCCCCCNC(=O)C(CCCCCOC(=O)CCC(C)CCCCC)NCCCN(C)C,0.7059371
CCCCCCCCCOP(=O)(O)OCCNCCCN(CCCN(C)C)CCOP(=O)(O)OCCCCCCCCC,-0.02168458
CCCCCCCCCC[N+](CCCCCCCCCC)(CCCCCCCCCC)CCOP(=O)(O)OCCCCCCCCC,0.3606786
CCCCCCCCCC(=O)OCCCCCC(NCCCN(CC)CC)C(=O)NCCCCCCCC\C=C/CCCCCCCC,1.2174228
CCCCCCCCCCCCOP(=O)(O)OCCN(CCCCCCCCCCCC)CCCCCCCCCCCC,1.8377725
CCCCCCCC\C=C/CCCCCCCCNC(=O)C(CCCCCOC(=O)CCCCCCCCC=C)NCCN1CCCC1,1.0572253
N(CCC(=O)OCCOC(=O)C(C)CSCCCCCC)(CCC(=O)OCCOC(=O)C(C)CSCCCCCC)CCN(C)C,-0.5143146
CCCCCCCCCCCCCOP(=O)(O)OCCNCCOCCOCCNCCOP(=O)(O)OCCCCCCCCCCCCC,-0.39188817
CCCCCCCCCCCCNC(=O)C(CCCCCOC(=O)CCCCCCCC)NCCCN1CCOCC1,-0.39419726
CCCCCCCC\C=C/CCCCCCCCNC(=O)C(CCCCCOC(=O)CCC(C)CCCCC)NCCCN(C)CCCN,-0.29048404
CCCCCCCCCCCCCCCCCCNC(=O)C(CCCCCOC(=O)CCCCCCCCCCCCCCC)NCCCN1CCOCC1,0.4212148
CCCCCCCOP(=O)(O)OCC[N+](CCCC)(CCCC)CCCC,-1.0633227
CCCCCCCCCCCCCCCCNC(=O)C(CCCCCOC(=O)CCCCCCC\C=C/CCCCCCCC)NCCCN1CCOCC1,-0.750298
CCCCCCCC\C=C/CCCCCCCCNC(=O)C(CCCCCOC(=O)CCC(C)CCCCC)NN1CCOCC1,0.15871733
CCCCCCCCCCCCNC(=O)C(CCCCCOC(=O)CCCCCCCCCC)NN1CCCCC1,0.5418511
CCCCCCCCNCCOP(=O)(O)OCCCCC,0.36702144
CCCCCCCC\C=C/CCCCCCCCNC(=O)C(CCCCCOC(=O)CCCCCCCC)NCCN1CCNCC1,-0.4688064
CCCCCCCCCCCCCCCCNC(=O)C(CCCCCOC(=O)CCCCCCC\C=C/CCCCCCCC)NN1CCOCC1,-0.8832537
CCCCCOP(=O)(O)OCCNCCCC,1.1712517
CCCCCCCCCCCCCCCCCC(=O)OCCCCCC(NCCCN(C)C)C(=O)NCCCCCCCCCCCC,0.72396725
CCCCCCCCCCCCCCNC(=O)C(CCCCCOC(=O)\C=C\CCCCCCC)NCCCN(C)CCCN,-1.1389194
CCCCCCCCNCCOP(=O)(O)OCCCC,0.45533946
CCCCCOP(=O)(O)OCCNCCN(CCOP(=O)(O)OCCCCC)CCN(CCNCCOP(=O)(O)OCCCCC)CCOP(=O)(O)OCCCCC,-0.7465864
CCCCCCOP(=O)(O)OCCNCCN(CCNCCOP(=O)(O)OCCCCCC)CCN(CCOP(=O)(O)OCCCCCC)CCOP(=O)(O)OCCCCCC,-0.9815648
CCCCCCCCCCCCCCNC(=O)C(CCCCCOC(=O)CCCCCCC\C=C/C\C=C/CCCCC)NCCCN1CCCC1,0.7919135
CCCCCCCCCCCCCCNC(=O)C(CCCCCOC(=O)CCC(C)CCCCC)NCCN1CCCCC1,1.815477
CCCCCCCC\C=C/CCCCCCCCNC(=O)C(CCCCCOC(=O)\C=C\CCCCCCC)NCCCN(C)CCCN,-0.7030061
CCCCCCCCCCCCCCCC(=O)OCCCCCC(NCCN1CCNCC1)C(=O)NCCCCCCCC\C=C/CCCCCCCC,-1.0372893
CCCCCCCCCCCCNC(=O)C(CCCCCOC(=O)\C=C\CCCCCCC)NCC1CCCN1CC,-1.0595219
CCCCCCCCCCCCCCNC(=O)C(CCCCCOC(=O)CCCCCCCCC)NCCN1CCCC1,1.031883
CCCCCCCCCCCCCCCCCC(=O)OCCCCCC(NCCCN1CCOCC1)C(=O)NCCCCCCCCCCCCCC,0.37800336
CCCCCCCCCCCCCCCCCC(=O)OCCCCCC(NCCN1CCCCC1)C(=O)NCCCCCCCCCCCCCCCC,0.66378045
CCCCCCCCCCCCNC(=O)C(CCCCCOC(=O)CCC(C)CCCCC)NCCN(C(C)C)C(C)C,0.740987
CCCCCCCCCCCCNC(=O)C(CCCCCOC(=O)CCC(C)CCCCC)NCCCN1CCOCC1,-0.2646698
CCCCCCCCCCCCCCCCCCNC(=O)C(CCCCCOC(=O)CCCCCCCCCCCCCCC)NCCN(CC)CC,0.22485147
N(CCC(=O)OCCOC(=O)C(C)CSCCCCC=C)(CCC(=O)OCCOC(=O)C(C)CSCCCCC=C)CCCN(C)C,0.38098142
CCCCCCCC\C=C/CCCCCCCCNC(=O)C(CCCCCOC(=O)\C=C\CCCCCCC)NCCN1CCCC1,1.4616181
CCCCCCCCCCCOP(=O)(O)OCCN(CCCCCC)CCCCCC,1.4559859
CCCCCCCOP(=O)(O)OCCNCCOCCOCCNCCOP(=O)(O)OCCCCCCC,-0.4854918
CCCCCCCCCC(=O)OCCCCCC(NN1CCOCC1)C(=O)NCCCCCCCC\C=C/CCCCCCCC,0.9814392
CCCCCCCCCCCCCCCCCC(=O)OCCCCCC(NCC1CCCN1CC)C(=O)NCCCCCCCCCCCC,-0.9399912
CCCCCCCC\C=C/CCCCCCCCNC(=O)C(CCCCCOC(=O)CCCCCCC\C=C/CCCCCCCC)NCCN(C(C)C)C(C)C,-0.85386664
CCCCCCCCOP(=O)(O)OCC[N+](CCCCCCCC)(CCCCCCCC)CCCCCCCC,-0.03150701
CCCCCCCCCCCCCCCCCCNC(=O)C(CCCCCOC(=O)CCC(C)CCCCC)NCCCN(C)C,1.3733811
CCCCCCCCCCCCOP(=O)(O)OCCNCCNCCNCCN(CCNCCOP(=O)(O)OCCCCCCCCCCCC)CCOP(=O)(O)OCCCCCCCCCCCC,-0.12745166
CCCCCCCCCCCCNC(=O)C(CCCCCOC(=O)CCCCCCC\C=C/C\C=C/CCCCC)NN1CCOCC1,-0.7410537
CCCCCCCCCCCCCCCCCCNC(=O)C(CCCCCOC(=O)CCCCCCCCC)NC1=CC(C)=NN1C,0.8815645
CCCCCCCCOP(=O)(O)OCCNCCNCCN(CCNCCOP(=O)(O)OCCCCCCCC)CCOP(=O)(O)OCCCCCCCC,-0.50824046
CCCCCCCCCCCCCCCOP(=O)(O)OCCNCCCCCC,0.24899703
CCCCCCCCCCCCNC(=O)C(CCCCCOC(=O)CCCCCCCC)NC1=CC(C)=NN1C,-0.71974516
CCCCCCCCCOP(=O)(O)OCCNCCCNCCCNCCOP(=O)(O)OCCCCCCCCC,0.22682883
CCCCCCCCCCCCCCNC(=O)C(CCCCCOC(=O)CCCCCCCCC)NCCCN(CCCC)CCCC,1.3026916
CCCCCCCCCCCCCCCCNC(=O)C(CCCCCOC(=O)CCC(C)CCCCC)NCCCN(CC)CC,0.89750844
CCCCCCCCCOP(=O)(O)OCCN(C)CCN(CCNC)CCN(C)CCOP(=O)(O)OCCCCCCCCC,-0.60178626
CCCCCCCCCCCCCCCCCCNC(=O)C(CCCCCOC(=O)CCCCCCCCC=C)NCCN(C)C,-0.30623347
CCCCCCCCCCCCCCCCNC(=O)C(CCCCCOC(=O)CCCCCCCCC=C)NN1CCCCC1,0.21884552
N(CCC(=O)OCCOC(=O)C(C)CSC/C=C\C/C=C\CC)(CCC(=O)OCCOC(=O)C(C)CSC/C=C\C/C=C\CC)CCCN(C)C,-0.6112516
CCCCCCCCCCOP(=O)(O)OCCNCCCN1CCN(CCCN(CCOP(=O)(O)OCCCCCCCCCC)CCOP(=O)(O)OCCCCCCCCCC)CC1,0.31647053
CCCCCCCCCCCCCCNC(=O)C(CCCCCOC(=O)CCCCCCC\C=C/CCCCCCCC)NCCN(C(C)C)C(C)C,-1.1415209
CCCCCCCCCCCCCCCCCCNC(=O)C(CCCCCOC(=O)CCCCCCCCCCCCCCC)NC1CCN(C)CC1,0.28302968
CCCCCCCCCCCCCCCCCCNC(=O)C(CCCCCOC(=O)CCCCCCCCC)NCCCN(CC)CC,0.737046
CCCCCCCCOP(=O)(O)OCCN(CCCCCC)CCCCCC,0.0016338282
N(CCC(=O)OCCOC(=O)C(C)CSCCCCC=C)(CCC(=O)OCCOC(=O)C(C)CSCCCCC=C)CCCN1CCN(C)CC1,1.6993097
CCCCCCCCCCCCNC(=O)C(CCCCCOC(=O)CCC(C)CCCCC)NC1=CC(C)=NN1C,-0.16083883
CCCCCCCOP(=O)(O)OCCNCCCNCCCN(CCCNCCOP(=O)(O)OCCCCCCC)CCOP(=O)(O)OCCCCCCC,-0.049844533
CCCCCCCCCCCCCCCCNC(=O)C(CCCCCOC(=O)CCCCCCCCC=C)NC1CCNCC1,-1.3260969
CCCCCCCCCCCCNC(=O)C(CCCCCOC(=O)CCCCCCCCC#C)NCCCN(C)CCCN,-1.3449798
CCCCCCCCCCCCCCCC(=O)OCCCCCC(NCCN(CCN)CCN)C(=O)NCCCCCCCCCCCC,0.30115673
CCCCCCCCCCCCCCCCCC(=O)OCCCCCC(NCCCN(CC)CC)C(=O)NCCCCCCCCCCCC,0.6455456
CCCCOP(=O)(O)OCCNCCCN(CCCN(CCCNCCOP(=O)(O)OCCCC)CCOP(=O)(O)OCCCC)CCOP(=O)(O)OCCCC,-0.008414411
CCCCCCCCCCCCCCN(CCCCCCCCCCCCCC)CCOP(=O)(O)OCCCCCCC,0.9867917
CCCCCCCCCCCOP(=O)(O)OCCN(CCCCCCCC)CCCCCCCC,2.007046
CCCCCCCCCCCCCCCCNC(=O)C(CCCCCOC(=O)CCCCCCC\C=C/CCCCCCCC)NC1=CNN=C1,0.8542171
CCCCCCCCCCCOP(=O)(O)OCCNCCN1CCN(CCOP(=O)(O)OCCCCCCCCCCC)CC1,-0.8464351
CCCCCCCCCCCCCCCCCCNC(=O)C(CCCCCOC(=O)CCCCCCCCC#C)NCCCN(C)C,0.2488616
CCCCCCCCCCCCNC(=O)C(CCCCCOC(=O)CCCCCCCCCC)NCCCN(CCCC)CCCC,0.24310957
CCCCCCCCCCCCCCNC(=O)C(CCCCCOC(=O)CCCCCCCCCC)NN1CCCCC1,0.67419493
CCCCCCCCCCCCCCOP(=O)(O)OCCN(CCCCCCCCCCCC)CCCCCCCCCCCC,1.6219052
CCCCCCCCCCCCNC(=O)C(CCCCCOC(=O)CCCCCCCCC#C)NC1=CC(C)=NN1C,0.44791463
CCCCCCCCCC(=O)OCCCCCC(NCCCN1CCCC1)C(=O)NCCCCCCCC\C=C/CCCCCCCC,1.5842185
CCCCCCCCCCCCCCNC(=O)C(CCCCCOC(=O)CCCCCCCCC)NCCCN(C)CCCN,-1.096573
CCCCCCOP(=O)(O)OCCNCCOCCOCCNCCOP(=O)(O)OCCCCCC,-0.22773036
CCCCCCCCCCCCCCCC(=O)OCCCCCC(NCCN1CCCCC1)C(=O)NCCCCCCCCCCCC,0.54159737
CCCCCCCCCCOP(=O)(O)OCCN(CCCCCCCCCC)CCCCCCCCCC,1.9230745
CCCCCCCCCCOP(=O)(O)OCCNCCOCCOCCNCCOP(=O)(O)OCCCCCCCCCC,0.27958262
N(CCC(=O)OCCOC(=O)C(C)CSC/C=C(C)/CC/C=C(C)/CCC=C(C)C)(CCC(=O)OCCOC(=O)C(C)CSC/C=C(C)/CC/C=C(C)/CCC=C(C)C)CCCN1CCN(C)CC1,0.962152
CCCCCCCCCCNCCOP(=O)(O)OCCCCCCCCCC,0.7711727
CCCCOP(=O)(O)OCCN(C)CCN(CCN(C)CCOP(=O)(O)OCCCC)CCN(C)CCOP(=O)(O)OCCCC,-0.08669785
CCCCCCCCCCCCCCCCNC(=O)C(CCCCCOC(=O)CCCCCCCCC)NCCN1CCCCC1,0.8551122
CCCCCCCCCCCCCCCCCCNC(=O)C(CCCCCOC(=O)CCCCCCCCCCCCCCCCC)NC1CCN(C)CC1,0.31837526
CCCCCCCCCCCOP(=O)(O)OCCNCCCNCCCN(CCCNCCOP(=O)(O)OCCCCCCCCCCC)CCOP(=O)(O)OCCCCCCCCCCC,0.18299606
CCCCCCCCCCCCCCCCNC(=O)C(CCCCCOC(=O)\C=C\CCCCCCC)NCCN(CC)CC,-0.21765052
CCCCCCCCCCCCCCCOP(=O)(O)OCCNCCN(CCNCCN(CCNCCOP(=O)(O)OCCCCCCCCCCCCCCC)CCOP(=O)(O)OCCCCCCCCCCCCCCC)CCOP(=O)(O)OCCCCCCCCCCCCCCC,-1.1736808
CCCCCCCCCCOP(=O)(O)OCCN(C)CCN(CCN(C)CCOP(=O)(O)OCCCCCCCCCC)CC[N+](C)(CCOP(=O)(O)OCCCCCCCCCC)CCOP(=O)(O)OCCCCCCCCCC,0.17034379
CCCCCCCCCCCCCCCC(=O)OCCCCCC(NC1CCNCC1)C(=O)NCCCCCCCC\C=C/CCCCCCCC,-1.1280487
CCCCCCCCCCCCCCCCCCNC(=O)C(CCCCCOC(=O)CCCCCCCCC=C)NC1CCNCC1,-1.3502662
CCCCOP(=O)(O)OCCN(CCCN1CCN(CCCN(CCOP(=O)(O)OCCCC)CCOP(=O)(O)OCCCC)CC1)CCOP(=O)(O)OCCCC,-0.20067263
CCCCCCCCCCCCCCNC(=O)C(CCCCCOC(=O)\C=C\CCCCCCC)NCCN(C)C,-0.32460403
CCCCCCCCCCCCNC(=O)C(CCCCCOC(=O)CCC(C)CCCCC)NCCN(CCN)CCN,-0.67401385
CCCCCCCC\C=C/CCCCCCCCNC(=O)C(CCCCCOC(=O)CCC(C)CCCCC)NCCN(C)C,1.3246851
CCCCCCCCCCCCCCCCCCNC(=O)C(CCCCCOC(=O)CCC(C)CCCCC)NN1CCOCC1,0.0861981
CCCCCCCCCCCCCCNC(=O)C(CCCCCOC(=O)CCCCCCCC)NN1CCOCC1,-0.41520756
CCCCCCCCCCCCCCCOP(=O)(O)OCCN(CCCCCCCCCCCC)CCCCCCCCCCCC,1.5017327
CCCCCCCCCCCCCCCCNC(=O)C(CCCCCOC(=O)CCCCCCCC)NCCN(C)C,-0.20109719
CCCCCCCCCCCCCCCCCCNC(=O)C(CCCCCOC(=O)CCCCCCC\C=C/CCCCCCCC)NCCCN1CCCC1,0.13333508
CCCCCCCC\C=C/CCCCCCCCNC(=O)C(CCCCCOC(=O)CCCCCCC\C=C/C\C=C/CCCCC)NCCCN1CCCC1,0.5644389
CCCCCCCCCCCCCCNC(=O)C(CCCCCOC(=O)CCCCCCCCC#C)NC1CCNCC1,-1.4102921
CCCCCCCCOP(=O)(O)OCCNCCOCCOCCNCCOP(=O)(O)OCCCCCCCC,-0.2539668
CCCCCCCCCCCCNC(=O)C(CCCCCOC(=O)CCCCCCC\C=C/CCCCCCCC)NCCN1CCCC1,0.10377126
CCCCCCCCCCCCCCCCCCNC(=O)C(CCCCCOC(=O)\C=C\CCCCCCC)NCC1CCCN1CC,-1.0888017
CCCCCCCCCCCCCCOP(=O)(O)OCCNCCN(CCNCCOP(=O)(O)OCCCCCCCCCCCCCC)CCN(CCOP(=O)(O)OCCCCCCCCCCCCCC)CCOP(=O)(O)OCCCCCCCCCCCCCC,-1.2015437
CCCCCCCCCCOP(=O)(O)OCCNCCNCCNCCNCCOP(=O)(O)OCCCCCCCCCC,0.555041
CCCCCCCCCCCCCCCCCC(=O)OCCCCCC(NCC1CCCN1CC)C(=O)NCCCCCCCCCCCCCC,-0.8454453
CCCCCCCCCCCCCCCCN(CCCCCCCCCCCCCCCC)CCOP(=O)(O)OCCCCCCCCCCCCCCC,0.1500504
CCCCCCCC\C=C/CCCCCCCCNC(=O)C(CCCCCOC(=O)CCCCCCC\C=C/C\C=C/CCCCC)NC1CCNCC1,-0.8277299
CCCCCCCCCCCCCCCCNC(=O)C(CCCCCOC(=O)CCCCCCCCCC)NCCN(C)C,-0.7900708
CCCCCCCCCCCCCCNC(=O)C(CCCCCOC(=O)CCCCCCCCCC)NCCCN(C)C,0.42372274
CCCCCCCCCCCCCCCCCC(=O)OCCCCCC(NC1=CNN=C1)C(=O)NCCCCCCCC\C=C/CCCCCCCC,1.0143204
CCCCCCOP(=O)(O)OCCN(CCCN(C)C)CCCN(CCOP(=O)(O)OCCCCCC)CCOP(=O)(O)OCCCCCC,-0.49301165
CCCCCCCCCCCCCCCCCCNC(=O)C(CCCCCOC(=O)CCCCCCCCC=C)NCCCN1CCCC1,0.33375415
CCCCCCCCCCCCNC(=O)C(CCCCCOC(=O)CCC(C)CCCCC)NCCCN1CCCC1,0.25982326
CCCCCCCCCC(=O)OCCCCCC(NCCCN(C)C)C(=O)NCCCCCCCC\C=C/CCCCCCCC,1.5012463
CCCCCOP(=O)(O)OCCNCCCNCCCN(CCCNCCOP(=O)(O)OCCCCC)CCOP(=O)(O)OCCCCC,-0.6868222
CCCCCCCCCCCCCCCCCCNC(=O)C(CCCCCOC(=O)CCCCCCCC)NC1CCN(C)CC1,-0.50564945
CCCCCCCCCCCCCCCCN(CCCCCCCCCCCCCCCC)CCOP(=O)(O)OCCCC,0.21103254
CCCCCCCCCCCCOP(=O)(O)OCCNCCCC,1.7769991
CCCCCCCCCCCCCCCCOP(=O)(O)OCC[N+](CCCCCCCCCC)(CCCCCCCCCC)CCCCCCCCCC,0.250151
CCCCCCCCCCCOP(=O)(O)OCCNCCN(CCN)CCNCCOP(=O)(O)OCCCCCCCCCCC,-0.2786809
N(CCN(CCC(=O)OCCOC(=O)C(C)CSCC/C=C/CC)(CCC(=O)OCCOC(=O)C(C)CSCC/C=C/CC))(CCN(CCC(=O)OCCOC(=O)C(C)CSCC/C=C/CC)(CCC(=O)OCCOC(=O)C(C)CSCC/C=C/CC))CCN(CCC(=O)OCCOC(=O)C(C)CSCC/C=C/CC)(CCC(=O)OCCOC(=O)C(C)CSCC/C=C/CC),0.6065594
CCCCCCCCCCCCCCCCCCNC(=O)C(CCCCCOC(=O)CCCCCCCCC)NCCCN1CCOCC1,0.9603811
CCCCCCCCCCCCOP(=O)(O)OCCN(C)CCN(CCNC)CCN(C)CCOP(=O)(O)OCCCCCCCCCCCC,-0.3676328
CCCCCCCCCCCCCCNC(=O)C(CCCCCOC(=O)CCCCCCCCCC)NC1=CC(C)=NN1C,0.5643659
CCCCCCCCCCCCCCCCCCNC(=O)C(CCCCCOC(=O)CCCCCCCCC=C)NCCN1CCCC1,0.32863614
CCCCCCCCCCCCCCCCNC(=O)C(CCCCCOC(=O)CCCCCCCCCC)NCCCN(C)C,0.09172351
CCCCCCCCCCCCCCCCNC(=O)C(CCCCCOC(=O)CCC(C)CCCCC)NCCCN1CCOCC1,-0.18021148
CCCCCCCCCCCCOP(=O)(O)OCCN(CCCC)CCCC,0.34740934
CCCCCCCCCCCCNC(=O)C(CCCCCOC(=O)\C=C\CCCCCCC)NCCCN(CCCC)CCCC,0.4192752
CCCCCCCCCCCCCCCCNC(=O)C(CCCCCOC(=O)CCCCCCCCCCCCCCC)NCCCN1CCOCC1,0.30134806
CCCCCCCC\C=C/CCCCCCCCNC(=O)C(CCCCCOC(=O)CCCCCCC\C=C/C\C=C/CCCCC)NN1CCOCC1,-1.0260962
CCCCCCCCCCCCCCCCCCNC(=O)C(CCCCCOC(=O)CCCCCCCCCC)NC1CCNCC1,-1.188133
CCCCCCCC\C=C/CCCCCCCCNC(=O)C(CCCCCOC(=O)CCCCCCC\C=C/C\C=C/CCCCC)NCCN(C)C,0.5358397
CCCCCCCCCCOP(=O)(O)OCC[N+](CCCCCC)(CCCCCC)CCCCCC,0.52900577
CCCCCCCCCCCCCCCCCCNC(=O)C(CCCCCOC(=O)CCCCCCCCC=C)NC1=CNN=C1,0.33675376
CCCCCCCCCCOP(=O)(O)OCCNCCNCCN(CCNCCOP(=O)(O)OCCCCCCCCCC)CCOP(=O)(O)OCCCCCCCCCC,0.41177294
CCCCCCCCCCCCN(CCCCCCCCCCCC)CCOP(=O)(O)OCCCC,1.1046333
CCCCCCCCCCCCCOP(=O)(O)OCCNCCCN1CCN(CCCNCCOP(=O)(O)OCCCCCCCCCCCCC)CC1,-0.3958564
CCCCCCCCCCCCCCNC(=O)C(CCCCCOC(=O)CCCCCCCC)NCCN(CC)CC,0.17064857
CCCCCCCCCCCCCCCCCCNC(=O)C(CCCCCOC(=O)CCCCCCCCC)NCCN(C)C,0.37956122
CCCCCCCCCCCCCCCCCCNC(=O)C(CCCCCOC(=O)\C=C\CCCCCCC)NCCN(CCN)CCN,0.07665737
CCCCCCCCCCCCCCCCCCNC(=O)C(CCCCCOC(=O)CCCCCCCCC)NCCCN(C)C,0.95180696
CCCCCCCCCCCCCOP(=O)(O)OCC[N+](CCCCCCCCCCCC)(CCCCCCCCCCCC)CCCCCCCCCCCC,0.6740594
CCCCCCCCCCCCCCNCCOP(=O)(O)OCCCCCCCC,0.040535986
CCCCCCCCCCCCCCCCCC(=O)OCCCCCC(NN1CCOCC1)C(=O)NCCCCCCCCCCCCCCCC,0.43912032
CCCCCCCCCCCCNC(=O)C(CCCCCOC(=O)CCCCCCC\C=C/C\C=C/CCCCC)NCCCN(C)C,-0.6960577
CCCCCCCCCCCCCCCC(=O)OCCCCCC(NN1CCOCC1)C(=O)NCCCCCCCCCCCCCC,0.4063105
CCCCCCCCCCOP(=O)(O)OCCNCCN(CCNCCN(CCNCCOP(=O)(O)OCCCCCCCCCC)CCOP(=O)(O)OCCCCCCCCCC)CCOP(=O)(O)OCCCCCCCCCC,0.582168
CCCCCCCOP(=O)(O)OCCNCCN(CCN)CCNCCOP(=O)(O)OCCCCCCC,-0.24475227
CCCCCCCCCCCCNC(=O)C(CCCCCOC(=O)CCCCCCC\C=C/CCCCCCCC)NCCN(C(C)C)C(C)C,-0.559369
CCCCCCCCCCCCCCNC(=O)C(CCCCCOC(=O)\C=C\CCCCCCC)NCCN(C(C)C)C(C)C,0.6886928
CCCCCCCCCCCCCOP(=O)(O)OCCNCCNCCNCCNCCNCCOP(=O)(O)OCCCCCCCCCCCCC,-0.57943046
CCCCCCCCCCCOP(=O)(O)OCCNCCCCCCCCCC,0.83702236
CCCCCCCCCCCCCCCCCC(=O)OCCCCCC(NCCN(C)C)C(=O)NCCCCCCCCCCCCCCCC,-0.4315912
CCCCCCCCCCCCCCCCOP(=O)(O)OCCN(CCCCCCCC)CCCCCCCC,2.2656431
CCCCCCCCCCCCCCCOP(=O)(O)OCC[N+](CCCCCC)(CCCCCC)CCCCCC,0.63341534
CCCCCCCCCCCCCCCC(=O)OCCCCCC(NN1CCOCC1)C(=O)NCCCCCCCCCCCC,0.39435983
CCCCCCCCCCCCCCCCOP(=O)(O)OCCNCCNCCNCCNCCOP(=O)(O)OCCCCCCCCCCCCCCCC,-1.2266415
CCCCCCCCCCCCCCNC(=O)C(CCCCCOC(=O)CCCCCCC\C=C/C\C=C/CCCCC)NCCN(C)C,0.25546756
N(CCC(=O)OCCOC(=O)C(C)CSC/C=C\CCC)(CCC(=O)OCCOC(=O)C(C)CSC/C=C\CCC)CCCN1CCN(C)CC1,1.4807578
CCCCCCCCCCCOP(=O)(O)OCCNCCCN1CCN(CCCN(CCOP(=O)(O)OCCCCCCCCCCC)CCOP(=O)(O)OCCCCCCCCCCC)CC1,-0.3371433
CCCCCCCCCCCCCCNC(=O)C(CCCCCOC(=O)CCCCCCCCC=C)NCCCN(CC)CC,-0.046581343
CCCCCCCCCCCCCCCCNC(=O)C(CCCCCOC(=O)CCCCCCC\C=C/C\C=C/CCCCC)NCCN1CCNCC1,-0.9593967
CCCCCCCCCCCCCOP(=O)(O)OCCN(CCCN(C)C)CCCN(CCOP(=O)(O)OCCCCCCCCCCCCC)CCOP(=O)(O)OCCCCCCCCCCCCC,-1.0782987
CCCCCCCC\C=C/CCCCCCCCNC(=O)C(CCCCCOC(=O)\C=C\CCCCCCC)NCCCN1CCOCC1,1.1744442
CCCCCCCCCCCCCCCCOP(=O)(O)OCCN(CCCCCCCCCC)CCCCCCCCCC,1.5790266
CCCCCCCCCCCCCCCCNC(=O)C(CCCCCOC(=O)\C=C\CCCCCCC)NCCCN(CC)CC,-0.13523896
CCCCCCCCCCCCCCCCCC(=O)OCCCCCC(NCCN(CC)CC)C(=O)NCCCCCCCCCCCCCCCC,0.2956351
CCCCCCCCCCCCCCCCNC(=O)C(CCCCCOC(=O)CCCCCCCCC)NC1=CC(C)=NN1C,0.6773575
CCCCCCCC\C=C/CCCCCCCCNC(=O)C(CCCCCOC(=O)CCCCCCC\C=C/C\C=C/CCCCC)NC1=CC(C)=NN1C,-1.2925762
CCCCCCOP(=O)(O)OCCN(CCCN1CCN(CCCN(CCOP(=O)(O)OCCCCCC)CCOP(=O)(O)OCCCCCC)CC1)CCOP(=O)(O)OCCCCCC,-1.1704998
CCCCCCCCOP(=O)(O)OCCNCCNCCNCCN(CCNCCOP(=O)(O)OCCCCCCCC)CCOP(=O)(O)OCCCCCCCC,-0.10500373
OCCN(CCC(=O)OCCOC(=O)C(C)CSC/C=C\C/C=C\CC)CCCN(CCC(=O)OCCOC(=O)C(C)CSC/C=C\C/C=C\CC)(CCC(=O)OCCOC(=O)C(C)CSC/C=C\C/C=C\CC),-0.9862542
CCCCCCCCCCC(=O)OCCCCCC(NCCCN(C)CCCN)C(=O)NCCCCCCCC\C=C/CCCCCCCC,-1.0035615
CCCCCCCCCCCCN(CCCCCCCCCCCC)CCOP(=O)(O)OCCCCCCCCCCC,1.9858154
CCCCCCCCCCCCOP(=O)(O)OCC[N+](CCCCCCCC)(CCCCCCCC)CCCCCCCC,0.46228498
CCCCCCCCCCCCCCNC(=O)C(CCCCCOC(=O)\C=C\CCCCCCC)NCCN1CCCC1,0.85268533
CCCCCCCCCCCCNC(=O)C(CCCCCOC(=O)CCCCCCCCC)NN1CCOCC1,0.5643235
CCCCCCCCOP(=O)(O)OCCN(C)CCN(CCN(C)CCOP(=O)(O)OCCCCCCCC)CCN(C)CCOP(=O)(O)OCCCCCCCC,-0.9048332
CCCCCCCCCCCCCCCCNC(=O)C(CCCCCOC(=O)CCCCCCCCCCCCCCC)NCCCN(C)CCCN,-1.3493574
CCCCCCCCCCCCCCCCNC(=O)C(CCCCCOC(=O)\C=C\CCCCCCC)NC1=CC(C)=NN1C,0.45092997
CCCCCCCCCCCCCOP(=O)(O)OCC[N+](CCCCCCCCCC)(CCCCCCCCCC)CCCCCCCCCC,0.23289745
CCCCCCCCCCCCNC(=O)C(CCCCCOC(=O)CCCCCCCCC)NC1CCNCC1,-0.9723872
CCCCCCCCCCCCNC(=O)C(CCCCCOC(=O)CCCCCCCCCC)NCCN(C(C)C)C(C)C,0.4168338
CCCCCCCCCCCCNC(=O)C(CCCCCOC(=O)CCCCCCCCC=C)NCCN(CC)CC,-0.42578122
CCCCCCCCCCCCCCCCCC(=O)OCCCCCC(NN1CCCCC1)C(=O)NCCCCCCCCCCCCCCCC,0.45105538
CCCCCCCCCCCCCOP(=O)(O)OCCN(CCCCCCCCCC)CCCCCCCCCC,2.3403156
CCCCCCCCCCCCCCNCCOP(=O)(O)OCCCC,0.11267903
CCCCCCOP(=O)(O)OCCNCCN(CCOP(=O)(O)OCCCCCC)CCN(CCNCCOP(=O)(O)OCCCCCC)CCOP(=O)(O)OCCCCCC,-0.9815648
CCCCCCCC\C=C/CCCCCCCCNC(=O)C(CCCCCOC(=O)CCCCCCC\C=C/CCCCCCCC)NCC1CCCN1CC,-1.1425934
CCCCCCCCCCCCCCCCCCNC(=O)C(CCCCCOC(=O)CCCCCCCCC#C)NC1CCNCC1,-1.5385338
CCCCCCCCCCCCCCNC(=O)C(CCCCCOC(=O)CCC(C)CCCCC)NCCCN(CC)CC,0.79942346
CCCCCCCCCCCCCCNCCOP(=O)(O)OCCCCCCCCCCCC,0.6704134
CCCCCCCCCCCCCCCCCCNC(=O)C(CCCCCOC(=O)CCCCCCCCC)NC1CCN(C)CC1,0.7330013
N(CCN(CCC(=O)OCCOC(=O)C(C)CSCCCCCC)(CCC(=O)OCCOC(=O)C(C)CSCCCCCC))(CCN(CCC(=O)OCCOC(=O)C(C)CSCCCCCC)(CCC(=O)OCCOC(=O)C(C)CSCCCCCC))CCN(CCC(=O)OCCOC(=O)C(C)CSCCCCCC)(CCC(=O)OCCOC(=O)C(C)CSCCCCCC),1.1979442
CCCCCCCCCCCCCCCCCCNC(=O)C(CCCCCOC(=O)CCCCCCC\C=C/C\C=C/CCCCC)NN1CCCCC1,-1.2846278
CCCCCCCCCCCCCCNC(=O)C(CCCCCOC(=O)CCCCCCCCC#C)NCCN1CCNCC1,-1.0818735
CCCCCCCCCCCCNC(=O)C(CCCCCOC(=O)CCCCCCCCC#C)NCCN1CCCCC1,0.3758865
CCCCCCCCCCCCNC(=O)C(CCCCCOC(=O)CCCCCCC\C=C/C\C=C/CCCCC)NCCN(C(C)C)C(C)C,-1.0078932
N(CCN(CCC(=O)OCCOC(=O)C(C)CSCCC/C=C/C)(CCC(=O)OCCOC(=O)C(C)CSCCC/C=C/C))(CCN(CCC(=O)OCCOC(=O)C(C)CSCCC/C=C/C)(CCC(=O)OCCOC(=O)C(C)CSCCC/C=C/C))CCN(CCC(=O)OCCOC(=O)C(C)CSCCC/C=C/C)(CCC(=O)OCCOC(=O)C(C)CSCCC/C=C/C),1.0905294
CCCCCCCCCCC(=O)OCCCCCC(NCCN(CC)CC)C(=O)NCCCCCCCC\C=C/CCCCCCCC,0.62247264
CCCCCCCCCCCCCCCCN(CCCCCCCCCCCCCCCC)CCOP(=O)(O)OCCCCCCCCCCCCC,0.26007706
CCCCCCCCCCCCCCOP(=O)(O)OCCN(C)CCN(CCN(C)CCOP(=O)(O)OCCCCCCCCCCCCCC)CC[N+](C)(CCOP(=O)(O)OCCCCCCCCCCCCCC)CCOP(=O)(O)OCCCCCCCCCCCCCC,-1.2440245
CCCCCCCCCCCCCCCOP(=O)(O)OCC[N+](CCCCCCCC)(CCCCCCCC)CCCCCCCC,0.05741275
CCCCCCCCCCCCCCCCCCNC(=O)C(CCCCCOC(=O)CCCCCCCCCCCCCCC)NCCN1CCCCC1,0.632427
CCCCCCCCCCCCNC(=O)C(CCCCCOC(=O)CCCCCCCCC#C)NCCCN1CCOCC1,-0.3234678
CCCCCCCCCCCCCCCCCCNC(=O)C(CCCCCOC(=O)CCCCCCCCC#C)NCCCN1CCCC1,0.33727762
CCCCCCCCCCCCCCNC(=O)C(CCCCCOC(=O)CCCCCCCC)NCCN1CCNCC1,-0.91369647
CCCCCCCCCCCCNC(=O)C(CCCCCOC(=O)CCCCCCCCC=C)NCCCN1CCOCC1,-0.2412271
CCCCCCCCCCCOP(=O)(O)OCCNCCCNCCCNCCCNCCOP(=O)(O)OCCCCCCCCCCC,-0.9021154
CCCCCCCCCCCOP(=O)(O)OCC[N+](CCCCCCCC)(CCCCCCCC)CCCCCCCC,0.9135878
CCCCCCOP(=O)(O)OCCN(CCOP(=O)(O)OCCCCCC)CCN1CCN(CCOP(=O)(O)OCCCCCC)CC1,-1.0281507
CCCCCCCCCCCCCCNC(=O)C(CCCCCOC(=O)CCC(C)CCCCC)NCCN(CCN)CCN,-0.71054435
N(CCN(CCC(=O)OCCOC(=O)C(C)CSCC/C=C\CC)(CCC(=O)OCCOC(=O)C(C)CSCC/C=C\CC))(CCN(CCC(=O)OCCOC(=O)C(C)CSCC/C=C\CC)(CCC(=O)OCCOC(=O)C(C)CSCC/C=C\CC))CCN(CCC(=O)OCCOC(=O)C(C)CSCC/C=C\CC)(CCC(=O)OCCOC(=O)C(C)CSCC/C=C\CC),0.6065594
CCCCCCCCCCCCOP(=O)(O)OCCNCCCN(CCCNCCOP(=O)(O)OCCCCCCCCCCCC)CCOP(=O)(O)OCCCCCCCCCCCC,-0.060345013
CCCCCCCCCCCCCCNC(=O)C(CCCCCOC(=O)CCCCCCCCC=C)NCCCN(CCCC)CCCC,0.7466946
CCCCCCCCCCCCCCCOP(=O)(O)OCCNCCCNCCCNCCOP(=O)(O)OCCCCCCCCCCCCCCC,-1.0212297
CCCCCCCCCCCCCCCCCCNC(=O)C(CCCCCOC(=O)CCCCCCC\C=C/CCCCCCCC)NCCCN(CCCC)CCCC,-1.2283926
CCCCCCCCCCCCCCCCNC(=O)C(CCCCCOC(=O)CCCCCCCCCC)NCCCN(CC)CC,-0.24673945
CCCCCCCCCCCCCCCCCCNC(=O)C(CCCCCOC(=O)\C=C\CCCCCCC)NCCN(C(C)C)C(C)C,0.32627532
CCCCCCCCCCCCCCCCCCNC(=O)C(CCCCCOC(=O)CCCCCCC\C=C/C\C=C/CCCCC)NCCN(CC)CC,0.4174559
CCCCCCCCCCCCCCNC(=O)C(CCCCCOC(=O)CCCCCCC\C=C/C\C=C/CCCCC)NCCCN1CCOCC1,-0.7782551
CCCCCCCC\C=C/CCCCCCCCNC(=O)C(CCCCCOC(=O)\C=C\CCCCCCC)NC1CCNCC1,-0.8838263
CCCCCOP(=O)(O)OCCNCCCN(CCCN(C)C)CCOP(=O)(O)OCCCCC,-0.9442368
CCCCCCCCCCCCCCNC(=O)C(CCCCCOC(=O)CCCCCCCC)NCCN(C)C,-0.42960867
CCCCCCCCCCCCNC(=O)C(CCCCCOC(=O)CCCCCCCC)NCCCN(C)C,-0.25481656
CCCCCCCC\C=C/CCCCCCCCNC(=O)C(CCCCCOC(=O)CCCCCCCCC=C)NCCCN1CCCC1,1.0628642
CCCCCCCCCCCCCCCCCCNC(=O)C(CCCCCOC(=O)CCCCCCCCC)NC1CCNCC1,-0.7767509
CCCCCCCCCCCCCCCCN(CCCCCCCCCCCCCCCC)CCOP(=O)(O)OCCCCCCCC,0.39578563
CCCCCCCCCCCOP(=O)(O)OCCNCCCN(CCCNCCOP(=O)(O)OCCCCCCCCCCC)CCOP(=O)(O)OCCCCCCCCCCC,-0.63316655
CCCCCCCCCCCCCCCCNC(=O)C(CCCCCOC(=O)CCCCCCCC)NCCN(CC)CC,0.27741954
CCCCCCCCCCCCCCNC(=O)C(CCCCCOC(=O)\C=C\CCCCCCC)NC1=CNN=C1,0.7147764
CCCCCOP(=O)(O)OCCNCCN(CCNCCOP(=O)(O)OCCCCC)CCNCCOP(=O)(O)OCCCCC,-1.1616217
N(CCC(=O)OCCOC(=O)C(C)CSC/C=C/CCC)(CCC(=O)OCCOC(=O)C(C)CSC/C=C/CCC)CCCN1CCN(CCCN(CCC(=O)OCCOC(=O)C(C)CSC/C=C/CCC)(CCC(=O)OCCOC(=O)C(C)CSC/C=C/CCC))CC1,-0.8065716
CCCCCCCCCCCCNC(=O)C(CCCCCOC(=O)CCCCCCC\C=C/C\C=C/CCCCC)NCCCN(CC)CC,0.96669394
CCCCCCCCCCCCCCCCN(CCCCCCCCCCCCCCCC)CCOP(=O)(O)OCCCCCCCCCCC,0.9188105
CCCCCCCCCCCCCCNCCOP(=O)(O)OCCCCCCCCCC,0.958656
CCCCCCCCCCCCNC(=O)C(CCCCCOC(=O)CCCCCCCCC=C)NCCN(C)C,-0.94533193
CCCCCCCCCOP(=O)(O)OCCN(CCCCCC)CCCCCC,0.9589765
CCCCCCCCCCCCNC(=O)C(CCCCCOC(=O)CCCCCCC\C=C/CCCCCCCC)NCCCN(C)C,-0.4834603
CCCCCCCCCCCCCCCCCCNC(=O)C(CCCCCOC(=O)CCCCCCCCCC)NCCN1CCCCC1,0.8739347
CCCCCCCCCCCCCCNC(=O)C(CCCCCOC(=O)CCC(C)CCCCC)NCCN(C)C,-0.20397545
CCCCCCCCCCNCCOP(=O)(O)OCCCCCC,0.22764726
CCCCCCCC\C=C/CCCCCCCCNC(=O)C(CCCCCOC(=O)CCCCCCCCC#C)NC1=CC(C)=NN1C,0.8497831
CCCCCCCCCCN(CCCCCCCCCC)CCOP(=O)(O)OCCCCCCCCC,1.4473119
CCCCCCCCCCCCNC(=O)C(CCCCCOC(=O)\C=C\CCCCCCC)NN1CCCCC1,0.5851987
N(CCC(=O)OCCOC(=O)C(C)CSC/C=C(C)\CCC=C(C)C)(CCC(=O)OCCOC(=O)C(C)CSC/C=C(C)\CCC=C(C)C)CCCN(C)CCCN(CCC(=O)OCCOC(=O)C(C)CSC/C=C(C)\CCC=C(C)C)(CCC(=O)OCCOC(=O)C(C)CSC/C=C(C)\CCC=C(C)C),-0.38783324
CCCCCCCCN(CCCCCCCC)CCOP(=O)(O)OCCCCC,0.15762267
N(CCC(=O)OCCOC(=O)C(C)CSCCCCCCCC)(CCC(=O)OCCOC(=O)C(C)CSCCCCCCCC)CCN(C)C,-0.68452287
CCCCCCCCCCCCCCNCCOP(=O)(O)OCCCCC,-0.10279885
CCCCCCCCCCCCCCNC(=O)C(CCCCCOC(=O)CCCCCCC\C=C/CCCCCCCC)NCCCN(C)CCCN,-1.0203514
CCCCCCCCCCCCCCOP(=O)(O)OCCN(CCCC)CCCC,0.20931715
CCCCCCCCCCCCCCCCCCNC(=O)C(CCCCCOC(=O)CCCCCCCCC#C)NCCCN(CCCC)CCCC,-0.006953231
CCCCCCCCCCCOP(=O)(O)OCCNCCOCCOCCNCCOP(=O)(O)OCCCCCCCCCCC,-0.5568101
CCCCCCCCCCCCCCCCCCNC(=O)C(CCCCCOC(=O)CCCCCCCCC)NCCCN(C)CCCN,-1.3269962
CCCCCCCCCCCCCCCCCCNC(=O)C(CCCCCOC(=O)CCCCCCCCCCCCCCCCC)NCCCN1CCCC1,0.69072485
CCCCCCCCCCCCCCNC(=O)C(CCCCCOC(=O)CCCCCCCCCC)NCCCN(CC)CC,0.021015396
N(CCC(=O)OCCOC(=O)C(C)CSCCC/C=C\C)(CCC(=O)OCCOC(=O)C(C)CSCCC/C=C\C)CCCN(C)CCCN(CCC(=O)OCCOC(=O)C(C)CSCCC/C=C\C)(CCC(=O)OCCOC(=O)C(C)CSCCC/C=C\C),-0.09172721
CCCCCCCCCCCCCCN(CCCCCCCCCCCCCC)CCOP(=O)(O)OCCCCCCCCC,1.3078537
CCCCCCCCCCCCCCCCNC(=O)C(CCCCCOC(=O)CCCCCCCCC=C)NCCN1CCCC1,0.3790731
CCCCCCCC\C=C/CCCCCCCCNC(=O)C(CCCCCOC(=O)CCCCCCCC)NCCN(CCN)CCN,0.69420356
CCCCCCCCCCCCCCCCCC(=O)OCCCCCC(NCCCN1CCOCC1)C(=O)NCCCCCCCCCCCCCCCC,0.47596735
CCCCCCCCCCCCCCCCCCNC(=O)C(CCCCCOC(=O)CCCCCCCCCCCCCCC)NCCN1CCNCC1,-1.0233564
CCCCCCCCCCCCCCCCNC(=O)C(CCCCCOC(=O)CCC(C)CCCCC)NCCN(CCN)CCN,-0.4948567
CCCCCCCCCCCOP(=O)(O)OCCNCCNCCNCCNCCOP(=O)(O)OCCCCCCCCCCC,-0.09596839
CCCCCCCCCCCCCCNC(=O)C(CCCCCOC(=O)CCCCCCCCC)NN1CCOCC1,0.6293167
CCCCCCCCCCCCCCCCCCNC(=O)C(CCCCCOC(=O)CCCCCCCCCCCCCCC)NCC1CCCN1CC,-0.9215105
CCCCCCCCCCCCCCCCNC(=O)C(CCCCCOC(=O)CCCCCCC\C=C/CCCCCCCC)NCCN1CCCCC1,-0.5793948
CCCCCCCCCCCCCCNC(=O)C(CCCCCOC(=O)CCCCCCCCC=C)NCCN1CCNCC1,-1.0552939
CCCCCCCCCCCCCCOP(=O)(O)OCC[N+](CCCCCCCCCC)(CCCCCCCCCC)CCCCCCCCCC,0.20980674
CCCCCCCCCCCCCCCCNC(=O)C(CCCCCOC(=O)CCCCCCC\C=C/CCCCCCCC)NCCCN1CCCC1,0.479064
CCCCCCCCCCCC[N+](CCCCCCCCCCCC)(CCCCCCCCCCCC)CCOP(=O)(O)OCCCCCCCCCCC,0.96148026
CCCCCCCCCCCCCCN(CCCCCCCCCCCCCC)CCOP(=O)(O)OCCCCCCCC,0.8292503
CCCCCCCCCCCCCCCCCCNC(=O)C(CCCCCOC(=O)CCCCCCCCCC)NN1CCOCC1,0.58131176
CCCCCCCCCCCCCCCCCCNC(=O)C(CCCCCOC(=O)CCCCCCC\C=C/C\C=C/CCCCC)NCCCN(C)CCCN,-1.507146
CCCCCCCCCCCCCCNC(=O)C(CCCCCOC(=O)CCCCCCCCC)NC1CCN(C)CC1,0.5202092
CCCCCCCC\C=C/CCCCCCCCNC(=O)C(CCCCCOC(=O)CCCCCCCCC#C)NCCCN1CCCC1,0.85899895
CCCCCCCCCCCCCCCCCCNC(=O)C(CCCCCOC(=O)CCCCCCCCCCCCCCC)NCCN1CCCC1,0.6298273
CCCCCCCCCCCCCCNC(=O)C(CCCCCOC(=O)CCCCCCCCCC)NCCCN(C)CCCN,-1.2141947
CCCCCCCCCCCCCCCCNC(=O)C(CCCCCOC(=O)\C=C\CCCCCCC)NCCN(C(C)C)C(C)C,0.44721836
CCCCCCCCCCCCCCCCCCNC(=O)C(CCCCCOC(=O)CCC(C)CCCCC)NCCN(CC)CC,1.2259896
CCCCCCCCCCCCCCNC(=O)C(CCCCCOC(=O)CCCCCCCCC)NCCN1CCNCC1,-0.81989455
CCCCCCCC\C=C/CCCCCCCCNC(=O)C(CCCCCOC(=O)CCC(C)CCCCC)NC1=CC(C)=NN1C,0.53546315
CCCCCCCCCCCCCCCCCC(=O)OCCCCCC(NCCN1CCNCC1)C(=O)NCCCCCCCCCCCCCC,-1.070874
CCCCCCCCCCCCCCNC(=O)C(CCCCCOC(=O)CCCCCCC\C=C/CCCCCCCC)NC1=CC(C)=NN1C,-1.3485919
CCCCCCCCCCCCNC(=O)C(CCCCCOC(=O)CCCCCCC\C=C/C\C=C/CCCCC)NCCCN1CCCC1,0.9448422
OCCN(CCC(=O)OCCOC(=O)C(C)CSCCC(C)CCC=C(C)C)CCCN(CCC(=O)OCCOC(=O)C(C)CSCCC(C)CCC=C(C)C)(CCC(=O)OCCOC(=O)C(C)CSCCC(C)CCC=C(C)C),-0.54661256
CCCCCCCCCCCCNCCOP(=O)(O)OCCCCCCC,-0.19073442
CCCCCCCC\C=C/CCCCCCCCNC(=O)C(CCCCCOC(=O)CCCCCCCC)NC1CCN(C)CC1,-0.6264292
CCCCCCCCCCCCNC(=O)C(CCCCCOC(=O)CCCCCCCC)NCC1CCCN1CC,-1.438603
CCCCCCCCCCCCCOP(=O)(O)OCCNCCCN(CCCN(CCCNCCOP(=O)(O)OCCCCCCCCCCCCC)CCOP(=O)(O)OCCCCCCCCCCCCC)CCOP(=O)(O)OCCCCCCCCCCCCC,-1.1518984
CCCCCCCCCCCCCCCCCCNC(=O)C(CCCCCOC(=O)CCCCCCCCC)NN1CCOCC1,0.7943165
CCCCCCCCCOP(=O)(O)OCCNCCCCCC,1.0115105
CCCCCCCCCCN(CCCCCCCCCC)CCOP(=O)(O)OCCCCCC,0.9444051
CCCCOP(=O)(O)OCCN(CCCC)CCCC,0.19051647
CCCCCCCCCCCCCOP(=O)(O)OCC[N+](CCCCCCCC)(CCCCCCCC)CCCCCCCC,1.1104904
CCCCCCCCCCCCCCCOP(=O)(O)OCCNCCOCCOCCNCCOP(=O)(O)OCCCCCCCCCCCCCCC,-0.9589348
CCCCCCCC\C=C/CCCCCCCCNC(=O)C(CCCCCOC(=O)CCC(C)CCCCC)NCCCN(CC)CC,2.2285156
CCCCCCCCCCCCCCCCCCNC(=O)C(CCCCCOC(=O)CCCCCCCCCC)NN1CCCCC1,0.63083625
CCCCCCCCCCCCCCOP(=O)(O)OCCN(CCCN1CCN(CCCN(CCOP(=O)(O)OCCCCCCCCCCCCCC)CCOP(=O)(O)OCCCCCCCCCCCCCC)CC1)CCOP(=O)(O)OCCCCCCCCCCCCCC,-1.2578446
CCCCCCCCCCCCCCCCNC(=O)C(CCCCCOC(=O)CCCCCCCCC#C)NC1CCN(C)CC1,0.11172273
CCCCCCCCCCCCNC(=O)C(CCCCCOC(=O)\C=C\CCCCCCC)NCCCN(CC)CC,-0.25919664
CCCCCCCCCC(=O)OCCCCCC(NCCN(CCN)CCN)C(=O)NCCCCCCCC\C=C/CCCCCCCC,0.98298043
CCCCCCCCCCCCCCCCCCNC(=O)C(CCCCCOC(=O)CCCCCCC\C=C/CCCCCCCC)NCCCN(CC)CC,-0.22767143
CCCCCCCCCCC(=O)OCCCCCC(NC1=CC(C)=NN1C)C(=O)NCCCCCCCC\C=C/CCCCCCCC,0.84567136
CCCCCCCCCCCCCCCCCCNC(=O)C(CCCCCOC(=O)\C=C\CCCCCCC)NC1CCNCC1,-1.1906238
CCCCCCCC\C=C/CCCCCCCCNC(=O)C(CCCCCOC(=O)CCCCCCCCC#C)NCCN(CC)CC,0.41393682
CCCCCCCCCCCCCCCCCCNC(=O)C(CCCCCOC(=O)CCCCCCC\C=C/C\C=C/CCCCC)NCCCN1CCOCC1,-1.2534944
