smiles,cv_0_pred_quantified_toxicity
CCCC1CCC(c2ccc(C#CCN(CC#Cc3ccc(C4CCC(CCC)CC4)cc3)CCN3CCCC3)cc2)CC1,0.9282823
CCCCCCCCCCCCCCCCOP(=O)(O)OCCN(C)CCN(CCN(C)CCOP(=O)(O)OCCCCCCCCCCCCCCCC)CC[N+](C)(CCOP(=O)(O)OCCCCCCCCCCCCCCCC)CCOP(=O)(O)OCCCCCCCCCCCCCCCC,0.8538173
CCCCCCCCCCOP(=O)(O)OCCNCCCN(CCCN(CCCNCCOP(=O)(O)OCCCCCCCCCC)CCOP(=O)(O)OCCCCCCCCCC)CCOP(=O)(O)OCCCCCCCCCC,0.94380397
CCCCCCCCCOP(=O)(O)OCCNCCN(CCNCCOP(=O)(O)OCCCCCCCCC)CCNCCOP(=O)(O)OCCCCCCCCC,0.92047715
CCCCCCCCCCCCCOP(=O)(O)OCCNCCOCCOCCNCCOP(=O)(O)OCCCCCCCCCCCCC,0.9256772
CCCCCC(C)C(=O)Oc1cc(CNCCCN2CCN(C)CC2)cc(OC(=O)C(C)CCCCC)c1,0.9770142
CCCCCCCCCCCOP(=O)(O)OCCNCCCCCC,0.88360614
CCCCCCCCCCCCCCOC(=O)CCSCCCC(=N)NCC(CCCCCC)CCCCCCCC,0.920554
CCCCCCCCCCCCCCOC(=O)CCSCCCC(=N)NCCCCCCCCCC,0.9486635
CCCCCCOP(=O)(O)OCCNCCOCCOCCNCCOP(=O)(O)OCCCCCC,0.9319771
CCCCCCCCCCOP(=O)(O)OCCNCCN(CCN)CCNCCOP(=O)(O)OCCCCCCCCCC,0.92612255
OCCN(CCC(=O)OCCOC(=O)C(C)CSCCCCCCCC)CCCN(CCC(=O)OCCOC(=O)C(C)CSCCCCCCCC)(CCC(=O)OCCOC(=O)C(C)CSCCCCCCCC),0.9422944
CCCCCCc1ccc(C#CCN(CC)CC#Cc2ccc(CCCCCC)cc2)cc1,0.9384118
CCCCCOP(=O)(O)OCCNCCN(CCN)CCNCCOP(=O)(O)OCCCCC,0.93193984
CCCCCCCCCCCCOP(=O)(O)OCCNCCCNCCCNCCCNCCOP(=O)(O)OCCCCCCCCCCCC,0.9284952
CCCCCCCCCOP(=O)(O)OCCNCCOCCOCCNCCOP(=O)(O)OCCCCCCCCC,0.9318509
CCCCOP(=O)(O)OCCNCCCN1CCN(CCCNCCOP(=O)(O)OCCCC)CC1,0.9158174
N(CCC(=O)OCCOC(=O)C(C)CSC/C=C\CCC)(CCC(=O)OCCOC(=O)C(C)CSC/C=C\CCC)CCCN1CCN(CCCN(CCC(=O)OCCOC(=O)C(C)CSC/C=C\CCC)(CCC(=O)OCCOC(=O)C(C)CSC/C=C\CCC))CC1,0.89276826
N(CCC(=O)OCCOC(=O)C(C)CSCCC/C=C/C)(CCC(=O)OCCOC(=O)C(C)CSCCC/C=C/C)CCCN1CCN(C)CC1,0.9683898
CCCCCCCCCCCCCCCOP(=O)(O)OCCN(CCOP(=O)(O)OCCCCCCCCCCCCCCC)CCN1CCN(CCOP(=O)(O)OCCCCCCCCCCCCCCC)CC1,0.93430996
CCCCCCCCCCCCCCOP(=O)(O)OCCNCCOCCOCCNCCOP(=O)(O)OCCCCCCCCCCCCCC,0.9259202
CCCCCCCCCC(=O)Oc1cc(CNCCN(C)CCN)cc(OC(=O)CCCCCCCCC)c1,0.9769269
CCCCCCCCOP(=O)(O)OCCNCCCNCCCN(CCCNCCOP(=O)(O)OCCCCCCCC)CCOP(=O)(O)OCCCCCCCC,0.92312783
CCCCCCCCCCCCCOP(=O)(O)OCCN(CCCC)CCCC,0.93733853
CCCCCCCCCCCOP(=O)(O)OCC[N+](CCCCCCCC)(CCCCCCCC)CCCCCCCC,0.949562
CCCCCCCCCCCCCCCCNC(=N)CCCSCCC(=O)OCCCCCCCCCCCCCC,0.9302438
CCCCCCc1ccc(C#CCN(CC)CCN(CC)CC#Cc2ccc(CCCCCC)cc2)cc1,0.9428448
CCCCCCCCCCCCOC(=O)CCSCCCC(=N)NCCNCCN1CCN(CCNC(=N)CCCSCCC(=O)OCCCCCCCCCCCC)CC1,0.95028716
CCCC1CCC(c2ccc(C#CCN(CC#Cc3ccc(C4CCC(CCC)CC4)cc3)CCN(CC)CC)cc2)CC1,0.9295591
CCCCCCCC(=O)Oc1cc(CNCCN(C)C)cc(OC(=O)CCCCCCC)c1,0.97321266
N(CCN(CCC(=O)OCCOC(=O)C(C)CSCC/C=C/CC)(CCC(=O)OCCOC(=O)C(C)CSCC/C=C/CC))(CCN(CCC(=O)OCCOC(=O)C(C)CSCC/C=C/CC)(CCC(=O)OCCOC(=O)C(C)CSCC/C=C/CC))CCN(CCC(=O)OCCOC(=O)C(C)CSCC/C=C/CC)(CCC(=O)OCCOC(=O)C(C)CSCC/C=C/CC),0.97567713
CCCCCCCCCCCCCCOC(=O)CCSCCCC(=N)NCCCN(CCCNC(=N)CCCSCCC(=O)OCCCCCCCCCCCCCC)CCCNC(=N)CCCSCCC(=O)OCCCCCCCCCCCCCC,0.940637
CCCCCCOP(=O)(O)OCCN(CCCCCC)CCCCCC,0.9111448
CCCCCCCCCCCCCOP(=O)(O)OCCN(CCCCCC)CCCCCC,0.9304381
CCCCCOP(=O)(O)OCCNCCCNCCCNCCCNCCOP(=O)(O)OCCCCC,0.93193096
CCCCCCCCCCC(O)CN(CCCCC(NC(=O)C(CCCCN(CC(O)CCCCCCCCCC)CC(O)CCCCCCCCCC)NC(C)=O)C(N)=O)CC(O)CCCCCCCCCC,0.8321239
CCCCCCCCCOP(=O)(O)OCCNCCCCCC,0.8681961
CCCCCCCCCCCCCCCOP(=O)(O)OCCNCCOCCOCCNCCOP(=O)(O)OCCCCCCCCCCCCCCC,0.9279112
CCCCc1ccc(C#CCN(CC#Cc2ccc(CCCC)cc2)c2ccccc2)cc1,0.93248063
CCCCC(CC)CCC(=O)Oc1cc(OC(=O)CCC(CC)CCCC)c(CNCCN2CCN(C)CC2)c(OC(=O)CCC(CC)CCCC)c1,0.95726794
N(CCC(=O)OCCOC(=O)C(C)CSC/C=C\CCC)(CCC(=O)OCCOC(=O)C(C)CSC/C=C\CCC)CCCN1CCN(C)CC1,0.9653923
CCCCCCCCCCCOP(=O)(O)OCCNCCCNCCCNCCCNCCOP(=O)(O)OCCCCCCCCCCC,0.92508274
CCCCCCCCCCNCCOP(=O)(O)OCCCCCC,0.8868935
CCCCCCCCCCCCCCCCOP(=O)(O)OCC[N+](CCCCCCCCCCCC)(CCCCCCCCCCCC)CCCCCCCCCCCC,0.9168045
CCCCCCCOP(=O)(O)OCCNCCCC,0.8716924
CCCCCCCOP(=O)(O)OCCNCCNCCNCCN(CCNCCOP(=O)(O)OCCCCCCC)CCOP(=O)(O)OCCCCCCC,0.9213829
CCCCCCCOP(=O)(O)OCCNCCN(CCOP(=O)(O)OCCCCCCC)CCN(CCNCCOP(=O)(O)OCCCCCCC)CCOP(=O)(O)OCCCCCCC,0.93892246
CCCCCCCCC(O)CN(CCCCC(NC(=O)C(CCCCN(CC(O)CCCCCCCC)CC(O)CCCCCCCC)NC(=O)C(CCCCN(CC(O)CCCCCCCC)CC(O)CCCCCCCC)NC(=O)C(CCCCN(CC(O)CCCCCCCC)CC(O)CCCCCCCC)NC(=O)C(CCCCN(CC(O)CCCCCCCC)CC(O)CCCCCCCC)NC(C)=O)C(N)=O)CC(O)CCCCCCCC,0.69952196
OCCN(CCC(=O)OCCOC(=O)C(C)CSC/C=C(C)\CCC=C(C)C)CCCN(CCC(=O)OCCOC(=O)C(C)CSC/C=C(C)\CCC=C(C)C)(CCC(=O)OCCOC(=O)C(C)CSC/C=C(C)\CCC=C(C)C),0.9276114
CCCCc1ccc(C#CCN2CCN(CC#Cc3ccc(CCCC)cc3)CC2)cc1,0.9226412
CCCC1CCC(c2ccc(C#CCC(CC#Cc3ccc(C4CCC(CCC)CC4)cc3)CCN(CCN(CC#Cc3ccc(C4CCC(CCC)CC4)cc3)CC#Cc3ccc(C4CCC(CCC)CC4)cc3)CCN(CC#Cc3ccc(C4CCC(CCC)CC4)cc3)CC#Cc3ccc(C4CCC(CCC)CC4)cc3)cc2)CC1,0.92637867
CCCCCCCCCCCOP(=O)(O)OCCNCCN(CCN)CCNCCOP(=O)(O)OCCCCCCCCCCC,0.91480035
CCCCCCc1ccc(C#CCN(CC#Cc2ccc(CCCCCC)cc2)CCN2CCN(C)CC2)cc1,0.9468479
CCCCCC(C)C(=O)Oc1cc(CNCCCN)cc(OC(=O)C(C)CCCCC)c1,0.96248543
CCCCCCCCCCCCCCCOP(=O)(O)OCCNCCN(CCNCCOP(=O)(O)OCCCCCCCCCCCCCCC)CCN(CCOP(=O)(O)OCCCCCCCCCCCCCCC)CCOP(=O)(O)OCCCCCCCCCCCCCCC,0.8661251
CCCCC(C)CCC(=O)Oc1cc(OC(=O)CCC(C)CCCC)c(CNCCCN2CCN(CCCN)CC2)c(OC(=O)CCC(C)CCCC)c1,0.94043785
CCCCCCCCCCCC(O)N(C)C(C)C1CCC(N(C(O)CCCCCCCCCCC)C(O)CCCCCCCCCCC)C(OC2C(O)C(OC3OCC(C)(O)C(N(C)C(O)CCCCCCCCCCC)C3O)C(N(C(O)CCCCCCCCCCC)C(O)CCCCCCCCCCC)CC2N(C(O)CCCCCCCCCCC)C(O)CCCCCCCCCCC)O1,0.7106821
CCCCCCCCCCCCCCOP(=O)(O)OCCN(CCCCCCCCCCCC)CCCCCCCCCCCC,0.9311354
CCCCCCCCCCCOP(=O)(O)OCCNCCCN1CCN(CCCN(CCOP(=O)(O)OCCCCCCCCCCC)CCOP(=O)(O)OCCCCCCCCCCC)CC1,0.949844
CCCCCCCCCCOP(=O)(O)OCCN(CCCN(C)C)CCCN(CCOP(=O)(O)OCCCCCCCCCC)CCOP(=O)(O)OCCCCCCCCCC,0.90048933
CCCCC(C)C(=O)Oc1cc(CNCCCN)cc(OC(=O)C(C)CCCC)c1,0.9585833
CCCCCCCCCCCCCCCCN(CCCCCCCCCCCCCCCC)CCOP(=O)(O)OCCCCCCCCCCCC,0.9344592
CCCCCCCCCCCCC(O)N(CC1OC(OC2C(OC3OC(CO)C(O)C3O)C(O)C(N(C(O)CCCCCCCCCCCC)C(O)CCCCCCCCCCCC)CC2N(C(O)CCCCCCCCCCCC)C(O)CCCCCCCCCCCC)C(N(C(O)CCCCCCCCCCCC)C(O)CCCCCCCCCCCC)C(O)C1O)C(O)CCCCCCCCCCCC,0.70057535
CCCCCCCOP(=O)(O)OCCN(CCCCCC)CCCCCC,0.93050855
N(CCC(=O)OCCOC(=O)C(C)CSCCCCC=C)(CCC(=O)OCCOC(=O)C(C)CSCCCCC=C)CCN(C)C,0.9775656
CCCCCCCCCC(=O)Oc1cc(CNCCN2CCN(CCN)CC2)cc(OC(=O)CCCCCCCCC)c1,0.95576894
N(CCC(=O)OCCOC(=O)C(C)CSCCCCCCCC)(CCC(=O)OCCOC(=O)C(C)CSCCCCCCCC)CCN(C)C,0.9849794
CCCCCCCCCCCCCCCCOC(=O)CCSCCCC(=N)NCCCCCNC(=N)CCCSCCC(=O)OCCCCCCCCCCCCCCCC,0.9337291
CCCCOP(=O)(O)OCCN(CCCN(C)C)CCCN(CCOP(=O)(O)OCCCC)CCOP(=O)(O)OCCCC,0.9007856
CCCCCCCCOP(=O)(O)OCCNCCCN1CCN(CCCN(CCOP(=O)(O)OCCCCCCCC)CCOP(=O)(O)OCCCCCCCC)CC1,0.91400534
CCCCC(C)C(=O)Oc1cc(CNCCN(C)CCN)cc(OC(=O)C(C)CCCC)c1,0.9712957
CCCCCCCCCCCOP(=O)(O)OCCN(CCCN1CCN(CCCN(CCOP(=O)(O)OCCCCCCCCCCC)CCOP(=O)(O)OCCCCCCCCCCC)CC1)CCOP(=O)(O)OCCCCCCCCCCC,0.951445
CCCCCOP(=O)(O)OCCNCCN(CCOP(=O)(O)OCCCCC)CCN(CCOP(=O)(O)OCCCCC)CCN(CCNCCOP(=O)(O)OCCCCC)CCOP(=O)(O)OCCCCC,0.95005906
CCCCCCc1ccc(C#CCN(CC#Cc2ccc(CCCCCC)cc2)CCOCCOCCN(CC#Cc2ccc(CCCCCC)cc2)CC#Cc2ccc(CCCCCC)cc2)cc1,0.9447638
CCCCCCCCCOC(=O)CCSCCCC(=N)NCCNC(=N)CCCSCCC(=O)OCCCCCCCCC,0.9645262
CCCCCCCCCCCCCOP(=O)(O)OCCN(CCCCCCCCCC)CCCCCCCCCC,0.94215035
CCCCCCCCCCCCCCCCOP(=O)(O)OCCNCCCCCCCCCCCC,0.9304971
CCCCCCCCCOP(=O)(O)OCCN(CCCN1CCN(CCCN(CCOP(=O)(O)OCCCCCCCCC)CCOP(=O)(O)OCCCCCCCCC)CC1)CCOP(=O)(O)OCCCCCCCCC,0.95722926
N(CCC(=O)OCCOC(=O)C(C)CSCCC(C)CCC=C(C)C)(CCC(=O)OCCOC(=O)C(C)CSCCC(C)CCC=C(C)C)CCCN(C)C,0.9514415
CCCCCCCCCCCCCCCCN(CCCCCCCCCCCCCCCC)CCOP(=O)(O)OCCCCCCCCCCCCCCC,0.91142017
CCCCCCCCCOP(=O)(O)OCCNCCNCCN(CCNCCOP(=O)(O)OCCCCCCCCC)CCOP(=O)(O)OCCCCCCCCC,0.92072314
CCCCCCCCCCCCCCCOP(=O)(O)OCC[N+](CCCCCC)(CCCCCC)CCCCCC,0.9486327
CCCCCCCCCCCCCCOP(=O)(O)OCCNCCCN(CCCN(C)C)CCOP(=O)(O)OCCCCCCCCCCCCCC,0.9048801
CCCC1CCC(c2ccc(C#CCN(C)CCCN(C)CCCN(C)CC#Cc3ccc(C4CCC(CCC)CC4)cc3)cc2)CC1,0.9103265
CCCCCCCCOP(=O)(O)OCCNCCNCCNCCNCCOP(=O)(O)OCCCCCCCC,0.93016505
N(CCC(=O)OCCOC(=O)C(C)CSCCCCCC)(CCC(=O)OCCOC(=O)C(C)CSCCCCCC)CCCN1CCN(C)CC1,0.9794701
N(CCC(=O)OCCOC(=O)C(C)CSCCCCC=C)(CCC(=O)OCCOC(=O)C(C)CSCCCCC=C)CCCN(C)C,0.96230733
CCCCC(C)C(=O)Oc1cc(CNCCN2CCN(CCN)CC2)cc(OC(=O)C(C)CCCC)c1,0.9650829
CCCCC(O)CN(C)C1C(O)C(OC2C(O)C(OC3OC(C(C)O)C(O)C(O)C3N(CC(O)CCCC)CC(O)CCCC)C(N(CC(O)CCCC)CC(O)CCCC)CC2N(CC(O)CCCC)CC(O)CCCC)OCC1(C)O,1.0048897
CCCCCCCCCCCCCOP(=O)(O)OCCNCCCNCCCNCCOP(=O)(O)OCCCCCCCCCCCCC,0.9244873
CCCCCCCCCCCCOP(=O)(O)OCCNCCCN(CCCNCCOP(=O)(O)OCCCCCCCCCCCC)CCOP(=O)(O)OCCCCCCCCCCCC,0.96698976
CCCCCC[N+](CCCCCC)(CCCCCC)CCOP(=O)(O)OCCCCC,0.9410495
CCCCCCCCN(CCCCCCCC)CCCCC(NC(=O)C(CCCCN(CCCCCCCC)CCCCCCCC)NC(C)=O)C(N)=O,0.40269008
CCCCCCCCCCC(O)CN(CCCCC(NC(C)=O)C(N)=O)CC(O)CCCCCCCCCC,0.71909666
CCCCCCCCCCCC(O)N(C(O)CCCCCCCCCCC)C1CC(N(C(O)CCCCCCCCCCC)C(O)CCCCCCCCCCC)C(O)C(O)C1O,0.38774705
CCCCCC(C)C(=O)Oc1cc(CNCCCN(C)CCCN)cc(OC(=O)C(C)CCCCC)c1,0.9750548
CCCCCCCCCCN(CCCCCCCCCC)CCOP(=O)(O)OCCCCCCC,0.9491062
CCCCCCCCCCCCCCOP(=O)(O)OCCNCCCN(CCCNCCOP(=O)(O)OCCCCCCCCCCCCCC)CCOP(=O)(O)OCCCCCCCCCCCCCC,0.9492481
CCCCCC(C)C(=O)Oc1cc(OC(=O)C(C)CCCCC)c(CNCCCN(CC)CC)c(OC(=O)C(C)CCCCC)c1,0.97655654
CCCCCCCCCCCOP(=O)(O)OCCN(C)CCN(CCNC)CCN(C)CCOP(=O)(O)OCCCCCCCCCCC,0.9325279
N(CCC(=O)OCCOC(=O)C(C)CSC/C=C\C/C=C\CC)(CCC(=O)OCCOC(=O)C(C)CSC/C=C\C/C=C\CC)CCCN1CCN(CCCN(CCC(=O)OCCOC(=O)C(C)CSC/C=C\C/C=C\CC)(CCC(=O)OCCOC(=O)C(C)CSC/C=C\C/C=C\CC))CC1,0.90840995
CCCCCCCCCCCCCCOP(=O)(O)OCCNCCNCCNCCNCCNCCOP(=O)(O)OCCCCCCCCCCCCCC,0.92628497
CCCCCC(C)C(=O)Oc1cc(CNCCCN(C)C)cc(OC(=O)C(C)CCCCC)c1,0.97608316
CCCCCCCCCCCCCCCCCCNC(=N)CCCSCCC(=O)OCCCCCCCCCCCCCC,0.91994756
CCCCCCCCCCCCCCOP(=O)(O)OCC[N+](CCCC)(CCCC)CCCC,0.9523332
CCCCCCOP(=O)(O)OCCN(C)CCN(CCNC)CCN(C)CCOP(=O)(O)OCCCCCC,0.9600861
CCCCC(CC)C(=O)Oc1cc(OC(=O)C(CC)CCCC)c(CNCCCN(C)C)c(OC(=O)C(CC)CCCC)c1,0.9840538
CCCCC(C)C(=O)Oc1cc(CNCCCN(C)C)cc(OC(=O)C(C)CCCC)c1,0.9733117
CCCCCCCCCCCCCCNCCOP(=O)(O)OCCCCCCCCCCCCCC,0.92437345
CCCCCCCCCCCCN(CCCCCCCCCCCC)CCCC(NC(=O)C(CCCN(CCCCCCCCCCCC)CCCCCCCCCCCC)NC(=O)C(CCCN(CCCCCCCCCCCC)CCCCCCCCCCCC)NC(=O)C(CCCN(CCCCCCCCCCCC)CCCCCCCCCCCC)NC(=O)C(CCCN(CCCCCCCCCCCC)CCCCCCCCCCCC)NC(C)=O)C(N)=O,0.84124464
CCCCCCc1ccc(C#CCN(CC#Cc2ccc(CCCCCC)cc2)CCOC)cc1,0.95179886
CCCCCCCCCCCCCOP(=O)(O)OCC[N+](CCCCCCCCCCCC)(CCCCCCCCCCCC)CCCCCCCCCCCC,0.9048295
CCCCCCCCCCCCC(O)N(C)C(C)C1CCC(N(C(O)CCCCCCCCCCCC)C(O)CCCCCCCCCCCC)C(OC2C(O)C(OC3OCC(C)(O)C(N(C)C(O)CCCCCCCCCCCC)C3O)C(N(C(O)CCCCCCCCCCCC)C(O)CCCCCCCCCCCC)CC2N(C(O)CCCCCCCCCCCC)C(O)CCCCCCCCCCCC)O1,0.7204651
CCCCCCCCCCCCCCCCN(CCCCCCCCCCCCCCCC)CCOP(=O)(O)OCCCCCC,0.9404448
CCCCCCCCCCCCCCN(CCCCCCCCCCCCCC)CCOP(=O)(O)OCCCCCCCCCCC,0.9369114
CCCCC(CC)C(=O)Oc1cc(OC(=O)C(CC)CCCC)c(CNCCCN(CC)CC)c(OC(=O)C(CC)CCCC)c1,0.9858722
CCCCCCCCCCOP(=O)(O)OCCN(CCOP(=O)(O)OCCCCCCCCCC)CCN1CCN(CCOP(=O)(O)OCCCCCCCCCC)CC1,0.9342337
CCCCCCCCOP(=O)(O)OCCNCCNCCNCCN(CCNCCOP(=O)(O)OCCCCCCCC)CCOP(=O)(O)OCCCCCCCC,0.9218616
CCCCCC(C)C(=O)Oc1cc(CNCCN(CC)CC)cc(OC(=O)C(C)CCCCC)c1,0.9733623
CCCCCCC(=O)Oc1cc(CNCCCN(C)C)cc(OC(=O)CCCCCC)c1,0.97351885
CCCCCCCCCCCCCCOP(=O)(O)OCCNCCCNCCCNCCOP(=O)(O)OCCCCCCCCCCCCCC,0.9232755
CCCCCCCCCCCCC(O)N(CCC(O)C(=O)NC1CC(N(C(O)CCCCCCCCCCCC)C(O)CCCCCCCCCCCC)C(OC2OC(CN(C(O)CCCCCCCCCCCC)C(O)CCCCCCCCCCCC)C(O)C(O)C2O)C(O)C1OC1OC(CO)C(O)C(N(C(O)CCCCCCCCCCCC)C(O)CCCCCCCCCCCC)C1O)C(O)CCCCCCCCCCCC,0.8930731
CCCCC(CC)CCC(=O)Oc1cc(OC(=O)CCC(CC)CCCC)c(CNCCCN(C)C)c(OC(=O)CCC(CC)CCCC)c1,0.9627639
CCCC1CCC(c2ccc(C#CCC(CCO)CCN(CC#Cc3ccc(C4CCC(CCC)CC4)cc3)CC#Cc3ccc(C4CCC(CCC)CC4)cc3)cc2)CC1,0.91297424
CCCCCCCCCCCCCCCOP(=O)(O)OCC[N+](CCCCCCCCCCCC)(CCCCCCCCCCCC)CCCCCCCCCCCC,0.9115345
CCCCCCCCCCOP(=O)(O)OCCNCCNCCNCCN(CCNCCOP(=O)(O)OCCCCCCCCCC)CCOP(=O)(O)OCCCCCCCCCC,0.93617237
CCCCCCCCCCCCCCCCCCN(CCCCCCCCCCCCCCCCCC)CCCCC(NC(=O)C(CCCCN(CCCCCCCCCCCCCCCCCC)CCCCCCCCCCCCCCCCCC)NC(=O)C(CCCCN(CCCCCCCCCCCCCCCCCC)CCCCCCCCCCCCCCCCCC)NC(=O)C(CCCCN(CCCCCCCCCCCCCCCCCC)CCCCCCCCCCCCCCCCCC)NC(C)=O)C(N)=O,0.80123526
CCCCCCCCCCCCCCCCOP(=O)(O)OCCNCCNCCNCCNCCNCCOP(=O)(O)OCCCCCCCCCCCCCCCC,0.9253182
CCCCCCCOP(=O)(O)OCCNCCN(CCNCCOP(=O)(O)OCCCCCCC)CCN(CCOP(=O)(O)OCCCCCCC)CCOP(=O)(O)OCCCCCCC,0.93892246
CCCCCCCCCOC(=O)CCSCCCC(=N)NCCNCCN1CCN(CCNC(=N)CCCSCCC(=O)OCCCCCCCCC)CC1,0.95144147
CCCCCCCCCCCCOP(=O)(O)OCCNCCCC,0.8873268
N(CCC(=O)OCCOC(=O)C(C)CSCCCCCCCC)(CCC(=O)OCCOC(=O)C(C)CSCCCCCCCC)CCCN(C)C,0.96919906
CCCCCCCCCCCCCOP(=O)(O)OCCN(C)CCN(CCNC)CCN(C)CCOP(=O)(O)OCCCCCCCCCCCCC,0.93333167
CCCC1CCC(c2ccc(C#CCN(CC#Cc3ccc(C4CCC(CCC)CC4)cc3)CCN3CCN(C)CC3)cc2)CC1,0.93019545
CCCCCCCCCCCCCCCCN(CCCCCCCCCCCCCCCC)CCCCC(NC(=O)C(CCCCN(CCCCCCCCCCCCCCCC)CCCCCCCCCCCCCCCC)NC(=O)C(CCCCN(CCCCCCCCCCCCCCCC)CCCCCCCCCCCCCCCC)NC(C)=O)C(N)=O,0.76683265
CCCCCCCCCCCCCCCOP(=O)(O)OCCN(CCCCCCCC)CCCCCCCC,0.956178
CCCCCCCCCCN(CCCCCCCCCC)CCOP(=O)(O)OCCCCC,0.93676305
CCCCC(C)C(=O)Oc1cc(CNCCN(CC)CC)cc(OC(=O)C(C)CCCC)c1,0.9692345
CCCCCCCCCOC(=O)CCSCCCC(=N)NCC(CCCCCC)CCCCCCCC,0.9488942
CCCCCCCCCCCCOP(=O)(O)OCCN(C)CCN(CCN(C)CCOP(=O)(O)OCCCCCCCCCCCC)CCN(C)CCOP(=O)(O)OCCCCCCCCCCCC,0.96707153
CCCCCCCCCCOP(=O)(O)OCC[N+](CCCCCC)(CCCCCC)CCCCCC,0.95597285
CCCCCCCCCCCCCCNC(=N)CCCSCCC(=O)OCCCCCCCCCCCCCC,0.947588
CCCCCCCCCCCCOP(=O)(O)OCCNCCNCCNCCNCCOP(=O)(O)OCCCCCCCCCCCC,0.92358804
N(CCC(=O)OCCOC(=O)C(C)CSC/C=C(C)\CCC=C(C)C)(CCC(=O)OCCOC(=O)C(C)CSC/C=C(C)\CCC=C(C)C)CCCN(C)C,0.9495638
CCCC1CCC(c2ccc(C#CCN(CC#Cc3ccc(C4CCC(CCC)CC4)cc3)CCN(C)CCN(CC#Cc3ccc(C4CCC(CCC)CC4)cc3)CC#Cc3ccc(C4CCC(CCC)CC4)cc3)cc2)CC1,0.92638016
CCCCC(C)C(=O)Oc1cc(CNCCCN(CC)CC)cc(OC(=O)C(C)CCCC)c1,0.9821182
CCCCCCCCCCC(O)CN(CCC(O)C(=O)N(CC(O)CCCCCCCCCC)C1CC(N(CC(O)CCCCCCCCCC)CC(O)CCCCCCCCCC)C(OC2OC(CN(CC(O)CCCCCCCCCC)CC(O)CCCCCCCCCC)C(O)C(O)C2O)C(O)C1OC1OC(CO)C(O)C(N(CC(O)CCCCCCCCCC)CC(O)CCCCCCCCCC)C1O)CC(O)CCCCCCCCCC,0.7259607
CCCCC(C)CCC(=O)Oc1cc(OC(=O)CCC(C)CCCC)c(CNCCCN(CC)CC)c(OC(=O)CCC(C)CCCC)c1,0.9712968
CCCCCCCCCCCCCCOP(=O)(O)OCCNCCNCCNCCNCCOP(=O)(O)OCCCCCCCCCCCCCC,0.92551243
CCCCCCCCCCCCCCCOP(=O)(O)OCCNCCCCCC,0.9062294
CCCCCCc1ccc(C#CCN(CC#Cc2ccc(CCCCCC)cc2)C2CCCCC2)cc1,0.94508064
CCCCCCCCCCCCCCCCOP(=O)(O)OCCNCCN(CCNCCOP(=O)(O)OCCCCCCCCCCCCCCCC)CCNCCOP(=O)(O)OCCCCCCCCCCCCCCCC,0.97357076
CCCCCCCCCOP(=O)(O)OCCN(CCCCCC)CCCCCC,0.94120616
CCCCCC(C)CCC(=O)Oc1cc(CNCCCN(C)C)cc(OC(=O)CCC(C)CCCCC)c1,0.97495717
CCCCCCNCCOP(=O)(O)OCCCCC,0.8707951
CCCCC(C)CCC(=O)Oc1cc(CNCCN(C)C)cc(OC(=O)CCC(C)CCC)c1,0.97484493
CCCCCCCCCC[N+](CCCCCCCCCC)(CCCCCCCCCC)CCOP(=O)(O)OCCCCCC,0.9462185
N(CCC(=O)OCCOC(=O)C(C)CSCCCCCCCC)(CCC(=O)OCCOC(=O)C(C)CSCCCCCCCC)CCCN1CCN(CCCN(CCC(=O)OCCOC(=O)C(C)CSCCCCCCCC)(CCC(=O)OCCOC(=O)C(C)CSCCCCCCCC))CC1,0.9082933
OCCN(CCC(=O)OCCOC(=O)C(C)CSC/C=C(C)/CC/C=C(C)/CCC=C(C)C)CCCN(CCC(=O)OCCOC(=O)C(C)CSC/C=C(C)/CC/C=C(C)/CCC=C(C)C)(CCC(=O)OCCOC(=O)C(C)CSC/C=C(C)/CC/C=C(C)/CCC=C(C)C),0.9316681
CCCCCOP(=O)(O)OCCNCCN(CCNCCOP(=O)(O)OCCCCC)CCNCCOP(=O)(O)OCCCCC,0.9214415
CCCCc1ccc(C#CCN(CC#Cc2ccc(CCCC)cc2)CCCN(C)C)cc1,0.9240228
CCCCCCCCCCCOP(=O)(O)OCCNCCNCCN(CCNCCOP(=O)(O)OCCCCCCCCCCC)CCOP(=O)(O)OCCCCCCCCCCC,0.9354487
CCCCCOP(=O)(O)OCCNCCCC,0.8726208
CCCCCCCCCCCCNCCOP(=O)(O)OCCCCCC,0.8857846
CCCCC(CC)C(=O)Oc1cc(CNCCN2CCN(C)CC2)cc(OC(=O)C(CC)CCCC)c1,0.983286
CCCCCCOP(=O)(O)OCCNCCNCCNCCNCCNCCOP(=O)(O)OCCCCCC,0.93121225
CCCCCCCCCCCCCCNCCOP(=O)(O)OCCCCC,0.90499395
CCCCC(CC)CCC(=O)Oc1cc(CNCCCN(C)CCCN)cc(OC(=O)CCC(CC)CCCC)c1,0.97844964
CCCCCCCOP(=O)(O)OCCN(C)CCN(CCN(C)CCOP(=O)(O)OCCCCCCC)CC[N+](C)(CCOP(=O)(O)OCCCCCCC)CCOP(=O)(O)OCCCCCCC,0.96831167
CCCCCCCC(=O)Oc1cc(CNCCCN2CCN(CCCN)CC2)cc(OC(=O)CCCCCCC)c1,0.94540113
CCCCCC(C)C(=O)Oc1cc(CNCCCN(CC)CC)cc(OC(=O)C(C)CCCCC)c1,0.9775043
CCCCCCCCCCCOP(=O)(O)OCCNCCN(CCNCCOP(=O)(O)OCCCCCCCCCCC)CCN(CCOP(=O)(O)OCCCCCCCCCCC)CCOP(=O)(O)OCCCCCCCCCCC,0.96350294
CCCCCCCCCCCCCCCOP(=O)(O)OCCNCCCN(CCCN(CCCNCCOP(=O)(O)OCCCCCCCCCCCCCCC)CCOP(=O)(O)OCCCCCCCCCCCCCCC)CCOP(=O)(O)OCCCCCCCCCCCCCCC,0.82218486
CCCCOP(=O)(O)OCCNCCNCCN(CCNCCOP(=O)(O)OCCCC)CCOP(=O)(O)OCCCC,0.9190176
CCCCCCCCCCCCOP(=O)(O)OCCNCCCN1CCN(CCCNCCOP(=O)(O)OCCCCCCCCCCCC)CC1,0.9158052
CCCC1CCC(c2ccc(C#CCN(CC)CC#Cc3ccc(C4CCC(CCC)CC4)cc3)cc2)CC1,0.9288134
CCCCCCCCOP(=O)(O)OCCNCCCNCCCNCCOP(=O)(O)OCCCCCCCC,0.92975724
CCCCCCCCCCCCCCCCOP(=O)(O)OCCNCCCCCC,0.906933
CCCCCCCCCCCCCCCCOP(=O)(O)OCCNCCCN(CCCN(C)C)CCOP(=O)(O)OCCCCCCCCCCCCCCCC,0.9152938
CCCCCCCCCCCCCCOP(=O)(O)OCCN(CCCN1CCN(CCCN(CCOP(=O)(O)OCCCCCCCCCCCCCC)CCOP(=O)(O)OCCCCCCCCCCCCCC)CC1)CCOP(=O)(O)OCCCCCCCCCCCCCC,0.82405454
CCCCCCCCCOC(=O)CCSCCCC(=N)NCCCNC(=N)CCCSCCC(=O)OCCCCCCCCC,0.95856786
CCCCC(C)C(=O)Oc1cc(OC(=O)C(C)CCCC)c(CNCCCN)c(OC(=O)C(C)CCCC)c1,0.98318696
CCCCCCCCCCCCNC(=N)CCCSCCC(=O)OCCCCCCCCCCCC,0.95428485
CCCCCCCCCCCCC(O)N(C)C1C(O)C(OC2C(O)C(OC3OC(C(C)O)C(O)C(O)C3N(C(O)CCCCCCCCCCCC)C(O)CCCCCCCCCCCC)C(N(C(O)CCCCCCCCCCCC)C(O)CCCCCCCCCCCC)CC2N(C(O)CCCCCCCCCCCC)C(O)CCCCCCCCCCCC)OCC1(C)O,0.7723445
CCCCCCCCN(CCCCCCCC)CCCCC(NC(C)=O)C(N)=O,0.6728898
CCCCCCCCOP(=O)(O)OCCNCCN(CCOP(=O)(O)OCCCCCCCC)CCN(CCOP(=O)(O)OCCCCCCCC)CCN(CCNCCOP(=O)(O)OCCCCCCCC)CCOP(=O)(O)OCCCCCCCC,0.9210217
CCCCC(CC)C(=O)Oc1cc(CNCCCN2CCN(CCCN)CC2)cc(OC(=O)C(CC)CCCC)c1,0.9584545
CCCCCC(C)C(=O)Oc1cc(OC(=O)C(C)CCCCC)c(CNCCCN(C)C)c(OC(=O)C(C)CCCCC)c1,0.97675854
N(CCC(=O)OCCOC(=O)C(C)CSC/C=C(C)/CC/C=C(C)/CCC=C(C)C)(CCC(=O)OCCOC(=O)C(C)CSC/C=C(C)/CC/C=C(C)/CCC=C(C)C)CCN(C)C,0.95707756
CCCCCCCCCCCCCC(O)N(C)C1C(O)C(OC2C(O)C(OC3OC(C(C)O)C(O)C(O)C3N(C(O)CCCCCCCCCCCCC)C(O)CCCCCCCCCCCCC)C(N(C(O)CCCCCCCCCCCCC)C(O)CCCCCCCCCCCCC)CC2N(C(O)CCCCCCCCCCCCC)C(O)CCCCCCCCCCCCC)OCC1(C)O,0.70285636
CCCCc1ccc(C#CCC(CCO)CCN(CC#Cc2ccc(CCCC)cc2)CC#Cc2ccc(CCCC)cc2)cc1,0.9028959
CCCCCCCCOP(=O)(O)OCCNCCNCCNCCNCCNCCOP(=O)(O)OCCCCCCCC,0.92945
CCCCCCCCCCCCCOP(=O)(O)OCCNCCNCCNCCNCCNCCOP(=O)(O)OCCCCCCCCCCCCC,0.92555124
CCCCCCCC/C=C\CCCCCCCCNC(=N)CCCSCCC(=O)OCCCCCCCCCCCCCC,0.94162804
CCCCCCCCCCCCOP(=O)(O)OCCN(CCOP(=O)(O)OCCCCCCCCCCCC)CCN1CCN(CCOP(=O)(O)OCCCCCCCCCCCC)CC1,0.9594603
CCCCCCCCCCCCCCCCOC(=O)CCSCCCC(=N)NCCCN1CCN(CCCNC(=N)CCCSCCC(=O)OCCCCCCCCCCCCCCCC)CC1,0.89505357
CCCCCCCCCOP(=O)(O)OCCNCCN(CCNCCOP(=O)(O)OCCCCCCCCC)CCN(CCOP(=O)(O)OCCCCCCCCC)CCOP(=O)(O)OCCCCCCCCC,0.943773
CCCCCCCCCCCCCCCCCC(=O)NNC(=N)CCCSCCC(=O)OCCCCCCCCCCCC,0.9226536
CCCCCCCCCCCCCCCOP(=O)(O)OCCNCCN(CCOP(=O)(O)OCCCCCCCCCCCCCCC)CCN(CCNCCOP(=O)(O)OCCCCCCCCCCCCCCC)CCOP(=O)(O)OCCCCCCCCCCCCCCC,0.8661251
CCCCCCCCCCCCCCCCOP(=O)(O)OCCNCCCN(CCCNCCOP(=O)(O)OCCCCCCCCCCCCCCCC)CCOP(=O)(O)OCCCCCCCCCCCCCCCC,0.98254704
CCCCCCCCCOP(=O)(O)OCCN(C)CCN(CCN(C)CCOP(=O)(O)OCCCCCCCCC)CCN(C)CCOP(=O)(O)OCCCCCCCCC,0.94441867
N(CCC(=O)OCCOC(=O)C(C)CSCC/C=C/CC)(CCC(=O)OCCOC(=O)C(C)CSCC/C=C/CC)CCCN1CCN(C)CC1,0.9710208
CCCCCCCCCCCCCCC(O)N(C)C1CC(N(C(O)CCCCCCCCCCCCCC)C(O)CCCCCCCCCCCCCC)C(O)C(OC2OC(CO)C(O)C3OC4(OC23)OC(C(CO)N(C(O)CCCCCCCCCCCCCC)C(O)CCCCCCCCCCCCCC)C(O)C(O)C4O)C1O,0.8642628
CCCCOP(=O)(O)OCCNCCN(CCOP(=O)(O)OCCCC)CCN(CCOP(=O)(O)OCCCC)CCN(CCNCCOP(=O)(O)OCCCC)CCOP(=O)(O)OCCCC,0.9490876
CCCCCCCCCCCCOC(=O)CCSCCCC(=N)NCCCN(CCCNC(=N)CCCSCCC(=O)OCCCCCCCCCCCC)CCCNC(=N)CCCSCCC(=O)OCCCCCCCCCCCC,0.9552625
CCCCCCCCCCCCCOP(=O)(O)OCCNCCN(CCOP(=O)(O)OCCCCCCCCCCCCC)CCN(CCOP(=O)(O)OCCCCCCCCCCCCC)CCN(CCNCCOP(=O)(O)OCCCCCCCCCCCCC)CCOP(=O)(O)OCCCCCCCCCCCCC,0.8246756
CCCCC(CC)C(=O)Oc1cc(CNCCCN(C)C)cc(OC(=O)C(CC)CCCC)c1,0.98227775
CCCCCCCCCCCCCCOP(=O)(O)OCCNCCCN1CCN(CCCN(CCOP(=O)(O)OCCCCCCCCCCCCCC)CCOP(=O)(O)OCCCCCCCCCCCCCC)CC1,0.94547015
CCCCCCCCOP(=O)(O)OCCN(C)CCN(CCNC)CCN(C)CCOP(=O)(O)OCCCCCCCC,0.95996404
CCCCCCCCCCNC(=N)CCCSCCC(=O)OCCCCCCCCC,0.9494393
CCCCc1ccc(C#CCN(CC#Cc2ccc(CCCC)cc2)CCN2CCN(C)CC2)cc1,0.94511724
CCCCCCOP(=O)(O)OCCNCCCN(CCCNCCOP(=O)(O)OCCCCCC)CCOP(=O)(O)OCCCCCC,0.92432094
CCCCCCC(=O)Oc1cc(CNCCN(C)C)cc(OC(=O)CCCCCC)c1,0.9738181
N(CCN(CCC(=O)OCCOC(=O)C(C)CSC/C=C\C/C=C\CC)(CCC(=O)OCCOC(=O)C(C)CSC/C=C\C/C=C\CC))(CCN(CCC(=O)OCCOC(=O)C(C)CSC/C=C\C/C=C\CC)(CCC(=O)OCCOC(=O)C(C)CSC/C=C\C/C=C\CC))CCN(CCC(=O)OCCOC(=O)C(C)CSC/C=C\C/C=C\CC)(CCC(=O)OCCOC(=O)C(C)CSC/C=C\C/C=C\CC),0.95286185
CCCCCCCCOP(=O)(O)OCCNCCN1CCN(CCOP(=O)(O)OCCCCCCCC)CC1,0.9231452
CCCCCCCCCCCCCOP(=O)(O)OCC[N+](CCCCCCCC)(CCCCCCCC)CCCCCCCC,0.9352121
CCCCCCCCCCCCN(CCCCCCCCCCCC)CCOP(=O)(O)OCCCC,0.9533244
CCCCCCCCCOP(=O)(O)OCCNCCNCCNCCNCCNCCOP(=O)(O)OCCCCCCCCC,0.9210217
CCCCCCCOP(=O)(O)OCCN(CCCC)CCCC,0.8874314
CCCCCCCCCCCCOP(=O)(O)OCCN(C)CCN(CCNC)CCN(C)CCOP(=O)(O)OCCCCCCCCCCCC,0.94005585
CCCCCCCCCCN(CCCCCCCCCC)CCCCC(NC(=O)C(CCCCN(CCCCCCCCCC)CCCCCCCCCC)NC(=O)C(CCCCN(CCCCCCCCCC)CCCCCCCCCC)NC(C)=O)C(N)=O,0.31803986
CCCCCC(C)C(=O)Oc1cc(CNCCCN2CCN(CCCN)CC2)cc(OC(=O)C(C)CCCCC)c1,0.95298654
CCCCCC(C)C(=O)Oc1cc(OC(=O)C(C)CCCCC)c(CNCCN(CCN)CCN)c(OC(=O)C(C)CCCCC)c1,0.9658437
CCCCCCCCC(=O)Oc1cc(CNCCCN2CCN(CCCN)CC2)cc(OC(=O)CCCCCCCC)c1,0.94540113
CCCCCCCCCCCCCCCCCCNC(=N)CCCSCCC(=O)OCCCCCCCCCCCCCCCC,0.93714124
CCCCCC(C)CCC(=O)Oc1cc(CNCCCN(CC)CC)cc(OC(=O)CCC(C)CCCCC)c1,0.97471434
CCCCCCc1ccc(C#CCN(CC#Cc2ccc(CCCCCC)cc2)CCCN(CC#Cc2ccc(CCCCCC)cc2)CC#Cc2ccc(CCCCCC)cc2)cc1,0.92822653
CCCCCCCCCOC(=O)CCSCCCC(=N)NCCCN(CCCNC(=N)CCCSCCC(=O)OCCCCCCCCC)CCCNC(=N)CCCSCCC(=O)OCCCCCCCCC,0.9513946
N(CCC(=O)OCCOC(=O)C(C)CSC/C=C\C/C=C\CC)(CCC(=O)OCCOC(=O)C(C)CSC/C=C\C/C=C\CC)CCCN(C)CCCN(CCC(=O)OCCOC(=O)C(C)CSC/C=C\C/C=C\CC)(CCC(=O)OCCOC(=O)C(C)CSC/C=C\C/C=C\CC),0.8809633
CCCCCCCCCCCC(=O)NCCN(CCCCC(NC(C)=O)C(N)=O)CCNC(=O)CCCCCCCCCCC,0.6855452
CCCCCCCCCCC(O)CN(C)C1CC(N(CC(O)CCCCCCCCCC)CC(O)CCCCCCCCCC)C(O)C(OC2OC(CO)C(O)C3OC4(OC23)OC(C(CO)N(CC(O)CCCCCCCCCC)CC(O)CCCCCCCCCC)C(O)C(O)C4O)C1O,1.0078146
CCCCCCCCCCCCCCCCCCN(CCCCCCCCCCCCCCCCCC)CCCCC(NC(=O)C(CCCCN(CCCCCCCCCCCCCCCCCC)CCCCCCCCCCCCCCCCCC)NC(=O)C(CCCCN(CCCCCCCCCCCCCCCCCC)CCCCCCCCCCCCCCCCCC)NC(=O)C(CCCCN(CCCCCCCCCCCCCCCCCC)CCCCCCCCCCCCCCCCCC)NC(=O)C(CCCCN(CCCCCCCCCCCCCCCCCC)CCCCCCCCCCCCCCCCCC)NC(C)=O)C(N)=O,0.8625691
CCCCCCCCCCCCCCN(CCCCCCCCCCCCCC)CCCCC(NC(=O)C(CCCCN(CCCCCCCCCCCCCC)CCCCCCCCCCCCCC)NC(=O)C(CCCCN(CCCCCCCCCCCCCC)CCCCCCCCCCCCCC)NC(C)=O)C(N)=O,0.62896115
CCCCCCCCCCCCCCCCOC(=O)CCSCCCC(=N)NCCCN(CCCCN(CCCNC(=N)CCCSCCC(=O)OCCCCCCCCCCCCCCCC)CCCNC(=N)CCCSCCC(=O)OCCCCCCCCCCCCCCCC)CCCNC(=N)CCCSCCC(=O)OCCCCCCCCCCCCCCCC,0.9108621
CCCCCCN(CCCCCC)CCCCC(NC(=O)C(CCCCN(CCCCCC)CCCCCC)NC(C)=O)C(N)=O,0.69162077
CCCCCCCCCCCCCCCCOP(=O)(O)OCCN(CCCN1CCN(CCCN(CCOP(=O)(O)OCCCCCCCCCCCCCCCC)CCOP(=O)(O)OCCCCCCCCCCCCCCCC)CC1)CCOP(=O)(O)OCCCCCCCCCCCCCCCC,0.8623749
CCCCCCCCCCCCOP(=O)(O)OCCN(CCCCCCCCCC)CCCCCCCCCC,0.95644355
CCCCCCCOP(=O)(O)OCCNCCN(CCOP(=O)(O)OCCCCCCC)CCN(CCOP(=O)(O)OCCCCCCC)CCN(CCNCCOP(=O)(O)OCCCCCCC)CCOP(=O)(O)OCCCCCCC,0.9654822
CCCCCCCCCCCCOC(=O)CCN(CCCCC(NC(=O)C(CCCCN(CCC(=O)OCCCCCCCCCCCC)CCC(=O)OCCCCCCCCCCCC)NC(=O)C(CCCCN(CCC(=O)OCCCCCCCCCCCC)CCC(=O)OCCCCCCCCCCCC)NC(=O)C(CCCCN(CCC(=O)OCCCCCCCCCCCC)CCC(=O)OCCCCCCCCCCCC)NC(C)=O)C(N)=O)CCC(=O)OCCCCCCCCCCCC,0.76536834
CCCCCCCCCCCCCCOP(=O)(O)OCC[N+](CCCCCCCCCC)(CCCCCCCCCC)CCCCCCCCCC,0.91257
CCCCCCCCCCOP(=O)(O)OCCNCCN(CCOP(=O)(O)OCCCCCCCCCC)CCN(CCNCCOP(=O)(O)OCCCCCCCCCC)CCOP(=O)(O)OCCCCCCCCCC,0.95937365
CCCCCCC(=O)Oc1cc(CNCCN2CCN(CCN)CC2)cc(OC(=O)CCCCCC)c1,0.9569419
CCCCCC(C)C(=O)Oc1cc(OC(=O)C(C)CCCCC)c(CNCCCN)c(OC(=O)C(C)CCCCC)c1,0.97546524
CCCCC(CC)C(=O)Oc1cc(CNCCCN2CCN(C)CC2)cc(OC(=O)C(CC)CCCC)c1,0.98346937
CCCCCCCCCOC(=O)CCSCCCC(=N)NCCN(C)CCNC(=N)CCCSCCC(=O)OCCCCCCCCC,0.92381066
CCCC1CCC(c2ccc(C#CCN(CC#Cc3ccc(C4CCC(CCC)CC4)cc3)CCOCCOCCN(CC#Cc3ccc(C4CCC(CCC)CC4)cc3)CC#Cc3ccc(C4CCC(CCC)CC4)cc3)cc2)CC1,0.9386886
CCCCCCCCCCCCCOP(=O)(O)OCCN(CCCCCCCCCCCC)CCCCCCCCCCCC,0.92329556
CCCC1CCC(c2ccc(C#CCN(C)CCCN(C)CC#Cc3ccc(C4CCC(CCC)CC4)cc3)cc2)CC1,0.9198262
CCCCC(CC)CCC(=O)Oc1cc(CNCCCN(C)C)cc(OC(=O)CCC(CC)CCCC)c1,0.97817385
CCCCCCCCC(=O)Oc1cc(CNCCCN(CC)CC)cc(OC(=O)CCCCCCCC)c1,0.983436
CCCCCCCCCCCC(O)N(CCC(O)C(=O)NC1CC(N(C(O)CCCCCCCCCCC)C(O)CCCCCCCCCCC)C(OC2OC(CN(C(O)CCCCCCCCCCC)C(O)CCCCCCCCCCC)C(O)C(O)C2O)C(O)C1OC1OC(CO)C(O)C(N(C(O)CCCCCCCCCCC)C(O)CCCCCCCCCCC)C1O)C(O)CCCCCCCCCCC,0.89869404
CCCCCCc1ccc(C#CCN(CC#Cc2ccc(CCCCCC)cc2)CCCN(C)CCCN(CC#Cc2ccc(CCCCCC)cc2)CC#Cc2ccc(CCCCCC)cc2)cc1,0.9290502
CCCCCCCCCCCCCCCCOP(=O)(O)OCCNCCCNCCCNCCCNCCOP(=O)(O)OCCCCCCCCCCCCCCCC,0.92854
CCCCCCOC(=O)CCCN(CCCC(=O)OCCCCCC)CCC(O)C(=O)N(CCCC(=O)OCCCCCC)C1CC(N(CCCC(=O)OCCCCCC)CCCC(=O)OCCCCCC)C(OC2OC(CN(CCCC(=O)OCCCCCC)CCCC(=O)OCCCCCC)C(O)C(O)C2O)C(O)C1OC1OC(CO)C(O)C(N(CCCC(=O)OCCCCCC)CCCC(=O)OCCCCCC)C1O,1.010966
CCCCCCCCCCCCCCOC(=O)CCSCCCC(=N)NCCCCCNC(=N)CCCSCCC(=O)OCCCCCCCCCCCCCC,0.92449576
CCCCCCCCCCCCCCCCOC(=O)CCSCCCC(=N)Nc1ccc(OCCCCCCCCC)cc1,0.94958895
N(CCC(=O)OCCOC(=O)C(C)CSC/C=C(C)\CCC=C(C)C)(CCC(=O)OCCOC(=O)C(C)CSC/C=C(C)\CCC=C(C)C)CCCN(C)CCCN(CCC(=O)OCCOC(=O)C(C)CSC/C=C(C)\CCC=C(C)C)(CCC(=O)OCCOC(=O)C(C)CSC/C=C(C)\CCC=C(C)C),0.91490096
CCCCCCCCCCCCC(O)N(C)C1CC(N(C(O)CCCCCCCCCCCC)C(O)CCCCCCCCCCCC)C(O)C(OC2OC(CO)C(O)C3OC4(OC23)OC(C(CO)N(C(O)CCCCCCCCCCCC)C(O)CCCCCCCCCCCC)C(O)C(O)C4O)C1O,0.9143381
CCCCCOP(=O)(O)OCCNCCCN1CCN(CCCN(CCOP(=O)(O)OCCCCC)CCOP(=O)(O)OCCCCC)CC1,0.9134776
CCCCCCCCCCOP(=O)(O)OCCN(C)CCN(CCN(C)CCOP(=O)(O)OCCCCCCCCCC)CCN(C)CCOP(=O)(O)OCCCCCCCCCC,0.95000935
CCCCCCCCOP(=O)(O)OCCN(C)CCN(CCN(C)CCOP(=O)(O)OCCCCCCCC)CC[N+](C)(CCOP(=O)(O)OCCCCCCCC)CCOP(=O)(O)OCCCCCCCC,0.9638199
CCCCCCCCCCCCCOP(=O)(O)OCC[N+](CCCC)(CCCC)CCCC,0.94477427
CCCCCCCCCOC(=O)CCSCCCC(=N)Nc1ccc(OCCCCCCCCC)cc1,0.95476305
CCCCCCCCCC[N+](CCCCCCCCCC)(CCCCCCCCCC)CCOP(=O)(O)OCCCCC,0.95101154
CCCCCCOP(=O)(O)OCCN(CCCC)CCCC,0.8880102
CCCCCCCCCCCCN(CCCCCCCCCCCC)CCOP(=O)(O)OCCCCCC,0.95476717
N(CCC(=O)OCCOC(=O)C(C)CSCCC/C=C/C)(CCC(=O)OCCOC(=O)C(C)CSCCC/C=C/C)CCCN(C)CCCN(CCC(=O)OCCOC(=O)C(C)CSCCC/C=C/C)(CCC(=O)OCCOC(=O)C(C)CSCCC/C=C/C),0.8781052
CCCCCCOP(=O)(O)OCCNCCCN(CCCN(CCCNCCOP(=O)(O)OCCCCCC)CCOP(=O)(O)OCCCCCC)CCOP(=O)(O)OCCCCCC,0.9332618
CCCCCCCCOP(=O)(O)OCCN(CCCC)CCCC,0.9094971
N(CCC(=O)OCCOC(=O)C(C)CSCCCCCC)(CCC(=O)OCCOC(=O)C(C)CSCCCCCC)CCCN1CCN(CCCN(CCC(=O)OCCOC(=O)C(C)CSCCCCCC)(CCC(=O)OCCOC(=O)C(C)CSCCCCCC))CC1,0.913917
CCCCCCCCCCCCN(CCCCCCCCCCCC)CC(NC(C)=O)C(N)=O,0.85408235
CCCCCCCCCCCC[N+](CCCCCCCCCCCC)(CCCCCCCCCCCC)CCOP(=O)(O)OCCCCC,0.9257424
CCCCCCCCCCCCCCCCOP(=O)(O)OCCNCCCCCCCC,0.91277057
CCCCCCCCCCCCCCCCOC(=O)CCSCCCC(=N)Nc1ccc(CCCCCCCCCC)cc1,0.94578314
CCCC1CCC(c2ccc(C#CCN(CC#Cc3ccc(C4CCC(CCC)CC4)cc3)CC(=O)OC)cc2)CC1,0.9443433
CCCCCCOP(=O)(O)OCCNCCN(CCN)CCNCCOP(=O)(O)OCCCCCC,0.9315296
CCCCCCCCCCCC[N+](CCCCCCCCCCCC)(CCCCCCCCCCCC)CCOP(=O)(O)OCCCCCC,0.9209819
CCCCCCCCCCOC(=O)CCCN(C)C1CC(N(CCCC(=O)OCCCCCCCCCC)CCCC(=O)OCCCCCCCCCC)C(O)C(OC2OC(CO)C(O)C3OC4(OC23)OC(C(CO)N(CCCC(=O)OCCCCCCCCCC)CCCC(=O)OCCCCCCCCCC)C(O)C(O)C4O)C1O,1.01442
CCCCCCCCCCOP(=O)(O)OCCNCCCNCCCNCCOP(=O)(O)OCCCCCCCCCC,0.9240597
CCCCCCCCCCCCN(CCCCCCCCCCCC)CCOP(=O)(O)OCCCCCCCCCC,0.94284856
CCCCCCCCCCCCN(CCCCCCCCCCCC)CCCCC(NC(=O)C(CCCCN(CCCCCCCCCCCC)CCCCCCCCCCCC)NC(C)=O)C(N)=O,0.63513196
CCCCCCCCCCCCCCOP(=O)(O)OCCN(CCCCCC)CCCCCC,0.94154894
CCCCc1ccc(C#CCN(CC#Cc2ccc(CCCC)cc2)CCCN(C)CCCN(CC#Cc2ccc(CCCC)cc2)CC#Cc2ccc(CCCC)cc2)cc1,0.9098031
CCCCCCCCCCCCCCOP(=O)(O)OCCNCCCC,0.88352096
CCCCCCCCCCCCCOP(=O)(O)OCCNCCCN(CCCN(CCCNCCOP(=O)(O)OCCCCCCCCCCCCC)CCOP(=O)(O)OCCCCCCCCCCCCC)CCOP(=O)(O)OCCCCCCCCCCCCC,0.8761439
CCCCCCCCCCCCCCN(CCCCCCCCCCCCCC)CCOP(=O)(O)OCCCCCCCC,0.93862325
CCCCCCCCCCCCCC(O)N(C)C1CC(N(C(O)CCCCCCCCCCCCC)C(O)CCCCCCCCCCCCC)C(O)C(OC2OC(CO)C(O)C3OC4(OC23)OC(C(CO)N(C(O)CCCCCCCCCCCCC)C(O)CCCCCCCCCCCCC)C(O)C(O)C4O)C1O,0.86998266
CCCCCCCCCCOP(=O)(O)OCCNCCNCCNCCNCCOP(=O)(O)OCCCCCCCCCC,0.9253357
CCCCC(C)C(=O)Oc1cc(OC(=O)C(C)CCCC)c(CNCCCN(C)CCCN)c(OC(=O)C(C)CCCC)c1,0.9805844
CCCCCCCCCCCCCCCCOP(=O)(O)OCCNCCN1CCN(CCOP(=O)(O)OCCCCCCCCCCCCCCCC)CC1,0.9128674
CCCCCCc1ccc(C#CCC(CCO)CCN(CC#Cc2ccc(CCCCCC)cc2)CC#Cc2ccc(CCCCCC)cc2)cc1,0.9217693
CCCCc1ccc(C#CCN(CC#Cc2ccc(CCCC)cc2)CCN2CCCCC2)cc1,0.93276787
N(CCC(=O)OCCOC(=O)C(C)CSC/C=C\CCC)(CCC(=O)OCCOC(=O)C(C)CSC/C=C\CCC)CCN(C)C,0.96636003
CCCCc1ccc(C#CCN(CC#Cc2ccc(CCCC)cc2)C2CCC(O)CC2)cc1,0.931043
CCCCCOP(=O)(O)OCCN(C)CCN(CCN(C)CCOP(=O)(O)OCCCCC)CCN(C)CCOP(=O)(O)OCCCCC,0.9481093
CCCCC(C)CCC(=O)Oc1cc(CNCCCN)cc(OC(=O)CCC(C)CCC)c1,0.9652678
CCCCCCCCC(=O)Oc1cc(CNCCN(CC)CC)cc(OC(=O)CCCCCCCC)c1,0.9789778
CCCCCOP(=O)(O)OCCNCCNCCN(CCNCCOP(=O)(O)OCCCCC)CCOP(=O)(O)OCCCCC,0.9212837
CCCCCCCCC(O)CN(C)C1C(O)C(OC2C(O)C(OC3OC(C(C)O)C(O)C(O)C3N(CC(O)CCCCCCCC)CC(O)CCCCCCCC)C(N(CC(O)CCCCCCCC)CC(O)CCCCCCCC)CC2N(CC(O)CCCCCCCC)CC(O)CCCCCCCC)OCC1(C)O,0.9884531
CCCCCCC(O)CN(CCC(O)C(=O)N(CC(O)CCCCCC)C1CC(N(CC(O)CCCCCC)CC(O)CCCCCC)C(OC2OC(CN(CC(O)CCCCCC)CC(O)CCCCCC)C(O)C(O)C2O)C(O)C1OC1OC(CO)C(O)C(N(CC(O)CCCCCC)CC(O)CCCCCC)C1O)CC(O)CCCCCC,0.90696627
CCCCCCCCCCCCCCNCCOP(=O)(O)OCCCCCCCCCC,0.90704805
CCCCCCCOP(=O)(O)OCCNCCN(CCN)CCNCCOP(=O)(O)OCCCCCCC,0.9323025
CCCCCCCCCCOP(=O)(O)OCCNCCCN(CCCNCCOP(=O)(O)OCCCCCCCCCC)CCOP(=O)(O)OCCCCCCCCCC,0.93883836
N(CCC(=O)OCCOC(=O)C(C)CSC/C=C(C)/CC/C=C(C)/CCC=C(C)C)(CCC(=O)OCCOC(=O)C(C)CSC/C=C(C)/CC/C=C(C)/CCC=C(C)C)CCCN1CCN(C)CC1,0.956156
CCCCCCCCCCCCCOP(=O)(O)OCCNCCN(CCNCCOP(=O)(O)OCCCCCCCCCCCCC)CCN(CCOP(=O)(O)OCCCCCCCCCCCCC)CCOP(=O)(O)OCCCCCCCCCCCCC,0.9198207
CCCCCCCCCCCCCCCOP(=O)(O)OCCNCCNCCN(CCNCCOP(=O)(O)OCCCCCCCCCCCCCCC)CCOP(=O)(O)OCCCCCCCCCCCCCCC,0.94490427
CCCCCCCCCCCOP(=O)(O)OCCNCCOCCOCCNCCOP(=O)(O)OCCCCCCCCCCC,0.9168472
CCCCCCCCCCCCCCCCOP(=O)(O)OCCNCCN(CCN)CCNCCOP(=O)(O)OCCCCCCCCCCCCCCCC,0.93346614
CCCCCCCCCCOP(=O)(O)OCC[N+](CCCC)(CCCC)CCCC,0.94252
CCCCCCCCCCCCCCOP(=O)(O)OCCNCCN(CCOP(=O)(O)OCCCCCCCCCCCCCC)CCN(CCOP(=O)(O)OCCCCCCCCCCCCCC)CCN(CCNCCOP(=O)(O)OCCCCCCCCCCCCCC)CCOP(=O)(O)OCCCCCCCCCCCCCC,0.7934513
CCCCCCCCCCCCCCNC(=N)CCCSCCC(=O)OCCCCCCCCCCCC,0.9539325
CCCCCCCCCCCCCOP(=O)(O)OCC[N+](CCCCCC)(CCCCCC)CCCCCC,0.944863
CCCCCCCCCC(=O)Oc1cc(CNCCN2CCN(C)CC2)cc(OC(=O)CCCCCCCCC)c1,0.9796535
CCCCCCOC(=O)CCCN(C)C1C(O)C(OC2C(O)C(OC3OC(C(C)O)C(O)C(O)C3N(CCCC(=O)OCCCCCC)CCCC(=O)OCCCCCC)C(N(CCCC(=O)OCCCCCC)CCCC(=O)OCCCCCC)CC2N(CCCC(=O)OCCCCCC)CCCC(=O)OCCCCCC)OCC1(C)O,0.99967396
OCCN(CCC(=O)OCCOC(=O)C(C)CSCC/C=C\CC)CCCN(CCC(=O)OCCOC(=O)C(C)CSCC/C=C\CC)(CCC(=O)OCCOC(=O)C(C)CSCC/C=C\CC),0.93557775
CCCCC(CC)CCC(=O)Oc1cc(OC(=O)CCC(CC)CCCC)c(CNCCCN(C)CCCN)c(OC(=O)CCC(CC)CCCC)c1,0.95848536
CCCCCCCCCCOP(=O)(O)OCCNCCN(CCNCCN(CCNCCOP(=O)(O)OCCCCCCCCCC)CCOP(=O)(O)OCCCCCCCCCC)CCOP(=O)(O)OCCCCCCCCCC,0.940826
CCCCCCCCCCCC[N+](CCCCCCCCCCCC)(CCCCCCCCCCCC)CCOP(=O)(O)OCCCCCCCCCC,0.92073935
CCCCCCc1ccc(C#CCN(CC#Cc2ccc(CCCCCC)cc2)CCCN2CCCC2)cc1,0.94253385
OCCN(CCC(=O)OCCOC(=O)C(C)CSC/C=C/CCC)CCCN(CCC(=O)OCCOC(=O)C(C)CSC/C=C/CCC)(CCC(=O)OCCOC(=O)C(C)CSC/C=C/CCC),0.9286429
CCCCC(O)CN(CCC(O)C(=O)N(CC(O)CCCC)C1CC(N(CC(O)CCCC)CC(O)CCCC)C(OC2OC(CN(CC(O)CCCC)CC(O)CCCC)C(O)C(O)C2O)C(O)C1OC1OC(CO)C(O)C(N(CC(O)CCCC)CC(O)CCCC)C1O)CC(O)CCCC,0.930909
CCCCCOP(=O)(O)OCCN(CCCN1CCN(CCCN(CCOP(=O)(O)OCCCCC)CCOP(=O)(O)OCCCCC)CC1)CCOP(=O)(O)OCCCCC,0.92827284
CCCCC(CC)CCC(=O)Oc1cc(CNCCCN2CCN(CCCN)CC2)cc(OC(=O)CCC(CC)CCCC)c1,0.9505338
CCCCCCCCCCCCC(O)CN(CC(O)CCCCCCCCCCCC)CC1CCC(N(CC(O)CCCCCCCCCCCC)CC(O)CCCCCCCCCCCC)C(OC2C(O)C(OC3CCC(C)(O)C(N(C)CC(O)CCCCCCCCCCCC)C3O)C(N(CC(O)CCCCCCCCCCCC)CC(O)CCCCCCCCCCCC)CC2N(CC(O)CCCCCCCCCCCC)CC(O)CCCCCCCCCCCC)O1,0.875435
CCCCCCCCCCCCC(O)N(C(O)CCCCCCCCCCCC)C1CC(N(C(O)CCCCCCCCCCCC)C(O)CCCCCCCCCCCC)C(O)C(O)C1O,0.31026527
CCCCCOP(=O)(O)OCCNCCCN(CCCNCCOP(=O)(O)OCCCCC)CCOP(=O)(O)OCCCCC,0.92412895
N(CCC(=O)OCCOC(=O)C(C)CSC/C=C(C)/CC/C=C(C)/CCC=C(C)C)(CCC(=O)OCCOC(=O)C(C)CSC/C=C(C)/CC/C=C(C)/CCC=C(C)C)CCCN(C)C,0.9399554
CCCCCOP(=O)(O)OCCNCCCN1CCN(CCCNCCOP(=O)(O)OCCCCC)CC1,0.9172563
CCCCCCCCCCOP(=O)(O)OCCNCCN(CCNCCOP(=O)(O)OCCCCCCCCCC)CCN(CCOP(=O)(O)OCCCCCCCCCC)CCOP(=O)(O)OCCCCCCCCCC,0.95937365
CCCCCCOC(=O)CCCN(C)C1CC(N(CCCC(=O)OCCCCCC)CCCC(=O)OCCCCCC)C(O)C(OC2OC(CO)C(O)C3OC4(OC23)OC(C(CO)N(CCCC(=O)OCCCCCC)CCCC(=O)OCCCCCC)C(O)C(O)C4O)C1O,1.0147892
CCCCCCCCC(O)CN(CCC(O)C(=O)N(CC(O)CCCCCCCC)C1CC(N(CC(O)CCCCCCCC)CC(O)CCCCCCCC)C(OC2OC(CN(CC(O)CCCCCCCC)CC(O)CCCCCCCC)C(O)C(O)C2O)C(O)C1OC1OC(CO)C(O)C(N(CC(O)CCCCCCCC)CC(O)CCCCCCCC)C1O)CC(O)CCCCCCCC,0.84838694
CCCCCCCCCCCOP(=O)(O)OCCN(CCCCCCCCCC)CCCCCCCCCC,0.95463794
CCCCCCCCOP(=O)(O)OCCNCCN(CCOP(=O)(O)OCCCCCCCC)CCN(CCNCCOP(=O)(O)OCCCCCCCC)CCOP(=O)(O)OCCCCCCCC,0.944425
CCCCC(C)CCC(=O)Oc1cc(CNCCCN(CC)CC)cc(OC(=O)CCC(C)CCC)c1,0.9781502
CCCCCC(C)C(=O)Oc1cc(OC(=O)C(C)CCCCC)c(CNCCN(C)C)c(OC(=O)C(C)CCCCC)c1,0.97744846
CCCCCCCCCCCCCOP(=O)(O)OCCNCCN(CCNCCOP(=O)(O)OCCCCCCCCCCCCC)CCNCCOP(=O)(O)OCCCCCCCCCCCCC,0.9486079
CCCCCCCCCCCCCCCOP(=O)(O)OCCN(CCCN1CCN(CCCN(CCOP(=O)(O)OCCCCCCCCCCCCCCC)CCOP(=O)(O)OCCCCCCCCCCCCCCC)CC1)CCOP(=O)(O)OCCCCCCCCCCCCCCC,0.8543358
CCCCCCCCCCCCCCOP(=O)(O)OCCNCCN(CCOP(=O)(O)OCCCCCCCCCCCCCC)CCN(CCNCCOP(=O)(O)OCCCCCCCCCCCCCC)CCOP(=O)(O)OCCCCCCCCCCCCCC,0.8968114
CCCCCCCCCCCCCCCCOP(=O)(O)OCCNCCCN(CCCN(CCCNCCOP(=O)(O)OCCCCCCCCCCCCCCCC)CCOP(=O)(O)OCCCCCCCCCCCCCCCC)CCOP(=O)(O)OCCCCCCCCCCCCCCCC,0.8293547
CCCCCCCCCCCCCCCCCC(=O)NNC(=N)CCCSCCC(=O)OCCCCCCCCC,0.9438833
CCCCCCCCCCCCOP(=O)(O)OCCNCCN(CCOP(=O)(O)OCCCCCCCCCCCC)CCN(CCNCCOP(=O)(O)OCCCCCCCCCCCC)CCOP(=O)(O)OCCCCCCCCCCCC,0.9366103
CCCCCCCCCCCCOC(=O)CCSCCCC(=N)NCCCNC(=N)CCCSCCC(=O)OCCCCCCCCCCCC,0.95106405
CCCCCCCCN(CCCCCCCC)CCOP(=O)(O)OCCCCC,0.94261074
CCCCCCCCOP(=O)(O)OCCN(CCCN(C)C)CCCN(CCOP(=O)(O)OCCCCCCCC)CCOP(=O)(O)OCCCCCCCC,0.9065711
CCCCCCC(O)CN(CC(O)CCCCCC)CC1CCC(N(CC(O)CCCCCC)CC(O)CCCCCC)C(OC2C(O)C(OC3CCC(C)(O)C(N(C)CC(O)CCCCCC)C3O)C(N(CC(O)CCCCCC)CC(O)CCCCCC)CC2N(CC(O)CCCCCC)CC(O)CCCCCC)O1,1.0172969
CCCCCCCCCCCCCCCCOP(=O)(O)OCCN(C)CCN(CCN(C)CCOP(=O)(O)OCCCCCCCCCCCCCCCC)CCN(C)CCOP(=O)(O)OCCCCCCCCCCCCCCCC,0.97173434
CCCCCCCCCCCOP(=O)(O)OCCNCCCCCCCCCC,0.90311134
CCCCCCCCCCOP(=O)(O)OCC[N+](CCCCCCCCCC)(CCCCCCCCCC)CCCCCCCCCC,0.9226384
CCCCCCCCCCCCCOP(=O)(O)OCCNCCCN1CCN(CCCNCCOP(=O)(O)OCCCCCCCCCCCCC)CC1,0.91265076
CCCCC(CC)C(=O)Oc1cc(CNCCN2CCN(CCN)CC2)cc(OC(=O)C(CC)CCCC)c1,0.9649975
CCCCOP(=O)(O)OCCN(C)CCN(CCN(C)CCOP(=O)(O)OCCCC)CCN(C)CCOP(=O)(O)OCCCC,0.9450592
N(CCC(=O)OCCOC(=O)C(C)CSCC/C=C\CC)(CCC(=O)OCCOC(=O)C(C)CSCC/C=C\CC)CCCN1CCN(CCCN(CCC(=O)OCCOC(=O)C(C)CSCC/C=C\CC)(CCC(=O)OCCOC(=O)C(C)CSCC/C=C\CC))CC1,0.92490613
CCCCCCc1ccc(C#CCN(CC#Cc2ccc(CCCCCC)cc2)C2CCC(O)CC2)cc1,0.9372054
CCCCCCOP(=O)(O)OCCNCCCNCCCNCCCNCCOP(=O)(O)OCCCCCC,0.93074864
CCCCCCCCCOP(=O)(O)OCCNCCCN(CCCN(CCCNCCOP(=O)(O)OCCCCCCCCC)CCOP(=O)(O)OCCCCCCCCC)CCOP(=O)(O)OCCCCCCCCC,0.9398845
CCCCCCCCCOP(=O)(O)OCC[N+](CCCCCC)(CCCCCC)CCCCCC,0.9553669
CCCCCCCCCCCCC(O)CN(C)C1CC(N(CC(O)CCCCCCCCCCCC)CC(O)CCCCCCCCCCCC)C(O)C(OC2OC(CO)C(O)C3OC4(OC23)OC(C(CO)N(CC(O)CCCCCCCCCCCC)CC(O)CCCCCCCCCCCC)C(O)C(O)C4O)C1O,0.9667083
CCCCC(C)CCC(=O)Oc1cc(OC(=O)CCC(C)CCCC)c(CNCCN2CCN(CCN)CC2)c(OC(=O)CCC(C)CCCC)c1,0.9460739
CCCCC(C)C(=O)Oc1cc(CNCCN(CCN)CCN)cc(OC(=O)C(C)CCCC)c1,0.9734197
N(CCN(CCC(=O)OCCOC(=O)C(C)CSCC/C=C\CC)(CCC(=O)OCCOC(=O)C(C)CSCC/C=C\CC))(CCN(CCC(=O)OCCOC(=O)C(C)CSCC/C=C\CC)(CCC(=O)OCCOC(=O)C(C)CSCC/C=C\CC))CCN(CCC(=O)OCCOC(=O)C(C)CSCC/C=C\CC)(CCC(=O)OCCOC(=O)C(C)CSCC/C=C\CC),0.97567713
CCCCCCCCCCCCCCCCN(CCCCCCCCCCCCCCCC)CCOP(=O)(O)OCCCCC,0.93339074
CCCCCCCCNCCOP(=O)(O)OCCCCCC,0.86981547
CCCCCOP(=O)(O)OCCN(C)CCN(CCNC)CCN(C)CCOP(=O)(O)OCCCCC,0.9611219
CCCCCOP(=O)(O)OCCNCCCN(CCCN(C)C)CCOP(=O)(O)OCCCCC,0.92563766
CCCCCCCCCCCCCCCCOC(=O)CCSCCCC(=N)NCCCCCCCCCCCCCC,0.93243486
CCCCC(C)CCC(=O)Oc1cc(OC(=O)CCC(C)CCCC)c(CNCCCN2CCN(C)CC2)c(OC(=O)CCC(C)CCCC)c1,0.97152686
CCCCCCCCCCCCOP(=O)(O)OCCNCCN(CCNCCOP(=O)(O)OCCCCCCCCCCCC)CCN(CCOP(=O)(O)OCCCCCCCCCCCC)CCOP(=O)(O)OCCCCCCCCCCCC,0.9366103
CCCCCCOP(=O)(O)OCCNCCCNCCCN(CCCNCCOP(=O)(O)OCCCCCC)CCOP(=O)(O)OCCCCCC,0.92260784
OCCN(CCC(=O)OCCOC(=O)C(C)CSCCC/C=C/C)CCCN(CCC(=O)OCCOC(=O)C(C)CSCCC/C=C/C)(CCC(=O)OCCOC(=O)C(C)CSCCC/C=C/C),0.9346101
CCCCCCCCCCCCCCOP(=O)(O)OCC[N+](CCCCCCCCCCCC)(CCCCCCCCCCCC)CCCCCCCCCCCC,0.895871
CCCCCCCCCCCOP(=O)(O)OCCN(C)CCN(CCN(C)CCOP(=O)(O)OCCCCCCCCCCC)CCN(C)CCOP(=O)(O)OCCCCCCCCCCC,0.9778146
CCCCCCN(CCCCCC)CCCCC(NC(C)=O)C(N)=O,0.6052688
CCCCOP(=O)(O)OCCN(C)CCN(CCN(C)CCOP(=O)(O)OCCCC)CC[N+](C)(CCOP(=O)(O)OCCCC)CCOP(=O)(O)OCCCC,0.94120556
CCCCCCCCCCCCCCCCOP(=O)(O)OCCNCCNCCN(CCNCCOP(=O)(O)OCCCCCCCCCCCCCCCC)CCOP(=O)(O)OCCCCCCCCCCCCCCCC,0.97758704
CCCCCCCC/C=C\CCCCCCCCNC(=N)CCCSCCC(=O)OCCCCCCCCC,0.94763297
CCCCCCCC[N+](CCCCCCCC)(CCCCCCCC)CCOP(=O)(O)OCCCC,0.9558902
CCCCCCCCCCOP(=O)(O)OCCNCCN(CCOP(=O)(O)OCCCCCCCCCC)CCN(CCOP(=O)(O)OCCCCCCCCCC)CCN(CCNCCOP(=O)(O)OCCCCCCCCCC)CCOP(=O)(O)OCCCCCCCCCC,0.8656925
CCCCCCCCCC(=O)Oc1cc(CNCCCN(C)C)cc(OC(=O)CCCCCCCCC)c1,0.98390085
CCCCC(C)C(=O)Oc1cc(CNCCCN2CCN(C)CC2)cc(OC(=O)C(C)CCCC)c1,0.9827915
CCCCOP(=O)(O)OCCNCCCNCCCNCCOP(=O)(O)OCCCC,0.9295423
CCCCCCCCCCCCOP(=O)(O)OCCNCCCCCC,0.88368577
CCCCCCCCC(=O)Oc1cc(CNCCN2CCN(C)CC2)cc(OC(=O)CCCCCCCC)c1,0.9797795
CCCCCCCCCCCCCCCCOC(=O)CCSCCCC(=N)NCCNCCNC(=N)CCCSCCC(=O)OCCCCCCCCCCCCCCCC,0.9329398
CCCCCCCCCCCCCCCCCCN(CCCCCCCCCCCCCCCCCC)CCCCC(NC(C)=O)C(N)=O,0.70945024
CCCCCCN(CCCCCC)CCOP(=O)(O)OCCCCC,0.9100701
CCCCCCCCCC[N+](CCCCCCCCCC)(CCCCCCCCCC)CCOP(=O)(O)OCCCC,0.9462357
CCCCCCc1ccc(C#CCN(CC#Cc2ccc(CCCCCC)cc2)c2ccccc2)cc1,0.9435284
CCCCCCCCCOC(=O)CCSCCCC(=N)Nc1ccc(CCCCCCCC)cc1,0.94639593
CCCCCCC(=O)Oc1cc(CNCCCN(CC)CC)cc(OC(=O)CCCCCC)c1,0.98202485
CCCCCCCCCCCCCCOP(=O)(O)OCCNCCCNCCCN(CCCNCCOP(=O)(O)OCCCCCCCCCCCCCC)CCOP(=O)(O)OCCCCCCCCCCCCCC,0.9656529
CCCCCCCCCCCCOC(=O)CCN(CCCCC(NC(=O)C(CCCCN(CCC(=O)OCCCCCCCCCCCC)CCC(=O)OCCCCCCCCCCCC)NC(=O)C(CCCCN(CCC(=O)OCCCCCCCCCCCC)CCC(=O)OCCCCCCCCCCCC)NC(C)=O)C(N)=O)CCC(=O)OCCCCCCCCCCCC,0.8309962
CCCCOP(=O)(O)OCCNCCN(CCN)CCNCCOP(=O)(O)OCCCC,0.9307074
N(CCN(CCC(=O)OCCOC(=O)C(C)CSCCC/C=C\C)(CCC(=O)OCCOC(=O)C(C)CSCCC/C=C\C))(CCN(CCC(=O)OCCOC(=O)C(C)CSCCC/C=C\C)(CCC(=O)OCCOC(=O)C(C)CSCCC/C=C\C))CCN(CCC(=O)OCCOC(=O)C(C)CSCCC/C=C\C)(CCC(=O)OCCOC(=O)C(C)CSCCC/C=C\C),0.9497725
CCCCCCCCCCCCCOP(=O)(O)OCCN(CCCCCCCC)CCCCCCCC,0.94944763
CCCCc1ccc(C#CCN(CC#Cc2ccc(CCCC)cc2)CCCN(CC#Cc2ccc(CCCC)cc2)CC#Cc2ccc(CCCC)cc2)cc1,0.9099075
CCCCCCCCCCCOP(=O)(O)OCCN(CCCCCC)CCCCCC,0.93924254
CCCCCCCCCCCCN(CCCCCCCCCCCC)CC(NC(=O)C(CN(CCCCCCCCCCCC)CCCCCCCCCCCC)NC(=O)C(CN(CCCCCCCCCCCC)CCCCCCCCCCCC)NC(=O)C(CN(CCCCCCCCCCCC)CCCCCCCCCCCC)NC(=O)C(CN(CCCCCCCCCCCC)CCCCCCCCCCCC)NC(C)=O)C(N)=O,0.84721893
CCCCC(C)C(=O)Oc1cc(OC(=O)C(C)CCCC)c(CNCCCN2CCN(C)CC2)c(OC(=O)C(C)CCCC)c1,0.9831237
CCCCCCCCCC[N+](CCCCCCCCCC)(CCCCCCCCCC)CCOP(=O)(O)OCCCCCCCCC,0.92648023
N(CCC(=O)OCCOC(=O)C(C)CSCCC/C=C/C)(CCC(=O)OCCOC(=O)C(C)CSCCC/C=C/C)CCCN(C)C,0.9535566
CCCCCCCCCCCCCCCCOP(=O)(O)OCCNCCCCCCCCCCCCCC,0.9252314
CCCCCCCCCCCCN(CCCCCCCCCCCC)CC(NC(=O)C(CN(CCCCCCCCCCCC)CCCCCCCCCCCC)NC(=O)C(CN(CCCCCCCCCCCC)CCCCCCCCCCCC)NC(=O)C(CN(CCCCCCCCCCCC)CCCCCCCCCCCC)NC(C)=O)C(N)=O,0.7577421
CCCCCCCC(=O)Oc1cc(CNCCN2CCN(C)CC2)cc(OC(=O)CCCCCCC)c1,0.97990626
CCCCCCCCCCCCCCNCCOP(=O)(O)OCCCC,0.88681066
CCCCCCCCCCOP(=O)(O)OCCN(CCCCCCCC)CCCCCCCC,0.94665897
CCCCCCCCCCCCOC(=O)CCSCCCC(=N)NCCN(CCNC(=N)CCCSCCC(=O)OCCCCCCCCCCCC)CCNC(=N)CCCSCCC(=O)OCCCCCCCCCCCC,0.9398096
CCCCCCCCCCCCCCCOP(=O)(O)OCCNCCNCCNCCN(CCNCCOP(=O)(O)OCCCCCCCCCCCCCCC)CCOP(=O)(O)OCCCCCCCCCCCCCCC,0.9716432
CCCCCCCCCCCCCCCCOP(=O)(O)OCCN(CCCCCCCCCC)CCCCCCCCCC,0.9485328
CCCCCCCCCCCCCOP(=O)(O)OCCNCCCNCCCNCCCNCCOP(=O)(O)OCCCCCCCCCCCCC,0.92600423
CC(C)CCCCCC(O)CN(C)C1CC(N(CC(O)CCCCCC(C)C)CC(O)CCCCCC(C)C)C(O)C(OC2OC(CO)C(O)C3OC4(OC23)OC(C(CO)N(CC(O)CCCCCC(C)C)CC(O)CCCCCC(C)C)C(O)C(O)C4O)C1O,1.0049025
CCCCC(CC)C(=O)Oc1cc(OC(=O)C(CC)CCCC)c(CNCCN(C)C)c(OC(=O)C(CC)CCCC)c1,0.9820682
CCCCCCCCCCCCCOP(=O)(O)OCCNCCCN(CCCNCCOP(=O)(O)OCCCCCCCCCCCCC)CCOP(=O)(O)OCCCCCCCCCCCCC,0.95668197
CCCCCCCCCCCOP(=O)(O)OCCNCCNCCNCCNCCOP(=O)(O)OCCCCCCCCCCC,0.91693336
CCCCCCCCCCCCCCN(CCCCCCCCCCCCCC)CCOP(=O)(O)OCCCCCCCCCCCCC,0.9268774
CCCCCCCCOC(=O)CCCN(CCCC(=O)OCCCCCCCC)CC1CCC(N(CCCC(=O)OCCCCCCCC)CCCC(=O)OCCCCCCCC)C(OC2C(O)C(OC3CCC(C)(O)C(N(C)CCCC(=O)OCCCCCCCC)C3O)C(N(CCCC(=O)OCCCCCCCC)CCCC(=O)OCCCCCCCC)CC2N(CCCC(=O)OCCCCCCCC)CCCC(=O)OCCCCCCCC)O1,0.9713523
CCCCCCCCCOP(=O)(O)OCCNCCCC,0.87105674
CCCCCCCCCCCCOC(=O)CCN(CCCCC(NC(=O)C(CCCCN(CCC(=O)OCCCCCCCCCCCC)CCC(=O)OCCCCCCCCCCCC)NC(C)=O)C(N)=O)CCC(=O)OCCCCCCCCCCCC,0.7972952
CCCCCCCCCCCCOP(=O)(O)OCCN(CCCCCCCC)CCCCCCCC,0.9558534
CCCCCCCCCCCCCCOC(=O)CCSCCCC(=N)NCCNC(=N)CCCSCCC(=O)OCCCCCCCCCCCCCC,0.9353053
CCCCCC[N+](CCCCCC)(CCCCCC)CCOP(=O)(O)OCCCC,0.93921995
CCCCCCCCCCCCCCCCOC(=O)CCSCCCC(=N)NCCNCCN1CCN(CCNC(=N)CCCSCCC(=O)OCCCCCCCCCCCCCCCC)CC1,0.9183773
N(CCC(=O)OCCOC(=O)C(C)CSCCC/C=C/C)(CCC(=O)OCCOC(=O)C(C)CSCCC/C=C/C)CCN(C)C,0.96914494
CCCCC(CC)C(=O)Oc1cc(OC(=O)C(CC)CCCC)c(CNCCN2CCN(C)CC2)c(OC(=O)C(CC)CCCC)c1,0.97950745
CCCCCCCCCCCCCCOP(=O)(O)OCCNCCNCCN(CCNCCOP(=O)(O)OCCCCCCCCCCCCCC)CCOP(=O)(O)OCCCCCCCCCCCCCC,0.9441417
CCCCCCCCCC(=O)Oc1cc(CNCCCN)cc(OC(=O)CCCCCCCCC)c1,0.97200423
CCCCC(C)CCC(=O)Oc1cc(OC(=O)CCC(C)CCCC)c(CNCCN2CCN(C)CC2)c(OC(=O)CCC(C)CCCC)c1,0.96601605
CCCCCCN(CCCCCC)CCCCC(NC(=O)C(CCCCN(CCCCCC)CCCCCC)NC(=O)C(CCCCN(CCCCCC)CCCCCC)NC(=O)C(CCCCN(CCCCCC)CCCCCC)NC(C)=O)C(N)=O,0.7860806
CCCCCCCCCCOP(=O)(O)OCCNCCN(CCNCCOP(=O)(O)OCCCCCCCCCC)CCNCCOP(=O)(O)OCCCCCCCCCC,0.9349346
CCCCCCOP(=O)(O)OCCN(C)CCN(CCN(C)CCOP(=O)(O)OCCCCCC)CCN(C)CCOP(=O)(O)OCCCCCC,0.9501978
CCCCCOP(=O)(O)OCCNCCN(CCNCCN(CCNCCOP(=O)(O)OCCCCC)CCOP(=O)(O)OCCCCC)CCOP(=O)(O)OCCCCC,0.9129846
CCCCCCCCOP(=O)(O)OCCNCCCNCCCNCCCNCCOP(=O)(O)OCCCCCCCC,0.9297001
CCCCCCCCCCCCCCOP(=O)(O)OCC[N+](CCCCCCCC)(CCCCCCCC)CCCCCCCC,0.93455493
CCCCCCCCCCCCNCCOP(=O)(O)OCCCCCCCCCCCC,0.90954787
CCCCCC(C)CCC(=O)Oc1cc(CNCCN(C)CCN)cc(OC(=O)CCC(C)CCCCC)c1,0.97049505
CCCC1CCC(c2ccc(C#CCN(CC#Cc3ccc(C4CCC(CCC)CC4)cc3)C3CCC(O)CC3)cc2)CC1,0.9287315
CCCCCCCCCCCCCOP(=O)(O)OCCNCCCCCC,0.90167123
CCCCCC(C)C(=O)Oc1cc(CNCCN2CCN(CCN)CC2)cc(OC(=O)C(C)CCCCC)c1,0.9612009
CCCCCCCCCCCCCCOP(=O)(O)OCCN(C)CCN(CCNC)CCN(C)CCOP(=O)(O)OCCCCCCCCCCCCCC,0.9319899
CCCCCCCCOP(=O)(O)OCCNCCN(CCNCCOP(=O)(O)OCCCCCCCC)CCN(CCOP(=O)(O)OCCCCCCCC)CCOP(=O)(O)OCCCCCCCC,0.944425
CCCC1CCC(c2ccc(C#CCN(CC#Cc3ccc(C4CCC(CCC)CC4)cc3)CCCN(C)CCCN(CC#Cc3ccc(C4CCC(CCC)CC4)cc3)CC#Cc3ccc(C4CCC(CCC)CC4)cc3)cc2)CC1,0.91155416
CCCCC(CC)CCC(=O)Oc1cc(CNCCCN2CCN(C)CC2)cc(OC(=O)CCC(CC)CCCC)c1,0.97744197
CCCCCCCC[N+](CCCCCCCC)(CCCCCCCC)CCOP(=O)(O)OCCCCCC,0.94930726
CCCCNCCOP(=O)(O)OCCCC,0.87287813
CCCCCCCCCCCCOC(=O)CCSCCCC(=N)NCCCN(C)CCCNC(=N)CCCSCCC(=O)OCCCCCCCCCCCC,0.9515457
CCCCCCCCCCCCOP(=O)(O)OCC[N+](CCCCCC)(CCCCCC)CCCCCC,0.94966936
CCCCCCCOP(=O)(O)OCCN(C)CCN(CCN(C)CCOP(=O)(O)OCCCCCCC)CCN(C)CCOP(=O)(O)OCCCCCCC,0.9496414
N(CCC(=O)OCCOC(=O)C(C)CSC/C=C(C)/CC/C=C(C)/CCC=C(C)C)(CCC(=O)OCCOC(=O)C(C)CSC/C=C(C)/CC/C=C(C)/CCC=C(C)C)CCCN1CCN(CCCN(CCC(=O)OCCOC(=O)C(C)CSC/C=C(C)/CC/C=C(C)/CCC=C(C)C)(CCC(=O)OCCOC(=O)C(C)CSC/C=C(C)/CC/C=C(C)/CCC=C(C)C))CC1,0.94810635
CCCCCCCCCCCCCCN(CCCCCCCCCCCCCC)CCOP(=O)(O)OCCCCC,0.9490208
CCCCCCCCOC(=O)CCCN(C)C1CC(N(CCCC(=O)OCCCCCCCC)CCCC(=O)OCCCCCCCC)C(O)C(OC2OC(CO)C(O)C3OC4(OC23)OC(C(CO)N(CCCC(=O)OCCCCCCCC)CCCC(=O)OCCCCCCCC)C(O)C(O)C4O)C1O,1.0131756
CCCCCCCCCCCOP(=O)(O)OCC[N+](CCCCCCCCCC)(CCCCCCCCCC)CCCCCCCCCC,0.9250188
CCCCCCCCCCCCOC(=O)CCSCCCC(=N)NCCNC(=N)CCCSCCC(=O)OCCCCCCCCCCCC,0.9567033
CCCCCCCCCCCCCCOP(=O)(O)OCCN(C)CCN(CCN(C)CCOP(=O)(O)OCCCCCCCCCCCCCC)CCN(C)CCOP(=O)(O)OCCCCCCCCCCCCCC,0.93994987
CCCCC(CC)C(=O)Oc1cc(OC(=O)C(CC)CCCC)c(CNCCN(C)CCN)c(OC(=O)C(CC)CCCC)c1,0.9757836
CCCCCCCCCCCCN(CCCCCCCCCCCC)CC(NC(=O)C(CN(CCCCCCCCCCCC)CCCCCCCCCCCC)NC(=O)C(CN(CCCCCCCCCCCC)CCCCCCCCCCCC)NC(C)=O)C(N)=O,0.48916364
CCCCCC(C)CCC(=O)Oc1cc(CNCCN2CCN(CCN)CC2)cc(OC(=O)CCC(C)CCCCC)c1,0.9579358
CCCCCOP(=O)(O)OCCN(CCOP(=O)(O)OCCCCC)CCN1CCN(CCOP(=O)(O)OCCCCC)CC1,0.9359376
CCCCCCCCCCCCCCN(CCCCCCCCCCCCCC)CCOP(=O)(O)OCCCCCC,0.94357693
CCCCCCCCCC(=O)Oc1cc(CNCCCN2CCN(CCCN)CC2)cc(OC(=O)CCCCCCCCC)c1,0.9433199
CCCCCCCCCCCCCCNC(=N)CCCSCCC(=O)OCCCCCCCCC,0.9471479
CCCCCCC(O)CN(C)C1C(O)C(OC2C(O)C(OC3OC(C(C)O)C(O)C(O)C3N(CC(O)CCCCCC)CC(O)CCCCCC)C(N(CC(O)CCCCCC)CC(O)CCCCCC)CC2N(CC(O)CCCCCC)CC(O)CCCCCC)OCC1(C)O,1.0095295
CCCCCCCCCCCCCC(O)N(C)C(C)C1CCC(N(C(O)CCCCCCCCCCCCC)C(O)CCCCCCCCCCCCC)C(OC2C(O)C(OC3OCC(C)(O)C(N(C)C(O)CCCCCCCCCCCCC)C3O)C(N(C(O)CCCCCCCCCCCCC)C(O)CCCCCCCCCCCCC)CC2N(C(O)CCCCCCCCCCCCC)C(O)CCCCCCCCCCCCC)O1,0.5620446
CCCCCCCCCOP(=O)(O)OCCNCCCNCCCNCCOP(=O)(O)OCCCCCCCCC,0.93032265
CCCCCCCCCCCCCCCCOP(=O)(O)OCCNCCCN1CCN(CCCN(CCOP(=O)(O)OCCCCCCCCCCCCCCCC)CCOP(=O)(O)OCCCCCCCCCCCCCCCC)CC1,0.96807504
CCCCCCCCCCCCOP(=O)(O)OCCN(CCCCCC)CCCCCC,0.947231
CCCCCCOP(=O)(O)OCCNCCCN1CCN(CCCNCCOP(=O)(O)OCCCCCC)CC1,0.91576314
CCCCCCCCCCCCCCCCOP(=O)(O)OCCNCCCNCCCN(CCCNCCOP(=O)(O)OCCCCCCCCCCCCCCCC)CCOP(=O)(O)OCCCCCCCCCCCCCCCC,0.982154
CCCCCCc1ccc(C#CCN(CC#Cc2ccc(CCCCCC)cc2)CCCN(CC)CC)cc1,0.9349283
CCCCCCOP(=O)(O)OCCNCCN(CCNCCOP(=O)(O)OCCCCCC)CCN(CCOP(=O)(O)OCCCCCC)CCOP(=O)(O)OCCCCCC,0.92640835
CCCCCCCCCCCCCCOP(=O)(O)OCCN(CCCCCCCCCCCCCC)CCCCCCCCCCCCCC,0.9278615
CCCCCCCCCCCC(O)N(C)C1CC(N(C(O)CCCCCCCCCCC)C(O)CCCCCCCCCCC)C(O)C(OC2OC(CO)C(O)C3OC4(OC23)OC(C(CO)N(C(O)CCCCCCCCCCC)C(O)CCCCCCCCCCC)C(O)C(O)C4O)C1O,0.9134158
CCCCCCCCCCCCN(CCCCCCCCCCCC)CCCCC(NC(=O)C(CCCCN(CCCCCCCCCCCC)CCCCCCCCCCCC)NC(=O)C(CCCCN(CCCCCCCCCCCC)CCCCCCCCCCCC)NC(=O)C(CCCCN(CCCCCCCCCCCC)CCCCCCCCCCCC)NC(C)=O)C(N)=O,0.459973
CCCCCCCCCCCCCCCCOP(=O)(O)OCC[N+](CCCCCC)(CCCCCC)CCCCCC,0.94563246
CCCCCCOP(=O)(O)OCCNCCCN(CCCN(C)C)CCOP(=O)(O)OCCCCCC,0.9271485
CCCCOP(=O)(O)OCCN(C)CCN(CCNC)CCN(C)CCOP(=O)(O)OCCCC,0.9567325
CCCCC(C)C(=O)Oc1cc(CNCCN(C)C)cc(OC(=O)C(C)CCCC)c1,0.97341484
CCCCCCCCCCCCCCCCOP(=O)(O)OCCN(CCCN(C)C)CCCN(CCOP(=O)(O)OCCCCCCCCCCCCCCCC)CCOP(=O)(O)OCCCCCCCCCCCCCCCC,0.9135203
CCCCCCOP(=O)(O)OCCN(CCCN(C)C)CCCN(CCOP(=O)(O)OCCCCCC)CCOP(=O)(O)OCCCCCC,0.9066378
CCCCCCCCCCCCCCCC(=O)NNC(=N)CCCSCCC(=O)OCCCCCCCCCCCC,0.9459171
CCCCCCCOP(=O)(O)OCCNCCN1CCN(CCOP(=O)(O)OCCCCCCC)CC1,0.9237458
CCCCCCCCCCCCCCCOP(=O)(O)OCCN(CCCC)CCCC,0.9292703
N(CCC(=O)OCCOC(=O)C(C)CSCC/C=C/CC)(CCC(=O)OCCOC(=O)C(C)CSCC/C=C/CC)CCCN(C)C,0.95628893
CCCCC(C)CCC(=O)Oc1cc(CNCCN2CCN(CCN)CC2)cc(OC(=O)CCC(C)CCC)c1,0.959574
CCCCC(CC)CCC(=O)Oc1cc(CNCCN(CCN)CCN)cc(OC(=O)CCC(CC)CCCC)c1,0.96649945
CCCCCCCCCCCCCCN(CCCCCCCCCCCCCC)CCOP(=O)(O)OCCCCCCCCC,0.93021196
CCCCCCCCOP(=O)(O)OCCNCCN(CCN)CCNCCOP(=O)(O)OCCCCCCCC,0.93148875
CCCCCCCCCOP(=O)(O)OCCNCCCCCCCC,0.8844316
CCCCCCC(=O)Oc1cc(CNCCCN2CCN(CCCN)CC2)cc(OC(=O)CCCCCC)c1,0.9463213
CCCCCOP(=O)(O)OCC[N+](CCCC)(CCCC)CCCC,0.9117415
CCCCCCCCCCCCCCOC(=O)CCSCCCC(=N)Nc1ccc(CCCCCCCCCCCC)cc1,0.9396247
CCCCCCCCCCCCN(CCCCCCCCCCCC)CCC(NC(=O)C(CCN(CCCCCCCCCCCC)CCCCCCCCCCCC)NC(=O)C(CCN(CCCCCCCCCCCC)CCCCCCCCCCCC)NC(C)=O)C(N)=O,0.7102696
N(CCC(=O)OCCOC(=O)C(C)CSCCCCC=C)(CCC(=O)OCCOC(=O)C(C)CSCCCCC=C)CCCN1CCN(CCCN(CCC(=O)OCCOC(=O)C(C)CSCCCCC=C)(CCC(=O)OCCOC(=O)C(C)CSCCCCC=C))CC1,0.90298426
CCCCCCCCCCCCOP(=O)(O)OCCNCCNCCN(CCNCCOP(=O)(O)OCCCCCCCCCCCC)CCOP(=O)(O)OCCCCCCCCCCCC,0.9580997
CCCCCCOC(=O)CCCN(CCCC(=O)OCCCCCC)CC1CCC(N(CCCC(=O)OCCCCCC)CCCC(=O)OCCCCCC)C(OC2C(O)C(OC3CCC(C)(O)C(N(C)CCCC(=O)OCCCCCC)C3O)C(N(CCCC(=O)OCCCCCC)CCCC(=O)OCCCCCC)CC2N(CCCC(=O)OCCCCCC)CCCC(=O)OCCCCCC)O1,1.0123768
CCCCCCCCOP(=O)(O)OCCN(CCCN1CCN(CCCN(CCOP(=O)(O)OCCCCCCCC)CCOP(=O)(O)OCCCCCCCC)CC1)CCOP(=O)(O)OCCCCCCCC,0.94986504
CCCCC(C)C(=O)Oc1cc(CNCCCN2CCN(CCCN)CC2)cc(OC(=O)C(C)CCCC)c1,0.95818347
CCCCCC(C)CCC(=O)Oc1cc(CNCCN(CCN)CCN)cc(OC(=O)CCC(C)CCCCC)c1,0.96257186
CCCCCCCCC(=O)Oc1cc(CNCCCN(C)CCCN)cc(OC(=O)CCCCCCCC)c1,0.9778948
CCCCCCN(CCCCCC)CCCCC(NC(=O)C(CCCCN(CCCCCC)CCCCCC)NC(=O)C(CCCCN(CCCCCC)CCCCCC)NC(C)=O)C(N)=O,0.7865393
CCCC1CCC(c2ccc(C#CCN(CC#Cc3ccc(C4CCC(CCC)CC4)cc3)CCCN(C)C)cc2)CC1,0.9157108
CCCCC(CC)CCC(=O)Oc1cc(OC(=O)CCC(CC)CCCC)c(CNCCN(C)C)c(OC(=O)CCC(CC)CCCC)c1,0.9579789
CCCCC(CC)CCC(=O)Oc1cc(OC(=O)CCC(CC)CCCC)c(CNCCCN2CCN(C)CC2)c(OC(=O)CCC(CC)CCCC)c1,0.9616245
CCCCCCCCCCNCCOP(=O)(O)OCCCCCCC,0.88462585
CCCCCCCCCCN(CCCCCCCCCC)CCOP(=O)(O)OCCCCCCCC,0.95377195
CCCCCCCCCCCCCCCCN(CCCCCCCCCCCCCCCC)CCCCC(NC(=O)C(CCCCN(CCCCCCCCCCCCCCCC)CCCCCCCCCCCCCCCC)NC(=O)C(CCCCN(CCCCCCCCCCCCCCCC)CCCCCCCCCCCCCCCC)NC(=O)C(CCCCN(CCCCCCCCCCCCCCCC)CCCCCCCCCCCCCCCC)NC(=O)C(CCCCN(CCCCCCCCCCCCCCCC)CCCCCCCCCCCCCCCC)NC(C)=O)C(N)=O,0.81513244
CCCCCC(C)C(=O)Oc1cc(OC(=O)C(C)CCCCC)c(CNCCN2CCN(CCN)CC2)c(OC(=O)C(C)CCCCC)c1,0.96035486
CCCCCCCCCCOC(=O)CCCN(C)C1C(O)C(OC2C(O)C(OC3OC(C(C)O)C(O)C(O)C3N(CCCC(=O)OCCCCCCCCCC)CCCC(=O)OCCCCCCCCCC)C(N(CCCC(=O)OCCCCCCCCCC)CCCC(=O)OCCCCCCCCCC)CC2N(CCCC(=O)OCCCCCCCCCC)CCCC(=O)OCCCCCCCCCC)OCC1(C)O,0.9566741
CCCCCCCCCCCOP(=O)(O)OCCNCCCN(CCCN(CCCNCCOP(=O)(O)OCCCCCCCCCCC)CCOP(=O)(O)OCCCCCCCCCCC)CCOP(=O)(O)OCCCCCCCCCCC,0.91631997
CCCCCCCCCCCCCCCCN(CCCCCCCCCCCCCCCC)CCOP(=O)(O)OCCCCCCCCCCC,0.9328755
CCCCCCCCCCCCCCOP(=O)(O)OCCNCCCNCCCNCCCNCCOP(=O)(O)OCCCCCCCCCCCCCC,0.92563385
CCCCCCOP(=O)(O)OCCN(CCOP(=O)(O)OCCCCCC)CCN1CCN(CCOP(=O)(O)OCCCCCC)CC1,0.9361477
CCCCCCCCCCCCOP(=O)(O)OCC[N+](CCCCCCCCCCCC)(CCCCCCCCCCCC)CCCCCCCCCCCC,0.919476
CCCCCCCCCCCCOC(=O)CCCN(C)C1CC(N(CCCC(=O)OCCCCCCCCCCCC)CCCC(=O)OCCCCCCCCCCCC)C(O)C(OC2OC(CO)C(O)C3OC4(OC23)OC(C(CO)N(CCCC(=O)OCCCCCCCCCCCC)CCCC(=O)OCCCCCCCCCCCC)C(O)C(O)C4O)C1O,0.99544847
CCCCCCCCC(=O)Oc1cc(CNCCN(C)C)cc(OC(=O)CCCCCCCC)c1,0.9832851
CCCCc1ccc(C#CCN(CC#Cc2ccc(CCCC)cc2)CCN(CC#Cc2ccc(CCCC)cc2)CC#Cc2ccc(CCCC)cc2)cc1,0.92149913
CCCCCCCCCCCCCCCCOP(=O)(O)OCCNCCOCCOCCNCCOP(=O)(O)OCCCCCCCCCCCCCCCC,0.92980486
CCCCCCC(=O)Oc1cc(CNCCCN(C)CCCN)cc(OC(=O)CCCCCC)c1,0.9776585
CCCCCOP(=O)(O)OCCNCCN(CCOP(=O)(O)OCCCCC)CCN(CCNCCOP(=O)(O)OCCCCC)CCOP(=O)(O)OCCCCC,0.91994166
CCCCCCCCCCCCC(O)CN(C)C1C(O)C(OC2C(O)C(OC3OC(C(C)O)C(O)C(O)C3N(CC(O)CCCCCCCCCCCC)CC(O)CCCCCCCCCCCC)C(N(CC(O)CCCCCCCCCCCC)CC(O)CCCCCCCCCCCC)CC2N(CC(O)CCCCCCCCCCCC)CC(O)CCCCCCCCCCCC)OCC1(C)O,0.8478444
CCCCCCCCCCCCN(CCCCCCCCCCCC)CCCC(NC(C)=O)C(N)=O,0.82130396
CCCCCCc1ccc(C#CCN(CC#Cc2ccc(CCCCCC)cc2)CCN2CCCCC2)cc1,0.94336444
CCCCCCCCCCOP(=O)(O)OCCNCCCN1CCN(CCCN(CCOP(=O)(O)OCCCCCCCCCC)CCOP(=O)(O)OCCCCCCCCCC)CC1,0.9508051
CCCCCCCCCCCCCOP(=O)(O)OCCN(C)CCN(CCN(C)CCOP(=O)(O)OCCCCCCCCCCCCC)CCN(C)CCOP(=O)(O)OCCCCCCCCCCCCC,0.94616395
CCCCCCCCCCCCC(O)CN(CCCCC(NC(=O)C(CCCCN(CC(O)CCCCCCCCCCCC)CC(O)CCCCCCCCCCCC)NC(C)=O)C(N)=O)CC(O)CCCCCCCCCCCC,0.78587604
CCCCCCCCCCCCNC(=N)CCCSCCC(=O)OCCCCCCCCC,0.939207
CCCCc1ccc(C#CCN(C)CCCN(C)CC#Cc2ccc(CCCC)cc2)cc1,0.9289926
CCCCCCCCCOP(=O)(O)OCCNCCCN(CCCNCCOP(=O)(O)OCCCCCCCCC)CCOP(=O)(O)OCCCCCCCCC,0.92445517
CCCCCCCCCCCCOP(=O)(O)OCCN(CCCC)CCCC,0.9411307
CCCCCCCCCCCCCCOP(=O)(O)OCCN(CCOP(=O)(O)OCCCCCCCCCCCCCC)CCN1CCN(CCOP(=O)(O)OCCCCCCCCCCCCCC)CC1,0.9380991
CCCCCCCCCOP(=O)(O)OCCNCCCN1CCN(CCCN(CCOP(=O)(O)OCCCCCCCCC)CCOP(=O)(O)OCCCCCCCCC)CC1,0.91937
CCCCCCCCCCCCN(CCCCCCCCCCCC)CCC(NC(=O)C(CCN(CCCCCCCCCCCC)CCCCCCCCCCCC)NC(=O)C(CCN(CCCCCCCCCCCC)CCCCCCCCCCCC)NC(=O)C(CCN(CCCCCCCCCCCC)CCCCCCCCCCCC)NC(=O)C(CCN(CCCCCCCCCCCC)CCCCCCCCCCCC)NC(C)=O)C(N)=O,0.85994625
CCCCCCc1ccc(C#CCN(CC#Cc2ccc(CCCCCC)cc2)CC(=O)OC)cc1,0.96065426
CCCCCCCCCCCCCCCOP(=O)(O)OCCNCCN1CCN(CCOP(=O)(O)OCCCCCCCCCCCCCCC)CC1,0.9118152
CCCCOP(=O)(O)OCCNCCCN1CCN(CCCN(CCOP(=O)(O)OCCCC)CCOP(=O)(O)OCCCC)CC1,0.91139126
CCCCC(CC)CCC(=O)Oc1cc(OC(=O)CCC(CC)CCCC)c(CNCCN(C)CCN)c(OC(=O)CCC(CC)CCCC)c1,0.9526038
OCCN(CCC(=O)OCCOC(=O)C(C)CSCCC(C)CCC=C(C)C)CCCN(CCC(=O)OCCOC(=O)C(C)CSCCC(C)CCC=C(C)C)(CCC(=O)OCCOC(=O)C(C)CSCCC(C)CCC=C(C)C),0.9268102
CCCCCCCCCCCCCCCCOP(=O)(O)OCCNCCN(CCOP(=O)(O)OCCCCCCCCCCCCCCCC)CCN(CCOP(=O)(O)OCCCCCCCCCCCCCCCC)CCN(CCNCCOP(=O)(O)OCCCCCCCCCCCCCCCC)CCOP(=O)(O)OCCCCCCCCCCCCCCCC,0.8518789
CCCCCCCCCCOP(=O)(O)OCCNCCCNCCCNCCCNCCOP(=O)(O)OCCCCCCCCCC,0.917072
CCCCc1ccc(C#CCN(CC#Cc2ccc(CCCC)cc2)CCN2CCOCC2)cc1,0.93276787
CCCCCCCCCCCCCCC(O)N(CCC(O)C(=O)NC1CC(N(C(O)CCCCCCCCCCCCCC)C(O)CCCCCCCCCCCCCC)C(OC2OC(CN(C(O)CCCCCCCCCCCCCC)C(O)CCCCCCCCCCCCCC)C(O)C(O)C2O)C(O)C1OC1OC(CO)C(O)C(N(C(O)CCCCCCCCCCCCCC)C(O)CCCCCCCCCCCCCC)C1O)C(O)CCCCCCCCCCCCCC,0.8357831
CCCCCCCCCCCCCCCCOP(=O)(O)OCCNCCCNCCCNCCOP(=O)(O)OCCCCCCCCCCCCCCCC,0.9308752
CCCCCCCCCCCCCCOP(=O)(O)OCCNCCNCCNCCN(CCNCCOP(=O)(O)OCCCCCCCCCCCCCC)CCOP(=O)(O)OCCCCCCCCCCCCCC,0.9466463
CCCCCCCCCCCCCCCCOP(=O)(O)OCCN(CCCCCC)CCCCCC,0.9597216
CCCCCCCCCCCCC(O)CN(CCCCC(NC(=O)C(CCCCN(CC(O)CCCCCCCCCCCC)CC(O)CCCCCCCCCCCC)NC(=O)C(CCCCN(CC(O)CCCCCCCCCCCC)CC(O)CCCCCCCCCCCC)NC(C)=O)C(N)=O)CC(O)CCCCCCCCCCCC,0.59049237
CCCCCCCCCCCCCOP(=O)(O)OCCNCCCN(CCCN(C)C)CCOP(=O)(O)OCCCCCCCCCCCCC,0.90681595
CCCCC(C)C(=O)Oc1cc(OC(=O)C(C)CCCC)c(CNCCN2CCN(C)CC2)c(OC(=O)C(C)CCCC)c1,0.97915906
CCCCCCCCCCCCCCOC(=O)CCSCCCC(=N)NCCN(C)CCNC(=N)CCCSCCC(=O)OCCCCCCCCCCCCCC,0.882549
N(CCC(=O)OCCOC(=O)C(C)CSCCC/C=C\C)(CCC(=O)OCCOC(=O)C(C)CSCCC/C=C\C)CCN(C)C,0.96914494
CCCCCCCCN(CCCCCCCC)CCOP(=O)(O)OCCCCCCC,0.93921864
CCCCC(CC)C(=O)Oc1cc(OC(=O)C(CC)CCCC)c(CNCCN2CCN(CCN)CC2)c(OC(=O)C(CC)CCCC)c1,0.9598292
CCCCCCCCCCOP(=O)(O)OCCNCCCCCC,0.8849314
CCCCCCCCCCCC(=O)NCCN(CCCCC(NC(=O)C(CCCCN(CCNC(=O)CCCCCCCCCCC)CCNC(=O)CCCCCCCCCCC)NC(=O)C(CCCCN(CCNC(=O)CCCCCCCCCCC)CCNC(=O)CCCCCCCCCCC)NC(=O)C(CCCCN(CCNC(=O)CCCCCCCCCCC)CCNC(=O)CCCCCCCCCCC)NC(=O)C(CCCCN(CCNC(=O)CCCCCCCCCCC)CCNC(=O)CCCCCCCCCCC)NC(C)=O)C(N)=O)CCNC(=O)CCCCCCCCCCC,0.69960475
CCCCCCCC(=O)Oc1cc(CNCCN2CCN(CCN)CC2)cc(OC(=O)CCCCCCC)c1,0.9560217
CCCCCCCCCCCCN(CCCCCCCCCCCC)CCOP(=O)(O)OCCCCCCCC,0.9537414
CCCCCCCCC(O)CN(CCCCC(NC(=O)C(CCCCN(CC(O)CCCCCCCC)CC(O)CCCCCCCC)NC(=O)C(CCCCN(CC(O)CCCCCCCC)CC(O)CCCCCCCC)NC(C)=O)C(N)=O)CC(O)CCCCCCCC,0.80375093
CCCCCCOP(=O)(O)OCCNCCN(CCOP(=O)(O)OCCCCCC)CCN(CCNCCOP(=O)(O)OCCCCCC)CCOP(=O)(O)OCCCCCC,0.92640835
N(CCC(=O)OCCOC(=O)C(C)CSC/C=C\CCC)(CCC(=O)OCCOC(=O)C(C)CSC/C=C\CCC)CCCN(C)C,0.95083696
CCCCCCCCCCCCCCOC(=O)CCSCCCC(=N)NCCNCCN1CCN(CCNC(=N)CCCSCCC(=O)OCCCCCCCCCCCCCC)CC1,0.9322222
CCCCCCCCCCCCOC(=O)CCSCCCC(=N)NCCCCCCCCCC,0.9409609
CCCCCCCCCC[N+](CCCCCCCCCC)(CCCCCCCCCC)CCOP(=O)(O)OCCCCCCCC,0.9431755
CCCCCCCCCCCC[N+](CCCCCCCCCCCC)(CCCCCCCCCCCC)CCOP(=O)(O)OCCCCCCCC,0.9217942
CCCCCCCCCCCCCCCCOC(=O)CCSCCCC(=N)NCCCNC(=N)CCCSCCC(=O)OCCCCCCCCCCCCCCCC,0.9205503
CCCCC(O)CN(CC(O)CCCC)CC1CCC(N(CC(O)CCCC)CC(O)CCCC)C(OC2C(O)C(OC3CCC(C)(O)C(N(C)CC(O)CCCC)C3O)C(N(CC(O)CCCC)CC(O)CCCC)CC2N(CC(O)CCCC)CC(O)CCCC)O1,1.0112779
CCCCCCCCOP(=O)(O)OCCNCCCN(CCCN(CCCNCCOP(=O)(O)OCCCCCCCC)CCOP(=O)(O)OCCCCCCCC)CCOP(=O)(O)OCCCCCCCC,0.9296986
CCCCCCCCCOP(=O)(O)OCCNCCN(CCOP(=O)(O)OCCCCCCCCC)CCN(CCNCCOP(=O)(O)OCCCCCCCCC)CCOP(=O)(O)OCCCCCCCCC,0.943773
CCCCCCCCCCCCCCCCOP(=O)(O)OCCNCCCN1CCN(CCCNCCOP(=O)(O)OCCCCCCCCCCCCCCCC)CC1,0.9125289
CC(C)CCCCCOC(=O)CCCN(C)C1CC(N(CCCC(=O)OCCCCCC(C)C)CCCC(=O)OCCCCCC(C)C)C(O)C(OC2OC(CO)C(O)C3OC4(OC23)OC(C(CO)N(CCCC(=O)OCCCCCC(C)C)CCCC(=O)OCCCCCC(C)C)C(O)C(O)C4O)C1O,1.0032694
CCCCCCCCCCCCCOP(=O)(O)OCCNCCCNCCCN(CCCNCCOP(=O)(O)OCCCCCCCCCCCCC)CCOP(=O)(O)OCCCCCCCCCCCCC,0.9512057
CC(C)CCCCCC(O)CN(C)C1C(O)C(OC2C(O)C(OC3OC(C(C)O)C(O)C(O)C3N(CC(O)CCCCCC(C)C)CC(O)CCCCCC(C)C)C(N(CC(O)CCCCCC(C)C)CC(O)CCCCCC(C)C)CC2N(CC(O)CCCCCC(C)C)CC(O)CCCCCC(C)C)OCC1(C)O,1.0084332
CCCCC(C)CCC(=O)Oc1cc(CNCCN(C)CCN)cc(OC(=O)CCC(C)CCC)c1,0.9732789
CCCCCCCCCCCCNCCOP(=O)(O)OCCCC,0.88791955
CCCCCCCOP(=O)(O)OCCNCCCN(CCCN(CCCNCCOP(=O)(O)OCCCCCCC)CCOP(=O)(O)OCCCCCCC)CCOP(=O)(O)OCCCCCCC,0.935474
CCCCCCCCCCCCc1ccc(NC(=N)CCCSCCC(=O)OCCCCCCCCC)cc1,0.9296769
CCCCCCCCCCCCCCCCOP(=O)(O)OCC[N+](CCCCCCCC)(CCCCCCCC)CCCCCCCC,0.9257631
CCCCCCCCCCCCCCCCNC(=N)CCCSCCC(=O)OCCCCCCCCCCCCCCCC,0.92213863
CCCCCCCCCCCCCOP(=O)(O)OCCN(CCOP(=O)(O)OCCCCCCCCCCCCC)CCN1CCN(CCOP(=O)(O)OCCCCCCCCCCCCC)CC1,0.94297713
N(CCC(=O)OCCOC(=O)C(C)CSC/C=C/CCC)(CCC(=O)OCCOC(=O)C(C)CSC/C=C/CCC)CCCN1CCN(C)CC1,0.9653923
CCCCCCCCCOC(=O)CCSCCCC(=N)NCC(=O)OCCCCCCCC,0.9676948
CCCCOP(=O)(O)OCCN(CCOP(=O)(O)OCCCC)CCN1CCN(CCOP(=O)(O)OCCCC)CC1,0.94375217
CCCCc1ccc(C#CCN(CC#Cc2ccc(CCCC)cc2)CCCn2ccnc2)cc1,0.9229694
CCCCCCCCCOP(=O)(O)OCCN(CCCC)CCCC,0.9086289
CCCCCCCCCCCOP(=O)(O)OCCNCCN1CCN(CCOP(=O)(O)OCCCCCCCCCCC)CC1,0.90513885
CCCCCCCCCCCCCCCCOC(=O)CCSCCCC(=N)Nc1ccc(CCCCCCCC)cc1,0.94620323
CCCCCCCCCCCCCCCCCCN(CCCCCCCCCCCCCCCCCC)CCCCC(NC(=O)C(CCCCN(CCCCCCCCCCCCCCCCCC)CCCCCCCCCCCCCCCCCC)NC(=O)C(CCCCN(CCCCCCCCCCCCCCCCCC)CCCCCCCCCCCCCCCCCC)NC(C)=O)C(N)=O,0.86932796
CCCCC(CC)C(=O)Oc1cc(OC(=O)C(CC)CCCC)c(CNCCCN2CCN(C)CC2)c(OC(=O)C(CC)CCCC)c1,0.983761
N(CCC(=O)OCCOC(=O)C(C)CSCCCCCC)(CCC(=O)OCCOC(=O)C(C)CSCCCCCC)CCCN(C)C,0.9670677
CCCCCCCCCCCCCCOP(=O)(O)OCCN(CCCCCCCC)CCCCCCCC,0.9483105
CCCCc1ccc(C#CCN(C)CC#Cc2ccc(CCCC)cc2)cc1,0.90908504
CCCCC(CC)C(=O)Oc1cc(OC(=O)C(CC)CCCC)c(CNCCCN(C)CCCN)c(OC(=O)C(CC)CCCC)c1,0.9807553
CCCCCCCCCOP(=O)(O)OCCN(CCCN(C)C)CCCN(CCOP(=O)(O)OCCCCCCCCC)CCOP(=O)(O)OCCCCCCCCC,0.8908162
CCCCCCCCCCN(CCCCCCCCCC)CCCCC(NC(C)=O)C(N)=O,0.34829688
CCCCCCCCCCCCCCNCCOP(=O)(O)OCCCCCCC,0.90359163
CCCCCCCCCCCCCCN(CCCCCCCCCCCCCC)CCCCC(NC(C)=O)C(N)=O,0.53631127
CCCCC(CC)C(=O)Oc1cc(CNCCN(C)C)cc(OC(=O)C(CC)CCCC)c1,0.9737601
CCCCCCCCCCCCCCCCOP(=O)(O)OCCN(CCCC)CCCC,0.940783
CCCCCCCCCCCCOC(=O)CCSCCCC(=N)Nc1ccc(CCCCCCCCCCCC)cc1,0.9433582
CCCCCCCCCCCCCCNCCOP(=O)(O)OCCCCCCCCCCC,0.911797
CCCCCCCCC(O)CN(CC(O)CCCCCCCC)CC1CCC(N(CC(O)CCCCCCCC)CC(O)CCCCCCCC)C(OC2C(O)C(OC3CCC(C)(O)C(N(C)CC(O)CCCCCCCC)C3O)C(N(CC(O)CCCCCCCC)CC(O)CCCCCCCC)CC2N(CC(O)CCCCCCCC)CC(O)CCCCCCCC)O1,0.9871867
CCCCCCCCCCCCCCCCNC(=N)CCCSCCC(=O)OCCCCCCCCCCCC,0.9521231
N(CCC(=O)OCCOC(=O)C(C)CSC/C=C/CCC)(CCC(=O)OCCOC(=O)C(C)CSC/C=C/CCC)CCN(C)C,0.96636003
CCCCCCc1ccc(C#CCN(CC#Cc2ccc(CCCCCC)cc2)CCCN2CCN(CCCN(CC#Cc3ccc(CCCCCC)cc3)CC#Cc3ccc(CCCCCC)cc3)CC2)cc1,0.9305218
CCCCCCCCCOP(=O)(O)OCCN(CCOP(=O)(O)OCCCCCCCCC)CCN1CCN(CCOP(=O)(O)OCCCCCCCCC)CC1,0.9258485
CCCCCCCCCCCCCCCCCC(=O)NNC(=N)CCCSCCC(=O)OCCCCCCCCCCCCCC,0.9063287
CCCCCCCCCCCCCCCOP(=O)(O)OCCNCCCC,0.8989663
CCCCCCCCCCOP(=O)(O)OCCNCCNCCN(CCNCCOP(=O)(O)OCCCCCCCCCC)CCOP(=O)(O)OCCCCCCCCCC,0.93609476
CCCCCCCCCCOP(=O)(O)OCCNCCNCCNCCNCCNCCOP(=O)(O)OCCCCCCCCCC,0.9162426
N(CCC(=O)OCCOC(=O)C(C)CSC/C=C(C)/CC/C=C(C)/CCC=C(C)C)(CCC(=O)OCCOC(=O)C(C)CSC/C=C(C)/CC/C=C(C)/CCC=C(C)C)CCCN(C)CCCN(CCC(=O)OCCOC(=O)C(C)CSC/C=C(C)/CC/C=C(C)/CCC=C(C)C)(CCC(=O)OCCOC(=O)C(C)CSC/C=C(C)/CC/C=C(C)/CCC=C(C)C),0.9311457
CCCCCCCCCCCCN(CCCCCCCCCCCC)CCC(NC(=O)C(CCN(CCCCCCCCCCCC)CCCCCCCCCCCC)NC(C)=O)C(N)=O,0.75937635
CCCCCCCCC(O)CN(CCCCC(NC(=O)C(CCCCN(CC(O)CCCCCCCC)CC(O)CCCCCCCC)NC(C)=O)C(N)=O)CC(O)CCCCCCCC,0.8533263
CCCCCCCCCOP(=O)(O)OCCNCCNCCNCCNCCOP(=O)(O)OCCCCCCCCC,0.9306525
CCCCCCCCCCCCN(CCCCCCCCCCCC)CC(NC(=O)C(CN(CCCCCCCCCCCC)CCCCCCCCCCCC)NC(C)=O)C(N)=O,0.7577566
CCCCCCC(=O)Oc1cc(CNCCCN)cc(OC(=O)CCCCCC)c1,0.95196646
CCCC1CCC(c2ccc(C#CCN(CC)CCN(CC)CC#Cc3ccc(C4CCC(CCC)CC4)cc3)cc2)CC1,0.9306447
CCCCCCCOP(=O)(O)OCCNCCCN1CCN(CCCN(CCOP(=O)(O)OCCCCCCC)CCOP(=O)(O)OCCCCCCC)CC1,0.9150035
CCCCCCc1ccc(C#CCN(CC#Cc2ccc(CCCCCC)cc2)CCCn2ccnc2)cc1,0.92320925
CCCCCCCCCCCCOC(=O)CCSCCCC(=N)NCCCN(CCCCN(CCCNC(=N)CCCSCCC(=O)OCCCCCCCCCCCC)CCCNC(=N)CCCSCCC(=O)OCCCCCCCCCCCC)CCCNC(=N)CCCSCCC(=O)OCCCCCCCCCCCC,0.95175815
CCCCCCCOP(=O)(O)OCCNCCNCCN(CCNCCOP(=O)(O)OCCCCCCC)CCOP(=O)(O)OCCCCCCC,0.92085147
N(CCC(=O)OCCOC(=O)C(C)CSCCC/C=C\C)(CCC(=O)OCCOC(=O)C(C)CSCCC/C=C\C)CCCN1CCN(C)CC1,0.9683898
CCCCCC(C)CCC(=O)Oc1cc(CNCCCN2CCN(CCCN)CC2)cc(OC(=O)CCC(C)CCCCC)c1,0.94680804
CCCCCCCCOP(=O)(O)OCCNCCCCCC,0.8689569
CCCCCCCCCCOP(=O)(O)OCCNCCN1CCN(CCOP(=O)(O)OCCCCCCCCCC)CC1,0.9134373
CCCCCCCCCCOP(=O)(O)OCCN(CCCC)CCCC,0.90994155
CCCCCC(C)C(=O)Oc1cc(OC(=O)C(C)CCCCC)c(CNCCN(CC)CC)c(OC(=O)C(C)CCCCC)c1,0.9710644
CCCCOP(=O)(O)OCCN(CCCN1CCN(CCCN(CCOP(=O)(O)OCCCC)CCOP(=O)(O)OCCCC)CC1)CCOP(=O)(O)OCCCC,0.92287296
CCCCCCCCCCCCCCCCOP(=O)(O)OCC[N+](CCCCCCCCCC)(CCCCCCCCCC)CCCCCCCCCC,0.926755
CCCCCOP(=O)(O)OCCN(CCCC)CCCC,0.88865954
CCCCCCCCCCCCCCCOP(=O)(O)OCCN(CCCCCCCCCC)CCCCCCCCCC,0.94256765
CCCCCCCCCCCCCOP(=O)(O)OCCNCCCCCCCCCC,0.90414786
CCCCCOP(=O)(O)OCCNCCN1CCN(CCOP(=O)(O)OCCCCC)CC1,0.92443156
CCCCCCCCCCOP(=O)(O)OCCNCCOCCOCCNCCOP(=O)(O)OCCCCCCCCCC,0.9255382
CCCCCCCCCCN(CCCCCCCCCC)CCCCC(NC(=O)C(CCCCN(CCCCCCCCCC)CCCCCCCCCC)NC(C)=O)C(N)=O,0.3112065
CCCCCCCCCCCCCCOC(=O)CCSCCCC(=N)Nc1ccc(OCCCCCCCCC)cc1,0.94145316
CCCCC(CC)CCC(=O)Oc1cc(CNCCCN(CC)CC)cc(OC(=O)CCC(CC)CCCC)c1,0.97777
CCCCC(CC)CCC(=O)Oc1cc(OC(=O)CCC(CC)CCCC)c(CNCCN2CCN(CCN)CC2)c(OC(=O)CCC(CC)CCCC)c1,0.9341046
CCCCC(CC)C(=O)Oc1cc(OC(=O)C(CC)CCCC)c(CNCCN(CCN)CCN)c(OC(=O)C(CC)CCCC)c1,0.96923554
OCCN(CCC(=O)OCCOC(=O)C(C)CSCCC/C=C\C)CCCN(CCC(=O)OCCOC(=O)C(C)CSCCC/C=C\C)(CCC(=O)OCCOC(=O)C(C)CSCCC/C=C\C),0.9346101
CCCCC(CC)CCC(=O)Oc1cc(OC(=O)CCC(CC)CCCC)c(CNCCN(CC)CC)c(OC(=O)CCC(CC)CCCC)c1,0.95379657
CCCCCCCCCCCCOC(=O)CCN(CCCCC(NC(=O)C(CCCCN(CCC(=O)OCCCCCCCCCCCC)CCC(=O)OCCCCCCCCCCCC)NC(=O)C(CCCCN(CCC(=O)OCCCCCCCCCCCC)CCC(=O)OCCCCCCCCCCCC)NC(=O)C(CCCCN(CCC(=O)OCCCCCCCCCCCC)CCC(=O)OCCCCCCCCCCCC)NC(=O)C(CCCCN(CCC(=O)OCCCCCCCCCCCC)CCC(=O)OCCCCCCCCCCCC)NC(C)=O)C(N)=O)CCC(=O)OCCCCCCCCCCCC,0.8123477
CCCCCCCCCCCCCCOC(=O)CCSCCCC(=N)NCCCCCCCCCCCC,0.94874156
CCCCCCCCCCCCCCCCOP(=O)(O)OCC[N+](CCCC)(CCCC)CCCC,0.9465046
CCCCOP(=O)(O)OCCNCCN(CCOP(=O)(O)OCCCC)CCN(CCNCCOP(=O)(O)OCCCC)CCOP(=O)(O)OCCCC,0.9226972
CCCCCCCCCCCOP(=O)(O)OCCNCCN(CCNCCOP(=O)(O)OCCCCCCCCCCC)CCNCCOP(=O)(O)OCCCCCCCCCCC,0.93428856
CCCCCCCCCCCCCCCCOP(=O)(O)OCCNCCNCCNCCN(CCNCCOP(=O)(O)OCCCCCCCCCCCCCCCC)CCOP(=O)(O)OCCCCCCCCCCCCCCCC,0.97881347
CCCCCCC(=O)Oc1cc(CNCCN(CC)CC)cc(OC(=O)CCCCCC)c1,0.96998817
CCCCCCCCCCCCCCN(CCCCCCCCCCCCCC)CCCCC(NC(=O)C(CCCCN(CCCCCCCCCCCCCC)CCCCCCCCCCCCCC)NC(=O)C(CCCCN(CCCCCCCCCCCCCC)CCCCCCCCCCCCCC)NC(=O)C(CCCCN(CCCCCCCCCCCCCC)CCCCCCCCCCCCCC)NC(C)=O)C(N)=O,0.49184567
CCCCCCCCCCCCCCNCCOP(=O)(O)OCCCCCCCCCCCC,0.92667586
CCCCCCCCCCCCCCCOP(=O)(O)OCCNCCCCCCCCCCCC,0.92936397
CCCCOP(=O)(O)OCCNCCN(CCNCCOP(=O)(O)OCCCC)CCNCCOP(=O)(O)OCCCC,0.91884756
CCCCCCCCCOP(=O)(O)OCCNCCCN1CCN(CCCNCCOP(=O)(O)OCCCCCCCCC)CC1,0.90820557
CCCCCCCCCOP(=O)(O)OCCNCCN(CCN)CCNCCOP(=O)(O)OCCCCCCCCC,0.9317809
CCCCCCCCCCC(O)N(C)C1C(O)C(OC2C(O)C(OC3OC(C(C)O)C(O)C(O)C3N(C(O)CCCCCCCCCC)C(O)CCCCCCCCCC)C(N(C(O)CCCCCCCCCC)C(O)CCCCCCCCCC)CC2N(C(O)CCCCCCCCCC)C(O)CCCCCCCCCC)OCC1(C)O,0.7938508
CCCCCCCCCCCCCCOP(=O)(O)OCCN(CCCN(C)C)CCCN(CCOP(=O)(O)OCCCCCCCCCCCCCC)CCOP(=O)(O)OCCCCCCCCCCCCCC,0.8915123
N(CCC(=O)OCCOC(=O)C(C)CSCC/C=C/CC)(CCC(=O)OCCOC(=O)C(C)CSCC/C=C/CC)CCN(C)C,0.971812
CCCCCCCCCCCCCCCCOP(=O)(O)OCCN(CCCCCCCC)CCCCCCCC,0.96204907
CCCCC(C)CCC(=O)Oc1cc(OC(=O)CCC(C)CCCC)c(CNCCN(C)C)c(OC(=O)CCC(C)CCCC)c1,0.96608907
CCCCCCCCCCCCN(CCCCCCCCCCCC)CCOP(=O)(O)OCCCCCCC,0.953192
CCCCCCCCOC(=O)CCCN(CCCC(=O)OCCCCCCCC)CCC(O)C(=O)N(CCCC(=O)OCCCCCCCC)C1CC(N(CCCC(=O)OCCCCCCCC)CCCC(=O)OCCCCCCCC)C(OC2OC(CN(CCCC(=O)OCCCCCCCC)CCCC(=O)OCCCCCCCC)C(O)C(O)C2O)C(O)C1OC1OC(CO)C(O)C(N(CCCC(=O)OCCCCCCCC)CCCC(=O)OCCCCCCCC)C1O,0.9643098
CCCCCCCCOP(=O)(O)OCCNCCCN1CCN(CCCNCCOP(=O)(O)OCCCCCCCC)CC1,0.913873
CCCCc1ccc(C#CCC(CC#Cc2ccc(CCCC)cc2)CCN(CCN(CC#Cc2ccc(CCCC)cc2)CC#Cc2ccc(CCCC)cc2)CCN(CC#Cc2ccc(CCCC)cc2)CC#Cc2ccc(CCCC)cc2)cc1,0.9105231
CCCCC(C)CCC(=O)Oc1cc(CNCCCN2CCN(CCCN)CC2)cc(OC(=O)CCC(C)CCC)c1,0.94992286
CCCCCCCCCOC(=O)CCSCCCC(=N)NCCCCCNC(=N)CCCSCCC(=O)OCCCCCCCCC,0.9540196
CCCCCCOP(=O)(O)OCCNCCN(CCOP(=O)(O)OCCCCCC)CCN(CCOP(=O)(O)OCCCCCC)CCN(CCNCCOP(=O)(O)OCCCCCC)CCOP(=O)(O)OCCCCCC,0.9638228
CCCCCCCCCCCCCOP(=O)(O)OCCNCCCN1CCN(CCCN(CCOP(=O)(O)OCCCCCCCCCCCCC)CCOP(=O)(O)OCCCCCCCCCCCCC)CC1,0.9353878
CCCCCCOP(=O)(O)OCCNCCN(CCNCCOP(=O)(O)OCCCCCC)CCNCCOP(=O)(O)OCCCCCC,0.9216335
CCCCC(CC)CCC(=O)Oc1cc(OC(=O)CCC(CC)CCCC)c(CNCCN(CCN)CCN)c(OC(=O)CCC(CC)CCCC)c1,0.94412565
N(CCC(=O)OCCOC(=O)C(C)CSCCC/C=C/C)(CCC(=O)OCCOC(=O)C(C)CSCCC/C=C/C)CCCN1CCN(CCCN(CCC(=O)OCCOC(=O)C(C)CSCCC/C=C/C)(CCC(=O)OCCOC(=O)C(C)CSCCC/C=C/C))CC1,0.8985557
N(CCC(=O)OCCOC(=O)C(C)CSCCC/C=C\C)(CCC(=O)OCCOC(=O)C(C)CSCCC/C=C\C)CCCN1CCN(CCCN(CCC(=O)OCCOC(=O)C(C)CSCCC/C=C\C)(CCC(=O)OCCOC(=O)C(C)CSCCC/C=C\C))CC1,0.8985557
CCCCCC(C)C(=O)Oc1cc(CNCCN2CCN(C)CC2)cc(OC(=O)C(C)CCCCC)c1,0.9769985
CCCCCCCCCOP(=O)(O)OCCNCCNCCNCCN(CCNCCOP(=O)(O)OCCCCCCCCC)CCOP(=O)(O)OCCCCCCCCC,0.9313831
CCCCCCc1ccc(C#CCN(CC#Cc2ccc(CCCCCC)cc2)CCN2CCCC2)cc1,0.9434971
CCCCC(CC)CCC(=O)Oc1cc(CNCCCN)cc(OC(=O)CCC(CC)CCCC)c1,0.9744898
CCCCCCCCCC(=O)Oc1cc(CNCCN(CC)CC)cc(OC(=O)CCCCCCCCC)c1,0.9788518
CCCCCCCCCCCCCCOP(=O)(O)OCCNCCCCCCCCCC,0.9071306
CCCCCCCCCCCC[N+](CCCCCCCCCCCC)(CCCCCCCCCCCC)CCOP(=O)(O)OCCCCCCCCC,0.92141753
CCCCCCCCOP(=O)(O)OCCN(C)CCN(CCN(C)CCOP(=O)(O)OCCCCCCCC)CCN(C)CCOP(=O)(O)OCCCCCCCC,0.9459497
CCCCCCCCCOP(=O)(O)OCCNCCCNCCCN(CCCNCCOP(=O)(O)OCCCCCCCCC)CCOP(=O)(O)OCCCCCCCCC,0.93542683
CCCCCCCCCCCCCC(O)N(CCC(O)C(=O)NC1CC(N(C(O)CCCCCCCCCCCCC)C(O)CCCCCCCCCCCCC)C(OC2OC(CN(C(O)CCCCCCCCCCCCC)C(O)CCCCCCCCCCCCC)C(O)C(O)C2O)C(O)C1OC1OC(CO)C(O)C(N(C(O)CCCCCCCCCCCCC)C(O)CCCCCCCCCCCCC)C1O)C(O)CCCCCCCCCCCCC,0.82745135
CCCCC(C)CCC(=O)Oc1cc(OC(=O)CCC(C)CCCC)c(CNCCN(CCN)CCN)c(OC(=O)CCC(C)CCCC)c1,0.95413786
CCCCCCCCCCCCCCCCN(CCCCCCCCCCCCCCCC)CCOP(=O)(O)OCCCCCCCCCCCCC,0.8939482
CCCCCCCCCCCCOC(=O)CCN(CCCCC(NC(C)=O)C(N)=O)CCC(=O)OCCCCCCCCCCCC,0.89204
CCCCc1ccc(C#CCN(CC#Cc2ccc(CCCC)cc2)CCO)cc1,0.9092147
CCCCCCCCOP(=O)(O)OCCNCCNCCN(CCNCCOP(=O)(O)OCCCCCCCC)CCOP(=O)(O)OCCCCCCCC,0.92134523
N(CCC(=O)OCCOC(=O)C(C)CSCC/C=C\CC)(CCC(=O)OCCOC(=O)C(C)CSCC/C=C\CC)CCN(C)C,0.971812
CCCCCCCCCCCCCCOP(=O)(O)OCCNCCN1CCN(CCOP(=O)(O)OCCCCCCCCCCCCCC)CC1,0.91167927
CCCCOP(=O)(O)OCCNCCCNCCCNCCCNCCOP(=O)(O)OCCCC,0.93049204
CCCCCCCCCCCCCCCCCCN(CCCCCCCCCCCCCCCCCC)CCCCC(NC(=O)C(CCCCN(CCCCCCCCCCCCCCCCCC)CCCCCCCCCCCCCCCCCC)NC(C)=O)C(N)=O,0.8370173
CCCCCCCCCCCCCOP(=O)(O)OCCNCCN(CCOP(=O)(O)OCCCCCCCCCCCCC)CCN(CCNCCOP(=O)(O)OCCCCCCCCCCCCC)CCOP(=O)(O)OCCCCCCCCCCCCC,0.9198207
CCCCCCCCCCCCCCCOP(=O)(O)OCC[N+](CCCCCCCCCC)(CCCCCCCCCC)CCCCCCCCCC,0.92243046
CCCCCCCCCCCC[N+](CCCCCCCCCCCC)(CCCCCCCCCCCC)CCOP(=O)(O)OCCCC,0.9058366
CCCCCCCCCCCCCCCCOC(=O)CCSCCCC(=N)NCCCN(C)CCCNC(=N)CCCSCCC(=O)OCCCCCCCCCCCCCCCC,0.9261684
CCCCCCCCCCCCCOP(=O)(O)OCC[N+](CCCCCCCCCC)(CCCCCCCCCC)CCCCCCCCCC,0.91645414
CCCCCCCCCCCCOC(=O)CCCN(CCCC(=O)OCCCCCCCCCCCC)CCC(O)C(=O)N(CCCC(=O)OCCCCCCCCCCCC)C1CC(N(CCCC(=O)OCCCCCCCCCCCC)CCCC(=O)OCCCCCCCCCCCC)C(OC2OC(CN(CCCC(=O)OCCCCCCCCCCCC)CCCC(=O)OCCCCCCCCCCCC)C(O)C(O)C2O)C(O)C1OC1OC(CO)C(O)C(N(CCCC(=O)OCCCCCCCCCCCC)CCCC(=O)OCCCCCCCCCCCC)C1O,0.9321203
CCCCCCOP(=O)(O)OCCNCCN1CCN(CCOP(=O)(O)OCCCCCC)CC1,0.92324525
CCCCCCCCC(O)CN(C)C1CC(N(CC(O)CCCCCCCC)CC(O)CCCCCCCC)C(O)C(OC2OC(CO)C(O)C3OC4(OC23)OC(C(CO)N(CC(O)CCCCCCCC)CC(O)CCCCCCCC)C(O)C(O)C4O)C1O,1.0130959
CCCCCCCCCCCCOC(=O)CCSCCCC(=N)NCCN(C)CCNC(=N)CCCSCCC(=O)OCCCCCCCCCCCC,0.9087272
CCCCCCCCCCCCCCN(CCCCCCCCCCCCCC)CCOP(=O)(O)OCCCCCCC,0.93692553
CCCCCCCCCCCCCCCCC(O)N(C)C1CC(N(C(O)CCCCCCCCCCCCCCCC)C(O)CCCCCCCCCCCCCCCC)C(O)C(OC2OC(CO)C(O)C3OC4(OC23)OC(C(CO)N(C(O)CCCCCCCCCCCCCCCC)C(O)CCCCCCCCCCCCCCCC)C(O)C(O)C4O)C1O,0.8926817
CCCCCCCCCCCCCCCCOC(=O)CCSCCCC(=N)NCC(CCCCCC)CCCCCCCC,0.9109323
CCCCCCCCCCCCCCCOP(=O)(O)OCCNCCCCCCCCCCCCCC,0.9277533
CCCCCCCCCCCCOP(=O)(O)OCCN(CCCN(C)C)CCCN(CCOP(=O)(O)OCCCCCCCCCCCC)CCOP(=O)(O)OCCCCCCCCCCCC,0.9207811
CCCCCCCCC(=O)Oc1cc(CNCCCN(C)C)cc(OC(=O)CCCCCCCC)c1,0.9834879
N(CCC(=O)OCCOC(=O)C(C)CSCCCCCCCC)(CCC(=O)OCCOC(=O)C(C)CSCCCCCCCC)CCCN1CCN(C)CC1,0.9824648
N(CCN(CCC(=O)OCCOC(=O)C(C)CSCCCCCC)(CCC(=O)OCCOC(=O)C(C)CSCCCCCC))(CCN(CCC(=O)OCCOC(=O)C(C)CSCCCCCC)(CCC(=O)OCCOC(=O)C(C)CSCCCCCC))CCN(CCC(=O)OCCOC(=O)C(C)CSCCCCCC)(CCC(=O)OCCOC(=O)C(C)CSCCCCCC),0.9497105
CCCCc1ccc(C#CCN(CC#Cc2ccc(CCCC)cc2)CCN2CCCC2)cc1,0.93411136
N(CCC(=O)OCCOC(=O)C(C)CSC/C=C\C/C=C\CC)(CCC(=O)OCCOC(=O)C(C)CSC/C=C\C/C=C\CC)CCCN(C)C,0.9498603
CCCCCOP(=O)(O)OCCNCCNCCNCCNCCNCCOP(=O)(O)OCCCCC,0.93239456
CCCC1CCC(c2ccc(C#CCN(CC#Cc3ccc(C4CCC(CCC)CC4)cc3)CCCN(CC#Cc3ccc(C4CCC(CCC)CC4)cc3)CC#Cc3ccc(C4CCC(CCC)CC4)cc3)cc2)CC1,0.91454667
CCCCCC(C)C(=O)Oc1cc(CNCCN(C)C)cc(OC(=O)C(C)CCCCC)c1,0.9672373
CCCCCCCCCCCCCOP(=O)(O)OCCNCCNCCNCCN(CCNCCOP(=O)(O)OCCCCCCCCCCCCC)CCOP(=O)(O)OCCCCCCCCCCCCC,0.9511252
CCCCCCCCCCCCC(O)N(CC1OC(OC2C(O)C(OC3OC(CO)C(O)C(N(C(O)CCCCCCCCCCCC)C(O)CCCCCCCCCCCC)C3O)C(N(C(O)CCCCCCCCCCCC)C(O)CCCCCCCCCCCC)CC2N(C(O)CCCCCCCCCCCC)C(O)CCCCCCCCCCCC)C(N(C(O)CCCCCCCCCCCC)C(O)CCCCCCCCCCCC)C(O)C1O)C(O)CCCCCCCCCCCC,0.7734987
CCCCCCCCC(=O)Oc1cc(CNCCCN2CCN(C)CC2)cc(OC(=O)CCCCCCCC)c1,0.97930944
CCCCCCCCCCCCCCOC(=O)CCSCCCC(=N)NCCNCCNC(=N)CCCSCCC(=O)OCCCCCCCCCCCCCC,0.94384265
CCCCC(CC)C(=O)Oc1cc(CNCCCN(CC)CC)cc(OC(=O)C(CC)CCCC)c1,0.9833636
CCCC1CCC(c2ccc(C#CCN(CC#Cc3ccc(C4CCC(CCC)CC4)cc3)CCN(C)C)cc2)CC1,0.9228649
CCCCCCCCCCCCCCCCOC(=O)CCSCCCC(=N)NNC(=O)CCCCCCCCCCCCCCC,0.9157713
CCCCCCCCCCCCCCCCOC(=O)CCSCCCC(=N)NCCN(C)CCNC(=N)CCCSCCC(=O)OCCCCCCCCCCCCCCCC,0.89123094
CCCCCCCCC(O)CN(CCCCC(NC(C)=O)C(N)=O)CC(O)CCCCCCCC,0.78326017
CCCCCCCCNCCOP(=O)(O)OCCCCCCC,0.8683904
CCCCCCCCCCCC(=O)NCCN(CCCCC(NC(=O)C(CCCCN(CCNC(=O)CCCCCCCCCCC)CCNC(=O)CCCCCCCCCCC)NC(C)=O)C(N)=O)CCNC(=O)CCCCCCCCCCC,0.66518193
CCCCCCCCCCCCCCCC(=O)NNC(=N)CCCSCCC(=O)OCCCCCCCCCCCCCC,0.907203
CCCCCOP(=O)(O)OCCNCCCN(CCCN(CCCNCCOP(=O)(O)OCCCCC)CCOP(=O)(O)OCCCCC)CCOP(=O)(O)OCCCCC,0.9099715
CCCCCCCCCCN(CCCCCCCCCC)CCOP(=O)(O)OCCCC,0.9354758
CCCCCCCCCCCCCCCOP(=O)(O)OCCN(CCCCCCCCCCCCCC)CCCCCCCCCCCCCC,0.91827255
CCCCCCCCCCCCCCOC(=O)CCSCCCC(=N)NCCCN(CCCCN(CCCNC(=N)CCCSCCC(=O)OCCCCCCCCCCCCCC)CCCNC(=N)CCCSCCC(=O)OCCCCCCCCCCCCCC)CCCNC(=N)CCCSCCC(=O)OCCCCCCCCCCCCCC,0.90127695
CCCCCCCCCCCOP(=O)(O)OCCNCCN(CCOP(=O)(O)OCCCCCCCCCCC)CCN(CCNCCOP(=O)(O)OCCCCCCCCCCC)CCOP(=O)(O)OCCCCCCCCCCC,0.96350294
N(CCN(CCC(=O)OCCOC(=O)C(C)CSCCCCCCCC)(CCC(=O)OCCOC(=O)C(C)CSCCCCCCCC))(CCN(CCC(=O)OCCOC(=O)C(C)CSCCCCCCCC)(CCC(=O)OCCOC(=O)C(C)CSCCCCCCCC))CCN(CCC(=O)OCCOC(=O)C(C)CSCCCCCCCC)(CCC(=O)OCCOC(=O)C(C)CSCCCCCCCC),0.9396197
CCCCCCc1ccc(C#CCN(CC#Cc2ccc(CCCCCC)cc2)CCN(CC)CC)cc1,0.9417592
CCCCCCCCCCCOP(=O)(O)OCCNCCCN(CCCN(C)C)CCOP(=O)(O)OCCCCCCCCCCC,0.9052896
CCCCCCCCNCCOP(=O)(O)OCCCC,0.8708415
CCCCCCCCCCNCCOP(=O)(O)OCCCCCCCCCC,0.9027883
CCCCCCCCCCNCCOP(=O)(O)OCCCCC,0.8700873
CCCCCCCCCCCCCOP(=O)(O)OCCNCCNCCN(CCNCCOP(=O)(O)OCCCCCCCCCCCCC)CCOP(=O)(O)OCCCCCCCCCCCCC,0.95100504
CCCCCCCCCOP(=O)(O)OCCNCCN1CCN(CCOP(=O)(O)OCCCCCCCCC)CC1,0.92202365
CCCCCCOP(=O)(O)OCCN(CCCN1CCN(CCCN(CCOP(=O)(O)OCCCCCC)CCOP(=O)(O)OCCCCCC)CC1)CCOP(=O)(O)OCCCCCC,0.9489201
CCCCCCCCCCCCCCOC(=O)CCSCCCC(=N)NCC(=O)OCCCCCCCC,0.949302
CCCCCCCCCCCCCCCOP(=O)(O)OCCNCCCNCCCN(CCCNCCOP(=O)(O)OCCCCCCCCCCCCCCC)CCOP(=O)(O)OCCCCCCCCCCCCCCC,0.9724648
CCCCCCCOP(=O)(O)OCCNCCN(CCNCCN(CCNCCOP(=O)(O)OCCCCCCC)CCOP(=O)(O)OCCCCCCC)CCOP(=O)(O)OCCCCCCC,0.92119193
CCCCC(CC)C(=O)Oc1cc(CNCCN(CC)CC)cc(OC(=O)C(CC)CCCC)c1,0.97922164
CCCCCCCCCCCCCCCOP(=O)(O)OCCN(CCCCCCCCCCCC)CCCCCCCCCCCC,0.93952554
CCCCCCCCCCCCNCCOP(=O)(O)OCCCCCCCC,0.9035234
CCCCCCCCCOP(=O)(O)OCC[N+](CCCC)(CCCC)CCCC,0.94324476
CCCCC(C)C(=O)Oc1cc(OC(=O)C(C)CCCC)c(CNCCCN(CC)CC)c(OC(=O)C(C)CCCC)c1,0.9855628
CCCCc1ccc(C#CCN(CC#Cc2ccc(CCCC)cc2)CCN(CC)CC)cc1,0.9366222
CCCCCCCCCCCCCCCCOP(=O)(O)OCCNCCN(CCNCCOP(=O)(O)OCCCCCCCCCCCCCCCC)CCN(CCOP(=O)(O)OCCCCCCCCCCCCCCCC)CCOP(=O)(O)OCCCCCCCCCCCCCCCC,0.87891674
CCCCCCCCCCCCCCCOP(=O)(O)OCC[N+](CCCCCCCC)(CCCCCCCC)CCCCCCCC,0.92393947
CCCCCCCCCCCCCCOP(=O)(O)OCCNCCCN(CCCN(CCCNCCOP(=O)(O)OCCCCCCCCCCCCCC)CCOP(=O)(O)OCCCCCCCCCCCCCC)CCOP(=O)(O)OCCCCCCCCCCCCCC,0.79039156
N(CCC(=O)OCCOC(=O)C(C)CSC/C=C(C)\CCC=C(C)C)(CCC(=O)OCCOC(=O)C(C)CSC/C=C(C)\CCC=C(C)C)CCCN1CCN(CCCN(CCC(=O)OCCOC(=O)C(C)CSC/C=C(C)\CCC=C(C)C)(CCC(=O)OCCOC(=O)C(C)CSC/C=C(C)\CCC=C(C)C))CC1,0.94803077
CCCCCCCCOP(=O)(O)OCC[N+](CCCC)(CCCC)CCCC,0.94187057
CCCCCC(C)CCC(=O)Oc1cc(CNCCN(C)C)cc(OC(=O)CCC(C)CCCCC)c1,0.97353387
CC(C)CCCCCC(O)CN(CC(O)CCCCCC(C)C)CC1CCC(N(CC(O)CCCCCC(C)C)CC(O)CCCCCC(C)C)C(OC2C(O)C(OC3CCC(C)(O)C(N(C)CC(O)CCCCCC(C)C)C3O)C(N(CC(O)CCCCCC(C)C)CC(O)CCCCCC(C)C)CC2N(CC(O)CCCCCC(C)C)CC(O)CCCCCC(C)C)O1,1.0054513
CCCCCCCCCCCCCCCCN(CCCCCCCCCCCCCCCC)CCCCC(NC(C)=O)C(N)=O,0.3292973
CCCCCCCCCCOC(=O)CCCN(CCCC(=O)OCCCCCCCCCC)CC1CCC(N(CCCC(=O)OCCCCCCCCCC)CCCC(=O)OCCCCCCCCCC)C(OC2C(O)C(OC3CCC(C)(O)C(N(C)CCCC(=O)OCCCCCCCCCC)C3O)C(N(CCCC(=O)OCCCCCCCCCC)CCCC(=O)OCCCCCCCCCC)CC2N(CCCC(=O)OCCCCCCCCCC)CCCC(=O)OCCCCCCCCCC)O1,0.934412
OCCN(CCC(=O)OCCOC(=O)C(C)CSC/C=C\C/C=C\CC)CCCN(CCC(=O)OCCOC(=O)C(C)CSC/C=C\C/C=C\CC)(CCC(=O)OCCOC(=O)C(C)CSC/C=C\C/C=C\CC),0.9323218
CCCCc1ccc(C#CCN(CC#Cc2ccc(CCCC)cc2)CCN(C)CCN(CC#Cc2ccc(CCCC)cc2)CC#Cc2ccc(CCCC)cc2)cc1,0.92425495
CCCCCCc1ccc(C#CCN(CC#Cc2ccc(CCCCCC)cc2)CCN(C)C)cc1,0.94910264
CCCCCSCC(C)C(=O)OCCOC(=O)CCN(CCCN(C)CCCN(CCC(=O)OCCOC(=O)C(C)CSCCCCC)CCC(=O)OCCOC(=O)C(C)CSCCCCC)CCC(=O)OCCOC(=O)C(C)CSCCCCC,0.8732627
CCCCCCSCC(C)C(=O)OCCOC(=O)CCN(CCCN(C)CCCN(CCC(=O)OCCOC(=O)C(C)CSCCCCCC)CCC(=O)OCCOC(=O)C(C)CSCCCCCC)CCC(=O)OCCOC(=O)C(C)CSCCCCCC,0.8713555
CCCCCCCSCC(C)C(=O)OCCOC(=O)CCN(CCCN(C)CCCN(CCC(=O)OCCOC(=O)C(C)CSCCCCCCC)CCC(=O)OCCOC(=O)C(C)CSCCCCCCC)CCC(=O)OCCOC(=O)C(C)CSCCCCCCC,0.86168015
CCCCCCCCCSCC(C)C(=O)OCCOC(=O)CCN(CCCN(C)CCCN(CCC(=O)OCCOC(=O)C(C)CSCCCCCCCCC)CCC(=O)OCCOC(=O)C(C)CSCCCCCCCCC)CCC(=O)OCCOC(=O)C(C)CSCCCCCCCCC,0.8241871
CCCCCCCCCCCCSCC(C)C(=O)OCCOC(=O)CCN(CCCN(C)CCCN(CCC(=O)OCCOC(=O)C(C)CSCCCCCCCCCCCC)CCC(=O)OCCOC(=O)C(C)CSCCCCCCCCCCCC)CCC(=O)OCCOC(=O)C(C)CSCCCCCCCCCCCC,0.8481769
CCCCCCCCCCCCCCSCC(C)C(=O)OCCOC(=O)CCN(CCCN(C)CCCN(CCC(=O)OCCOC(=O)C(C)CSCCCCCCCCCCCCCC)CCC(=O)OCCOC(=O)C(C)CSCCCCCCCCCCCCCC)CCC(=O)OCCOC(=O)C(C)CSCCCCCCCCCCCCCC,0.7395387
CCCCCSCC(C)C(=O)OCCOC(=O)CCN(CCCN(C)CCCN(CCC(=O)OCCOC(=O)C(C)CSCCCCC)CCC(=O)OCCOC(=O)C(C)CSCCCCC)CCC(=O)OCCOC(=O)C(C)CSCCCCC,0.87183523
CCCCCCSCC(C)C(=O)OCCOC(=O)CCN(CCCN(C)CCCN(CCC(=O)OCCOC(=O)C(C)CSCCCCCC)CCC(=O)OCCOC(=O)C(C)CSCCCCCC)CCC(=O)OCCOC(=O)C(C)CSCCCCCC,0.869928
CCCCCCCSCC(C)C(=O)OCCOC(=O)CCN(CCCN(C)CCCN(CCC(=O)OCCOC(=O)C(C)CSCCCCCCC)CCC(=O)OCCOC(=O)C(C)CSCCCCCCC)CCC(=O)OCCOC(=O)C(C)CSCCCCCCC,0.8602527
CCCCCCCCCSCC(C)C(=O)OCCOC(=O)CCN(CCCN(C)CCCN(CCC(=O)OCCOC(=O)C(C)CSCCCCCCCCC)CCC(=O)OCCOC(=O)C(C)CSCCCCCCCCC)CCC(=O)OCCOC(=O)C(C)CSCCCCCCCCC,0.8227596
CCCCCCCCCCCCSCC(C)C(=O)OCCOC(=O)CCN(CCCN(C)CCCN(CCC(=O)OCCOC(=O)C(C)CSCCCCCCCCCCCC)CCC(=O)OCCOC(=O)C(C)CSCCCCCCCCCCCC)CCC(=O)OCCOC(=O)C(C)CSCCCCCCCCCCCC,0.8447753
CCCCCCCCCCCCCCSCC(C)C(=O)OCCOC(=O)CCN(CCCN(C)CCCN(CCC(=O)OCCOC(=O)C(C)CSCCCCCCCCCCCCCC)CCC(=O)OCCOC(=O)C(C)CSCCCCCCCCCCCCCC)CCC(=O)OCCOC(=O)C(C)CSCCCCCCCCCCCCCC,0.73353416
CCCCCSCC(C)C(=O)OCCOC(=O)CCN(CCCN(C)CCCN(CCC(=O)OCCOC(=O)C(C)CSCCCCC)CCC(=O)OCCOC(=O)C(C)CSCCCCC)CCC(=O)OCCOC(=O)C(C)CSCCCCC,0.86664563
CCCCCCSCC(C)C(=O)OCCOC(=O)CCN(CCCN(C)CCCN(CCC(=O)OCCOC(=O)C(C)CSCCCCCC)CCC(=O)OCCOC(=O)C(C)CSCCCCCC)CCC(=O)OCCOC(=O)C(C)CSCCCCCC,0.8635995
CCCCCCCSCC(C)C(=O)OCCOC(=O)CCN(CCCN(C)CCCN(CCC(=O)OCCOC(=O)C(C)CSCCCCCCC)CCC(=O)OCCOC(=O)C(C)CSCCCCCCC)CCC(=O)OCCOC(=O)C(C)CSCCCCCCC,0.8326397
CCCCCCCCCSCC(C)C(=O)OCCOC(=O)CCN(CCCN(C)CCCN(CCC(=O)OCCOC(=O)C(C)CSCCCCCCCCC)CCC(=O)OCCOC(=O)C(C)CSCCCCCCCCC)CCC(=O)OCCOC(=O)C(C)CSCCCCCCCCC,0.7928007
CCCCCCCCCCCCSCC(C)C(=O)OCCOC(=O)CCN(CCCN(C)CCCN(CCC(=O)OCCOC(=O)C(C)CSCCCCCCCCCCCC)CCC(=O)OCCOC(=O)C(C)CSCCCCCCCCCCCC)CCC(=O)OCCOC(=O)C(C)CSCCCCCCCCCCCC,0.8160835
CCCCCCCCCCCCCCSCC(C)C(=O)OCCOC(=O)CCN(CCCN(C)CCCN(CCC(=O)OCCOC(=O)C(C)CSCCCCCCCCCCCCCC)CCC(=O)OCCOC(=O)C(C)CSCCCCCCCCCCCCCC)CCC(=O)OCCOC(=O)C(C)CSCCCCCCCCCCCCCC,0.6541838
CCCCCSCC(C)C(=O)OCCOC(=O)CCN(CCCN(C)CCCN(CCC(=O)OCCOC(=O)C(C)CSCCCCC)CCC(=O)OCCOC(=O)C(C)CSCCCCC)CCC(=O)OCCOC(=O)C(C)CSCCCCC,0.81329733
CCCCCCSCC(C)C(=O)OCCOC(=O)CCN(CCCN(C)CCCN(CCC(=O)OCCOC(=O)C(C)CSCCCCCC)CCC(=O)OCCOC(=O)C(C)CSCCCCCC)CCC(=O)OCCOC(=O)C(C)CSCCCCCC,0.77474445
CCCCCCCSCC(C)C(=O)OCCOC(=O)CCN(CCCN(C)CCCN(CCC(=O)OCCOC(=O)C(C)CSCCCCCCC)CCC(=O)OCCOC(=O)C(C)CSCCCCCCC)CCC(=O)OCCOC(=O)C(C)CSCCCCCCC,0.73491305
CCCCCCCCCSCC(C)C(=O)OCCOC(=O)CCN(CCCN(C)CCCN(CCC(=O)OCCOC(=O)C(C)CSCCCCCCCCC)CCC(=O)OCCOC(=O)C(C)CSCCCCCCCCC)CCC(=O)OCCOC(=O)C(C)CSCCCCCCCCC,0.58111113
CCCCCCCCCCCCSCC(C)C(=O)OCCOC(=O)CCN(CCCN(C)CCCN(CCC(=O)OCCOC(=O)C(C)CSCCCCCCCCCCCC)CCC(=O)OCCOC(=O)C(C)CSCCCCCCCCCCCC)CCC(=O)OCCOC(=O)C(C)CSCCCCCCCCCCCC,0.6125919
CCCCCCCCCCCCCCSCC(C)C(=O)OCCOC(=O)CCN(CCCN(C)CCCN(CCC(=O)OCCOC(=O)C(C)CSCCCCCCCCCCCCCC)CCC(=O)OCCOC(=O)C(C)CSCCCCCCCCCCCCCC)CCC(=O)OCCOC(=O)C(C)CSCCCCCCCCCCCCCC,0.4942121
CCCCCSCC(C)C(=O)OCCOC(=O)CCN(CCCN(C)CCCN(CCC(=O)OCCOC(=O)C(C)CSCCCCC)CCC(=O)OCCOC(=O)C(C)CSCCCCC)CCC(=O)OCCOC(=O)C(C)CSCCCCC,0.87889034
CCCCCCSCC(C)C(=O)OCCOC(=O)CCN(CCCN(C)CCCN(CCC(=O)OCCOC(=O)C(C)CSCCCCCC)CCC(=O)OCCOC(=O)C(C)CSCCCCCC)CCC(=O)OCCOC(=O)C(C)CSCCCCCC,0.8769831
CCCCCCCSCC(C)C(=O)OCCOC(=O)CCN(CCCN(C)CCCN(CCC(=O)OCCOC(=O)C(C)CSCCCCCCC)CCC(=O)OCCOC(=O)C(C)CSCCCCCCC)CCC(=O)OCCOC(=O)C(C)CSCCCCCCC,0.8667175
CCCCCCCCCSCC(C)C(=O)OCCOC(=O)CCN(CCCN(C)CCCN(CCC(=O)OCCOC(=O)C(C)CSCCCCCCCCC)CCC(=O)OCCOC(=O)C(C)CSCCCCCCCCC)CCC(=O)OCCOC(=O)C(C)CSCCCCCCCCC,0.82756054
CCCCCCCCCCCCSCC(C)C(=O)OCCOC(=O)CCN(CCCN(C)CCCN(CCC(=O)OCCOC(=O)C(C)CSCCCCCCCCCCCC)CCC(=O)OCCOC(=O)C(C)CSCCCCCCCCCCCC)CCC(=O)OCCOC(=O)C(C)CSCCCCCCCCCCCC,0.8301514
CCCCCCCCCCCCCCSCC(C)C(=O)OCCOC(=O)CCN(CCCN(C)CCCN(CCC(=O)OCCOC(=O)C(C)CSCCCCCCCCCCCCCC)CCC(=O)OCCOC(=O)C(C)CSCCCCCCCCCCCCCC)CCC(=O)OCCOC(=O)C(C)CSCCCCCCCCCCCCCC,0.7048073
CCCCCSCC(C)C(=O)OCCOC(=O)CCN(CCCN(C)CCCN(CCC(=O)OCCOC(=O)C(C)CSCCCCC)CCC(=O)OCCOC(=O)C(C)CSCCCCC)CCC(=O)OCCOC(=O)C(C)CSCCCCC,0.87746286
CCCCCCSCC(C)C(=O)OCCOC(=O)CCN(CCCN(C)CCCN(CCC(=O)OCCOC(=O)C(C)CSCCCCCC)CCC(=O)OCCOC(=O)C(C)CSCCCCCC)CCC(=O)OCCOC(=O)C(C)CSCCCCCC,0.87555563
CCCCCCCSCC(C)C(=O)OCCOC(=O)CCN(CCCN(C)CCCN(CCC(=O)OCCOC(=O)C(C)CSCCCCCCC)CCC(=O)OCCOC(=O)C(C)CSCCCCCCC)CCC(=O)OCCOC(=O)C(C)CSCCCCCCC,0.86529005
CCCCCCCCCSCC(C)C(=O)OCCOC(=O)CCN(CCCN(C)CCCN(CCC(=O)OCCOC(=O)C(C)CSCCCCCCCCC)CCC(=O)OCCOC(=O)C(C)CSCCCCCCCCC)CCC(=O)OCCOC(=O)C(C)CSCCCCCCCCC,0.8261331
CCCCCCCCCCCCSCC(C)C(=O)OCCOC(=O)CCN(CCCN(C)CCCN(CCC(=O)OCCOC(=O)C(C)CSCCCCCCCCCCCC)CCC(=O)OCCOC(=O)C(C)CSCCCCCCCCCCCC)CCC(=O)OCCOC(=O)C(C)CSCCCCCCCCCCCC,0.8265194
CCCCCCCCCCCCCCSCC(C)C(=O)OCCOC(=O)CCN(CCCN(C)CCCN(CCC(=O)OCCOC(=O)C(C)CSCCCCCCCCCCCCCC)CCC(=O)OCCOC(=O)C(C)CSCCCCCCCCCCCCCC)CCC(=O)OCCOC(=O)C(C)CSCCCCCCCCCCCCCC,0.6963023
CCCCCSCC(C)C(=O)OCCOC(=O)CCN(CCCN(C)CCCN(CCC(=O)OCCOC(=O)C(C)CSCCCCC)CCC(=O)OCCOC(=O)C(C)CSCCCCC)CCC(=O)OCCOC(=O)C(C)CSCCCCC,0.87227327
CCCCCCSCC(C)C(=O)OCCOC(=O)CCN(CCCN(C)CCCN(CCC(=O)OCCOC(=O)C(C)CSCCCCCC)CCC(=O)OCCOC(=O)C(C)CSCCCCCC)CCC(=O)OCCOC(=O)C(C)CSCCCCCC,0.8692271
CCCCCCCSCC(C)C(=O)OCCOC(=O)CCN(CCCN(C)CCCN(CCC(=O)OCCOC(=O)C(C)CSCCCCCCC)CCC(=O)OCCOC(=O)C(C)CSCCCCCCC)CCC(=O)OCCOC(=O)C(C)CSCCCCCCC,0.8379663
CCCCCCCCCSCC(C)C(=O)OCCOC(=O)CCN(CCCN(C)CCCN(CCC(=O)OCCOC(=O)C(C)CSCCCCCCCCC)CCC(=O)OCCOC(=O)C(C)CSCCCCCCCCC)CCC(=O)OCCOC(=O)C(C)CSCCCCCCCCC,0.7929152
CCCCCCCCCCCCSCC(C)C(=O)OCCOC(=O)CCN(CCCN(C)CCCN(CCC(=O)OCCOC(=O)C(C)CSCCCCCCCCCCCC)CCC(=O)OCCOC(=O)C(C)CSCCCCCCCCCCCC)CCC(=O)OCCOC(=O)C(C)CSCCCCCCCCCCCC,0.7922882
CCCCCCCCCCCCCCSCC(C)C(=O)OCCOC(=O)CCN(CCCN(C)CCCN(CCC(=O)OCCOC(=O)C(C)CSCCCCCCCCCCCCCC)CCC(=O)OCCOC(=O)C(C)CSCCCCCCCCCCCCCC)CCC(=O)OCCOC(=O)C(C)CSCCCCCCCCCCCCCC,0.59094626
CCCCCSCC(C)C(=O)OCCOC(=O)CCN(CCCN(C)CCCN(CCC(=O)OCCOC(=O)C(C)CSCCCCC)CCC(=O)OCCOC(=O)C(C)CSCCCCC)CCC(=O)OCCOC(=O)C(C)CSCCCCC,0.8182131
CCCCCCSCC(C)C(=O)OCCOC(=O)CCN(CCCN(C)CCCN(CCC(=O)OCCOC(=O)C(C)CSCCCCCC)CCC(=O)OCCOC(=O)C(C)CSCCCCCC)CCC(=O)OCCOC(=O)C(C)CSCCCCCC,0.7779257
CCCCCCCSCC(C)C(=O)OCCOC(=O)CCN(CCCN(C)CCCN(CCC(=O)OCCOC(=O)C(C)CSCCCCCCC)CCC(=O)OCCOC(=O)C(C)CSCCCCCCC)CCC(=O)OCCOC(=O)C(C)CSCCCCCCC,0.73589665
CCCCCCCCCSCC(C)C(=O)OCCOC(=O)CCN(CCCN(C)CCCN(CCC(=O)OCCOC(=O)C(C)CSCCCCCCCCC)CCC(=O)OCCOC(=O)C(C)CSCCCCCCCCC)CCC(=O)OCCOC(=O)C(C)CSCCCCCCCCC,0.5540653
CCCCCCCCCCCCSCC(C)C(=O)OCCOC(=O)CCN(CCCN(C)CCCN(CCC(=O)OCCOC(=O)C(C)CSCCCCCCCCCCCC)CCC(=O)OCCOC(=O)C(C)CSCCCCCCCCCCCC)CCC(=O)OCCOC(=O)C(C)CSCCCCCCCCCCCC,0.5420253
CCCCCCCCCCCCCCSCC(C)C(=O)OCCOC(=O)CCN(CCCN(C)CCCN(CCC(=O)OCCOC(=O)C(C)CSCCCCCCCCCCCCCC)CCC(=O)OCCOC(=O)C(C)CSCCCCCCCCCCCCCC)CCC(=O)OCCOC(=O)C(C)CSCCCCCCCCCCCCCC,0.3888871
CCCCCCC(O)CN(CCCN(C)C)CC(O)CCCCCC,0.7309499
CCCCCCCCC(O)CN(CCCN(C)C)CC(O)CCCCCCCC,0.80886626
CCCCCCCCCCCCC(O)CN(CCCN(C)C)CC(O)CCCCCCCCCCCC,0.81452584
CCCCCCCC(=O)OC(CCCC)CN(CCCN(C)C)CC(CCCC)OC(=O)CCCCCCC,0.93211126
CCCCCCCCCC(=O)OC(CCCC)CN(CCCN(C)C)CC(CCCC)OC(=O)CCCCCCCCC,0.9336741
CCCCCCCCCCCC(=O)OC(CCCC)CN(CCCN(C)C)CC(CCCC)OC(=O)CCCCCCCCCCC,0.94203746
CCCCCCCCCCCCCC(=O)OC(CCCC)CN(CCCN(C)C)CC(CCCC)OC(=O)CCCCCCCCCCCCC,0.92712396
CCCCCCCC(=O)OC(CCCCCC)CN(CCCN(C)C)CC(CCCCCC)OC(=O)CCCCCCC,0.91520137
CCCCCCCCCC(=O)OC(CCCCCC)CN(CCCN(C)C)CC(CCCCCC)OC(=O)CCCCCCCCC,0.92309755
CCCCCCCCCCCC(=O)OC(CCCCCC)CN(CCCN(C)C)CC(CCCCCC)OC(=O)CCCCCCCCCCC,0.9276302
CCCCCCCCCCCCCC(=O)OC(CCCCCC)CN(CCCN(C)C)CC(CCCCCC)OC(=O)CCCCCCCCCCCCC,0.8925291
CCCCCCCCCC(=O)OC(CCCCCCCC)CN(CCCN(C)C)CC(CCCCCCCC)OC(=O)CCCCCCCCC,0.92442197
CCCCCCCCCCCCCC(=O)OC(CCCCCCCC)CN(CCCN(C)C)CC(CCCCCCCC)OC(=O)CCCCCCCCCCCCC,0.86474895
CCCCCCCC(=O)OC(CCCCCCCCCC)CN(CCCN(C)C)CC(CCCCCCCCCC)OC(=O)CCCCCCC,0.9276302
CCCCCCCCCC(=O)OC(CCCCCCCCCC)CN(CCCN(C)C)CC(CCCCCCCCCC)OC(=O)CCCCCCCCC,0.9187172
CCCCCCCCCCCC(=O)OC(CCCCCCCCCC)CN(CCCN(C)C)CC(CCCCCCCCCC)OC(=O)CCCCCCCCCCC,0.89465755
CCCCCCCCCCCC(=O)OC(CCCCCCCCCCCC)CN(CCCN(C)C)CC(CCCCCCCCCCCC)OC(=O)CCCCCCCCCCC,0.8305651
CCCCCCCCCCCCCC(=O)OC(CCCCCCCCCCCC)CN(CCCN(C)C)CC(CCCCCCCCCCCC)OC(=O)CCCCCCCCCCCCC,0.7783562
CCCCC/C=C\C/C=C\CCCCCCCCC(CCCCCCCC/C=C\C/C=C\CCCCC)OC(=O)CCCN(C)C,0.8982296
CCCCCCC(O)CN(CCCN(C)C)CC(O)CCCCCC,0.705132
CCCCCCCCC(O)CN(CCCN(C)C)CC(O)CCCCCCCC,0.7788393
CCCCCCCCCCCCC(O)CN(CCCN(C)C)CC(O)CCCCCCCCCCCC,0.7848641
CCCCCCCC(=O)OC(CCCC)CN(CCCN(C)C)CC(CCCC)OC(=O)CCCCCCC,0.89981407
CCCCCCCCCC(=O)OC(CCCC)CN(CCCN(C)C)CC(CCCC)OC(=O)CCCCCCCCC,0.89857686
CCCCCCCCCCCC(=O)OC(CCCC)CN(CCCN(C)C)CC(CCCC)OC(=O)CCCCCCCCCCC,0.9095776
CCCCCCCCCCCCCC(=O)OC(CCCC)CN(CCCN(C)C)CC(CCCC)OC(=O)CCCCCCCCCCCCC,0.8932006
CCCCCCCC(=O)OC(CCCCCC)CN(CCCN(C)C)CC(CCCCCC)OC(=O)CCCCCCC,0.87962776
CCCCCCCCCC(=O)OC(CCCCCC)CN(CCCN(C)C)CC(CCCCCC)OC(=O)CCCCCCCCC,0.8907725
CCCCCCCCCCCC(=O)OC(CCCCCC)CN(CCCN(C)C)CC(CCCCCC)OC(=O)CCCCCCCCCCC,0.89595485
CCCCCCCCCCCCCC(=O)OC(CCCCCC)CN(CCCN(C)C)CC(CCCCCC)OC(=O)CCCCCCCCCCCCC,0.85894555
CCCCCCCCCC(=O)OC(CCCCCCCC)CN(CCCN(C)C)CC(CCCCCCCC)OC(=O)CCCCCCCCC,0.8924718
CCCCCCCCCCCCCC(=O)OC(CCCCCCCC)CN(CCCN(C)C)CC(CCCCCCCC)OC(=O)CCCCCCCCCCCCC,0.82774496
CCCCCCCC(=O)OC(CCCCCCCCCC)CN(CCCN(C)C)CC(CCCCCCCCCC)OC(=O)CCCCCCC,0.89595485
CCCCCCCCCC(=O)OC(CCCCCCCCCC)CN(CCCN(C)C)CC(CCCCCCCCCC)OC(=O)CCCCCCCCC,0.88731426
CCCCCCCCCCCC(=O)OC(CCCCCCCCCC)CN(CCCN(C)C)CC(CCCCCCCCCC)OC(=O)CCCCCCCCCCC,0.8609704
CCCCCCCCCCCC(=O)OC(CCCCCCCCCCCC)CN(CCCN(C)C)CC(CCCCCCCCCCCC)OC(=O)CCCCCCCCCCC,0.79374605
CCCCCCCCCCCCCC(=O)OC(CCCCCCCCCCCC)CN(CCCN(C)C)CC(CCCCCCCCCCCC)OC(=O)CCCCCCCCCCCCC,0.7330655
CCCCC/C=C\C/C=C\CCCCCCCCC(CCCCCCCC/C=C\C/C=C\CCCCC)OC(=O)CCCN(C)C,0.87794286
CCCCCCC(O)CN(CCCN(C)C)CC(O)CCCCCC,0.45795947
CCCCCCCCC(O)CN(CCCN(C)C)CC(O)CCCCCCCC,0.5086876
CCCCCCCCCCCCC(O)CN(CCCN(C)C)CC(O)CCCCCCCCCCCC,0.6767093
CCCCCCCC(=O)OC(CCCC)CN(CCCN(C)C)CC(CCCC)OC(=O)CCCCCCC,0.7705677
CCCCCCCCCC(=O)OC(CCCC)CN(CCCN(C)C)CC(CCCC)OC(=O)CCCCCCCCC,0.7792202
CCCCCCCCCCCC(=O)OC(CCCC)CN(CCCN(C)C)CC(CCCC)OC(=O)CCCCCCCCCCC,0.8039165
CCCCCCCCCCCCCC(=O)OC(CCCC)CN(CCCN(C)C)CC(CCCC)OC(=O)CCCCCCCCCCCCC,0.78698033
CCCCCCCC(=O)OC(CCCCCC)CN(CCCN(C)C)CC(CCCCCC)OC(=O)CCCCCCC,0.75265557
CCCCCCCCCC(=O)OC(CCCCCC)CN(CCCN(C)C)CC(CCCCCC)OC(=O)CCCCCCCCC,0.77007735
CCCCCCCCCCCC(=O)OC(CCCCCC)CN(CCCN(C)C)CC(CCCCCC)OC(=O)CCCCCCCCCCC,0.7843811
CCCCCCCCCCCCCC(=O)OC(CCCCCC)CN(CCCN(C)C)CC(CCCCCC)OC(=O)CCCCCCCCCCCCC,0.7354008
CCCCCCCCCC(=O)OC(CCCCCCCC)CN(CCCN(C)C)CC(CCCCCCCC)OC(=O)CCCCCCCCC,0.77166903
CCCCCCCCCCCCCC(=O)OC(CCCCCCCC)CN(CCCN(C)C)CC(CCCCCCCC)OC(=O)CCCCCCCCCCCCC,0.7019389
CCCCCCCC(=O)OC(CCCCCCCCCC)CN(CCCN(C)C)CC(CCCCCCCCCC)OC(=O)CCCCCCC,0.7843811
CCCCCCCCCC(=O)OC(CCCCCCCCCC)CN(CCCN(C)C)CC(CCCCCCCCCC)OC(=O)CCCCCCCCC,0.77028435
CCCCCCCCCCCC(=O)OC(CCCCCCCCCC)CN(CCCN(C)C)CC(CCCCCCCCCC)OC(=O)CCCCCCCCCCC,0.7429018
CCCCCCCCCCCC(=O)OC(CCCCCCCCCCCC)CN(CCCN(C)C)CC(CCCCCCCCCCCC)OC(=O)CCCCCCCCCCC,0.60085154
CCCCCCCCCCCCCC(=O)OC(CCCCCCCCCCCC)CN(CCCN(C)C)CC(CCCCCCCCCCCC)OC(=O)CCCCCCCCCCCCC,0.5073058
CCCCC/C=C\C/C=C\CCCCCCCCC(CCCCCCCC/C=C\C/C=C\CCCCC)OC(=O)CCCN(C)C,0.7963536
