smiles,cv_1_pred_quantified_toxicity
CCCCCCC(=O)Oc1cc(CNCCN(C)CCN)cc(OC(=O)CCCCCC)c1,0.9628403
CCCCC(C)C(=O)Oc1cc(CNCCN(C)CCN)cc(OC(=O)C(C)CCCC)c1,0.9587549
CCCCCCCC(=O)Oc1cc(CNCCN(C)CCN)cc(OC(=O)CCCCCCC)c1,0.963076
CCCCCC(C)C(=O)Oc1cc(CNCCN(C)CCN)cc(OC(=O)C(C)CCCCC)c1,0.9599359
CCCCC(CC)C(=O)Oc1cc(CNCCN(C)CCN)cc(OC(=O)C(CC)CCCC)c1,0.95963
CCCCCCCCC(=O)Oc1cc(CNCCN(C)CCN)cc(OC(=O)CCCCCCCC)c1,0.97271717
CCCCCCCCCC(=O)Oc1cc(CNCCN(C)CCN)cc(OC(=O)CCCCCCCCC)c1,0.97409254
CCCCC(CC)CCC(=O)Oc1cc(CNCCN(C)CCN)cc(OC(=O)CCC(CC)CCCC)c1,0.96371377
CCCCC(C)C(=O)Oc1cc(OC(=O)C(C)CCCC)c(CNCCN(C)CCN)c(OC(=O)C(C)CCCC)c1,0.9622507
CCCCCC(C)C(=O)Oc1cc(OC(=O)C(C)CCCCC)c(CNCCN(C)CCN)c(OC(=O)C(C)CCCCC)c1,0.9631738
CCCCC(C)CCC(=O)Oc1cc(OC(=O)CCC(C)CCCC)c(CNCCN(C)CCN)c(OC(=O)CCC(C)CCCC)c1,0.95488757
CCCCC(CC)CCC(=O)Oc1cc(OC(=O)CCC(CC)CCCC)c(CNCCN(C)CCN)c(OC(=O)CCC(CC)CCCC)c1,0.94789064
CCCCCCC(=O)Oc1cc(CNCCCN(C)CCCN)cc(OC(=O)CCCCCC)c1,0.97587436
CCCCC(C)C(=O)Oc1cc(CNCCCN(C)CCCN)cc(OC(=O)C(C)CCCC)c1,0.97248626
CCCCCCCC(=O)Oc1cc(CNCCCN(C)CCCN)cc(OC(=O)CCCCCCC)c1,0.98551553
CCCCCC(C)C(=O)Oc1cc(CNCCCN(C)CCCN)cc(OC(=O)C(C)CCCCC)c1,0.9796919
CCCCCCCCC(=O)Oc1cc(CNCCCN(C)CCCN)cc(OC(=O)CCCCCCCC)c1,0.9868909
CCCCC(C)CCC(=O)Oc1cc(CNCCCN(C)CCCN)cc(OC(=O)CCC(C)CCC)c1,0.97336894
CCCCCCCCCC(=O)Oc1cc(CNCCCN(C)CCCN)cc(OC(=O)CCCCCCCCC)c1,0.9875217
CCCCCC(C)CCC(=O)Oc1cc(CNCCCN(C)CCCN)cc(OC(=O)CCC(C)CCCCC)c1,0.97363484
CCCCC(CC)CCC(=O)Oc1cc(CNCCCN(C)CCCN)cc(OC(=O)CCC(CC)CCCC)c1,0.97748506
CCCCCC(C)C(=O)Oc1cc(OC(=O)C(C)CCCCC)c(CNCCCN(C)CCCN)c(OC(=O)C(C)CCCCC)c1,0.973501
CCCCC(CC)CCC(=O)Oc1cc(OC(=O)CCC(CC)CCCC)c(CNCCCN(C)CCCN)c(OC(=O)CCC(CC)CCCC)c1,0.9597579
CCCCC(C)CCC(=O)Oc1cc(CNCCN2CCN(CCN)CC2)cc(OC(=O)CCC(C)CCC)c1,0.9484728
CCCCC(CC)CCC(=O)Oc1cc(CNCCN2CCN(CCN)CC2)cc(OC(=O)CCC(CC)CCCC)c1,0.9498905
CCCCC(C)C(=O)Oc1cc(OC(=O)C(C)CCCC)c(CNCCN2CCN(CCN)CC2)c(OC(=O)C(C)CCCC)c1,0.9471484
CCCCCC(C)C(=O)Oc1cc(OC(=O)C(C)CCCCC)c(CNCCN2CCN(CCN)CC2)c(OC(=O)C(C)CCCCC)c1,0.94913125
CCCCC(CC)C(=O)Oc1cc(OC(=O)C(CC)CCCC)c(CNCCN2CCN(CCN)CC2)c(OC(=O)C(CC)CCCC)c1,0.941447
CCCCC(CC)CCC(=O)Oc1cc(OC(=O)CCC(CC)CCCC)c(CNCCN2CCN(CCN)CC2)c(OC(=O)CCC(CC)CCCC)c1,0.9320172
CCCCC(C)C(=O)Oc1cc(CNCCCN2CCN(CCCN)CC2)cc(OC(=O)C(C)CCCC)c1,0.96624345
CCCCCC(C)C(=O)Oc1cc(CNCCCN2CCN(CCCN)CC2)cc(OC(=O)C(C)CCCCC)c1,0.9639927
CCCCC(CC)C(=O)Oc1cc(CNCCCN2CCN(CCCN)CC2)cc(OC(=O)C(CC)CCCC)c1,0.96654737
CCCCC(C)CCC(=O)Oc1cc(CNCCCN2CCN(CCCN)CC2)cc(OC(=O)CCC(C)CCC)c1,0.9583014
CCCCCC(C)CCC(=O)Oc1cc(CNCCCN2CCN(CCCN)CC2)cc(OC(=O)CCC(C)CCCCC)c1,0.95801485
CCCCC(CC)CCC(=O)Oc1cc(CNCCCN2CCN(CCCN)CC2)cc(OC(=O)CCC(CC)CCCC)c1,0.96122426
CCCCC(CC)C(=O)Oc1cc(OC(=O)C(CC)CCCC)c(CNCCCN2CCN(CCCN)CC2)c(OC(=O)C(CC)CCCC)c1,0.95310104
CCCCC(C)CCC(=O)Oc1cc(OC(=O)CCC(C)CCCC)c(CNCCCN2CCN(CCCN)CC2)c(OC(=O)CCC(C)CCCC)c1,0.9536368
CCCCC(CC)CCC(=O)Oc1cc(OC(=O)CCC(CC)CCCC)c(CNCCCN2CCN(CCCN)CC2)c(OC(=O)CCC(CC)CCCC)c1,0.944246
CCCCCCC(=O)Oc1cc(CNCCN(C)C)cc(OC(=O)CCCCCC)c1,0.9732219
CCCCC(C)C(=O)Oc1cc(CNCCN(C)C)cc(OC(=O)C(C)CCCC)c1,0.96909636
CCCCCCCC(=O)Oc1cc(CNCCN(C)C)cc(OC(=O)CCCCCCC)c1,0.9749723
CCCCCC(C)C(=O)Oc1cc(CNCCN(C)C)cc(OC(=O)C(C)CCCCC)c1,0.96420145
CCCCC(CC)C(=O)Oc1cc(CNCCN(C)C)cc(OC(=O)C(CC)CCCC)c1,0.9709991
CCCCCCCCC(=O)Oc1cc(CNCCN(C)C)cc(OC(=O)CCCCCCCC)c1,0.975208
CCCCC(C)CCC(=O)Oc1cc(CNCCN(C)C)cc(OC(=O)CCC(C)CCC)c1,0.961019
CCCCCCCCCC(=O)Oc1cc(CNCCN(C)C)cc(OC(=O)CCCCCCCCC)c1,0.98653144
CCCCCC(C)CCC(=O)Oc1cc(CNCCN(C)C)cc(OC(=O)CCC(C)CCCCC)c1,0.97324234
CCCCC(CC)CCC(=O)Oc1cc(CNCCN(C)C)cc(OC(=O)CCC(CC)CCCC)c1,0.9751759
CCCCC(C)C(=O)Oc1cc(OC(=O)C(C)CCCC)c(CNCCN(C)C)c(OC(=O)C(C)CCCC)c1,0.97691846
CCCCCC(C)C(=O)Oc1cc(OC(=O)C(C)CCCCC)c(CNCCN(C)C)c(OC(=O)C(C)CCCCC)c1,0.9754654
CCCCC(CC)CCC(=O)Oc1cc(OC(=O)CCC(CC)CCCC)c(CNCCN(C)C)c(OC(=O)CCC(CC)CCCC)c1,0.9602595
CCCCCCC(=O)Oc1cc(CNCCCN(C)C)cc(OC(=O)CCCCCC)c1,0.96805215
CCCCC(C)C(=O)Oc1cc(CNCCCN(C)C)cc(OC(=O)C(C)CCCC)c1,0.96439934
CCCCCCCC(=O)Oc1cc(CNCCCN(C)C)cc(OC(=O)CCCCCCC)c1,0.96911335
CCCCCC(C)C(=O)Oc1cc(CNCCCN(C)C)cc(OC(=O)C(C)CCCCC)c1,0.96304905
CCCCC(CC)C(=O)Oc1cc(CNCCCN(C)C)cc(OC(=O)C(CC)CCCC)c1,0.9656129
CCCCCCCCC(=O)Oc1cc(CNCCCN(C)C)cc(OC(=O)CCCCCCCC)c1,0.9801815
CCCCC(C)CCC(=O)Oc1cc(CNCCCN(C)C)cc(OC(=O)CCC(C)CCC)c1,0.95577383
CCCCCCCCCC(=O)Oc1cc(CNCCCN(C)C)cc(OC(=O)CCCCCCCCC)c1,0.98329365
CCCCCC(C)CCC(=O)Oc1cc(CNCCCN(C)C)cc(OC(=O)CCC(C)CCCCC)c1,0.96981424
CCCCC(CC)CCC(=O)Oc1cc(CNCCCN(C)C)cc(OC(=O)CCC(CC)CCCC)c1,0.9717478
CCCCC(C)C(=O)Oc1cc(OC(=O)C(C)CCCC)c(CNCCCN(C)C)c(OC(=O)C(C)CCCC)c1,0.9725667
CCCCCC(C)C(=O)Oc1cc(OC(=O)C(C)CCCCC)c(CNCCCN(C)C)c(OC(=O)C(C)CCCCC)c1,0.970316
CCCCC(CC)CCC(=O)Oc1cc(OC(=O)CCC(CC)CCCC)c(CNCCCN(C)C)c(OC(=O)CCC(CC)CCCC)c1,0.9570492
CCCCCCC(=O)Oc1cc(CNCCN(CC)CC)cc(OC(=O)CCCCCC)c1,0.97385395
CCCCC(C)C(=O)Oc1cc(CNCCN(CC)CC)cc(OC(=O)C(C)CCCC)c1,0.96900564
CCCCCCCC(=O)Oc1cc(CNCCN(CC)CC)cc(OC(=O)CCCCCCC)c1,0.9740896
CCCCCC(C)C(=O)Oc1cc(CNCCN(CC)CC)cc(OC(=O)C(C)CCCCC)c1,0.9675526
CCCCC(CC)C(=O)Oc1cc(CNCCN(CC)CC)cc(OC(=O)C(CC)CCCC)c1,0.9693279
CCCCCCCCC(=O)Oc1cc(CNCCN(CC)CC)cc(OC(=O)CCCCCCCC)c1,0.9854131
CCCCC(C)CCC(=O)Oc1cc(CNCCN(CC)CC)cc(OC(=O)CCC(C)CCC)c1,0.9712803
CCCCCCCCCC(=O)Oc1cc(CNCCN(CC)CC)cc(OC(=O)CCCCCCCCC)c1,0.98764277
CCCCCC(C)CCC(=O)Oc1cc(CNCCN(CC)CC)cc(OC(=O)CCC(C)CCCCC)c1,0.9744882
CCCCC(CC)CCC(=O)Oc1cc(CNCCN(CC)CC)cc(OC(=O)CCC(CC)CCCC)c1,0.9751605
CCCCC(C)C(=O)Oc1cc(OC(=O)C(C)CCCC)c(CNCCN(CC)CC)c(OC(=O)C(C)CCCC)c1,0.975733
CCCCCC(C)C(=O)Oc1cc(OC(=O)C(C)CCCCC)c(CNCCN(CC)CC)c(OC(=O)C(C)CCCCC)c1,0.97402203
CCCCC(C)CCC(=O)Oc1cc(OC(=O)CCC(C)CCCC)c(CNCCN(CC)CC)c(OC(=O)CCC(C)CCCC)c1,0.96894735
CCCCC(CC)CCC(=O)Oc1cc(OC(=O)CCC(CC)CCCC)c(CNCCN(CC)CC)c(OC(=O)CCC(CC)CCCC)c1,0.95827234
CCCCCCC(=O)Oc1cc(CNCCCN(CC)CC)cc(OC(=O)CCCCCC)c1,0.9762738
CCCCC(C)C(=O)Oc1cc(CNCCCN(CC)CC)cc(OC(=O)C(C)CCCC)c1,0.9718982
CCCCCCCC(=O)Oc1cc(CNCCCN(CC)CC)cc(OC(=O)CCCCCCC)c1,0.98734194
CCCCCC(C)C(=O)Oc1cc(CNCCCN(CC)CC)cc(OC(=O)C(C)CCCCC)c1,0.98127764
CCCCC(CC)C(=O)Oc1cc(CNCCCN(CC)CC)cc(OC(=O)C(CC)CCCC)c1,0.98305297
CCCCCCCCC(=O)Oc1cc(CNCCCN(CC)CC)cc(OC(=O)CCCCCCCC)c1,0.9904541
CCCCC(C)CCC(=O)Oc1cc(CNCCCN(CC)CC)cc(OC(=O)CCC(C)CCC)c1,0.97437453
CCCCCCCCCC(=O)Oc1cc(CNCCCN(CC)CC)cc(OC(=O)CCCCCCCCC)c1,0.9910849
CCCCCC(C)CCC(=O)Oc1cc(CNCCCN(CC)CC)cc(OC(=O)CCC(C)CCCCC)c1,0.9770915
CCCCC(CC)CCC(=O)Oc1cc(CNCCCN(CC)CC)cc(OC(=O)CCC(CC)CCCC)c1,0.97805303
CCCCC(C)C(=O)Oc1cc(OC(=O)C(C)CCCC)c(CNCCCN(CC)CC)c(OC(=O)C(C)CCCC)c1,0.9791864
CCCCCC(C)C(=O)Oc1cc(OC(=O)C(C)CCCCC)c(CNCCCN(CC)CC)c(OC(=O)C(C)CCCCC)c1,0.9777344
CCCCC(CC)CCC(=O)Oc1cc(OC(=O)CCC(CC)CCCC)c(CNCCCN(CC)CC)c(OC(=O)CCC(CC)CCCC)c1,0.9635776
CCCCC(CC)C(=O)Oc1cc(CNCCN2CCN(C)CC2)cc(OC(=O)C(CC)CCCC)c1,0.9715605
CCCCC(C)CCC(=O)Oc1cc(CNCCN2CCN(C)CC2)cc(OC(=O)CCC(C)CCC)c1,0.9646664
CCCCC(CC)CCC(=O)Oc1cc(CNCCN2CCN(C)CC2)cc(OC(=O)CCC(CC)CCCC)c1,0.9665049
CCCCC(CC)C(=O)Oc1cc(OC(=O)C(CC)CCCC)c(CNCCN2CCN(C)CC2)c(OC(=O)C(CC)CCCC)c1,0.9598348
CCCCC(C)CCC(=O)Oc1cc(OC(=O)CCC(C)CCCC)c(CNCCN2CCN(C)CC2)c(OC(=O)CCC(C)CCCC)c1,0.95980304
CCCCC(CC)CCC(=O)Oc1cc(OC(=O)CCC(CC)CCCC)c(CNCCN2CCN(C)CC2)c(OC(=O)CCC(CC)CCCC)c1,0.94948184
CCCCCCC(=O)Oc1cc(CNCCCN2CCN(C)CC2)cc(OC(=O)CCCCCC)c1,0.9840704
CCCCCCCC(=O)Oc1cc(CNCCCN2CCN(C)CC2)cc(OC(=O)CCCCCCC)c1,0.98637843
CCCCCCCCC(=O)Oc1cc(CNCCCN2CCN(C)CC2)cc(OC(=O)CCCCCCCC)c1,0.9870092
CCCCC(C)CCC(=O)Oc1cc(CNCCCN2CCN(C)CC2)cc(OC(=O)CCC(C)CCC)c1,0.97449505
CCCCCCCCCC(=O)Oc1cc(CNCCCN2CCN(C)CC2)cc(OC(=O)CCCCCCCCC)c1,0.9874219
CCCCCC(C)CCC(=O)Oc1cc(CNCCCN2CCN(C)CC2)cc(OC(=O)CCC(C)CCCCC)c1,0.9746085
CCCCC(CC)CCC(=O)Oc1cc(CNCCCN2CCN(C)CC2)cc(OC(=O)CCC(CC)CCCC)c1,0.9767271
CCCCC(C)CCC(=O)Oc1cc(OC(=O)CCC(C)CCCC)c(CNCCCN2CCN(C)CC2)c(OC(=O)CCC(C)CCCC)c1,0.971428
CCCCC(CC)CCC(=O)Oc1cc(OC(=O)CCC(CC)CCCC)c(CNCCCN2CCN(C)CC2)c(OC(=O)CCC(CC)CCCC)c1,0.96171063
CCCCCCC(=O)Oc1cc(CNCCCN)cc(OC(=O)CCCCCC)c1,0.942978
CCCCC(C)C(=O)Oc1cc(CNCCCN)cc(OC(=O)C(C)CCCC)c1,0.9400791
CCCCCCCC(=O)Oc1cc(CNCCCN)cc(OC(=O)CCCCCCC)c1,0.97314745
CCCCCC(C)C(=O)Oc1cc(CNCCCN)cc(OC(=O)C(C)CCCCC)c1,0.96391356
CCCCC(CC)C(=O)Oc1cc(CNCCCN)cc(OC(=O)C(CC)CCCC)c1,0.97038895
CCCCCCCCC(=O)Oc1cc(CNCCCN)cc(OC(=O)CCCCCCCC)c1,0.97489786
CCCCC(C)CCC(=O)Oc1cc(CNCCCN)cc(OC(=O)CCC(C)CCC)c1,0.9626204
CCCCCCCCCC(=O)Oc1cc(CNCCCN)cc(OC(=O)CCCCCCCCC)c1,0.9850879
CCCCCC(C)CCC(=O)Oc1cc(CNCCCN)cc(OC(=O)CCC(C)CCCCC)c1,0.97222126
CCCCC(CC)CCC(=O)Oc1cc(CNCCCN)cc(OC(=O)CCC(CC)CCCC)c1,0.9744529
CCCCC(CC)CCC(=O)Oc1cc(OC(=O)CCC(CC)CCCC)c(CNCCCN)c(OC(=O)CCC(CC)CCCC)c1,0.95967174
CCCCCCC(=O)Oc1cc(CNCCN(CCN)CCN)cc(OC(=O)CCCCCC)c1,0.9691356
CCCCC(C)C(=O)Oc1cc(CNCCN(CCN)CCN)cc(OC(=O)C(C)CCCC)c1,0.9648055
CCCCCCCC(=O)Oc1cc(CNCCN(CCN)CCN)cc(OC(=O)CCCCCCC)c1,0.9786028
CCCCCC(C)C(=O)Oc1cc(CNCCN(CCN)CCN)cc(OC(=O)C(C)CCCCC)c1,0.9729967
CCCCC(CC)C(=O)Oc1cc(CNCCN(CCN)CCN)cc(OC(=O)C(CC)CCCC)c1,0.97482556
CCCCCCCCC(=O)Oc1cc(CNCCN(CCN)CCN)cc(OC(=O)CCCCCCCC)c1,0.9795867
CCCCC(C)CCC(=O)Oc1cc(CNCCN(CCN)CCN)cc(OC(=O)CCC(C)CCC)c1,0.96647745
CCCCCCCCCC(=O)Oc1cc(CNCCN(CCN)CCN)cc(OC(=O)CCCCCCCCC)c1,0.9802175
CCCCCC(C)CCC(=O)Oc1cc(CNCCN(CCN)CCN)cc(OC(=O)CCC(C)CCCCC)c1,0.96710515
CCCCCC(C)C(=O)Oc1cc(OC(=O)C(C)CCCCC)c(CNCCN(CCN)CCN)c(OC(=O)C(C)CCCCC)c1,0.9668152
CCCCC(C)CCC(=O)Oc1cc(OC(=O)CCC(C)CCCC)c(CNCCN(CCN)CCN)c(OC(=O)CCC(C)CCCC)c1,0.96078056
CCCCC(CC)CCC(=O)Oc1cc(OC(=O)CCC(CC)CCCC)c(CNCCN(CCN)CCN)c(OC(=O)CCC(CC)CCCC)c1,0.9512342
CCCCC(O)CN(C)C1CC(N(CC(O)CCCC)CC(O)CCCC)C(O)C(OC2OC(CO)C(O)C3OC4(OC23)OC(C(CO)N(CC(O)CCCC)CC(O)CCCC)C(O)C(O)C4O)C1O,0.9736447
CCCCCCC(O)CN(C)C1CC(N(CC(O)CCCCCC)CC(O)CCCCCC)C(O)C(OC2OC(CO)C(O)C3OC4(OC23)OC(C(CO)N(CC(O)CCCCCC)CC(O)CCCCCC)C(O)C(O)C4O)C1O,0.9822136
CCCCCCCCC(O)CN(C)C1CC(N(CC(O)CCCCCCCC)CC(O)CCCCCCCC)C(O)C(OC2OC(CO)C(O)C3OC4(OC23)OC(C(CO)N(CC(O)CCCCCCCC)CC(O)CCCCCCCC)C(O)C(O)C4O)C1O,0.983746
CC(C)CCCCCC(O)CN(C)C1CC(N(CC(O)CCCCCC(C)C)CC(O)CCCCCC(C)C)C(O)C(OC2OC(CO)C(O)C3OC4(OC23)OC(C(CO)N(CC(O)CCCCCC(C)C)CC(O)CCCCCC(C)C)C(O)C(O)C4O)C1O,0.95026547
CCCCCCCCCCC(O)CN(C)C1CC(N(CC(O)CCCCCCCCCC)CC(O)CCCCCCCCCC)C(O)C(OC2OC(CO)C(O)C3OC4(OC23)OC(C(CO)N(CC(O)CCCCCCCCCC)CC(O)CCCCCCCCCC)C(O)C(O)C4O)C1O,0.95240504
CCCCCCCCCCCCC(O)CN(C)C1CC(N(CC(O)CCCCCCCCCCCC)CC(O)CCCCCCCCCCCC)C(O)C(OC2OC(CO)C(O)C3OC4(OC23)OC(C(CO)N(CC(O)CCCCCCCCCCCC)CC(O)CCCCCCCCCCCC)C(O)C(O)C4O)C1O,0.9538725
CCCCCCCCCCC(O)CN(CC(O)CCCCCCCCCC)CC1CCC(N(CC(O)CCCCCCCCCC)CC(O)CCCCCCCCCC)C(OC2C(O)C(OC3CCC(C)(O)C(N(C)CC(O)CCCCCCCCCC)C3O)C(N(CC(O)CCCCCCCCCC)CC(O)CCCCCCCCCC)CC2N(CC(O)CCCCCCCCCC)CC(O)CCCCCCCCCC)O1,0.7744786
CCCCC(O)CN(CCC(O)C(=O)N(CC(O)CCCC)C1CC(N(CC(O)CCCC)CC(O)CCCC)C(OC2OC(CN(CC(O)CCCC)CC(O)CCCC)C(O)C(O)C2O)C(O)C1OC1OC(CO)C(O)C(N(CC(O)CCCC)CC(O)CCCC)C1O)CC(O)CCCC,0.92285657
CCCCCCC(O)CN(CCC(O)C(=O)N(CC(O)CCCCCC)C1CC(N(CC(O)CCCCCC)CC(O)CCCCCC)C(OC2OC(CN(CC(O)CCCCCC)CC(O)CCCCCC)C(O)C(O)C2O)C(O)C1OC1OC(CO)C(O)C(N(CC(O)CCCCCC)CC(O)CCCCCC)C1O)CC(O)CCCCCC,0.9116136
CCCCCCCCC(O)CN(CCC(O)C(=O)N(CC(O)CCCCCCCC)C1CC(N(CC(O)CCCCCCCC)CC(O)CCCCCCCC)C(OC2OC(CN(CC(O)CCCCCCCC)CC(O)CCCCCCCC)C(O)C(O)C2O)C(O)C1OC1OC(CO)C(O)C(N(CC(O)CCCCCCCC)CC(O)CCCCCCCC)C1O)CC(O)CCCCCCCC,0.8258958
CC(C)CCCCCC(O)CN(CCC(O)C(=O)N(CC(O)CCCCCC(C)C)C1CC(N(CC(O)CCCCCC(C)C)CC(O)CCCCCC(C)C)C(OC2OC(CN(CC(O)CCCCCC(C)C)CC(O)CCCCCC(C)C)C(O)C(O)C2O)C(O)C1OC1OC(CO)C(O)C(N(CC(O)CCCCCC(C)C)CC(O)CCCCCC(C)C)C1O)CC(O)CCCCCC(C)C,0.90218383
CCCCCCCCCCC(O)CN(CCC(O)C(=O)N(CC(O)CCCCCCCCCC)C1CC(N(CC(O)CCCCCCCCCC)CC(O)CCCCCCCCCC)C(OC2OC(CN(CC(O)CCCCCCCCCC)CC(O)CCCCCCCCCC)C(O)C(O)C2O)C(O)C1OC1OC(CO)C(O)C(N(CC(O)CCCCCCCCCC)CC(O)CCCCCCCCCC)C1O)CC(O)CCCCCCCCCC,0.7397121
CCCCCCCCCCCCC(O)CN(CCC(O)C(=O)N(CC(O)CCCCCCCCCCCC)C1CC(N(CC(O)CCCCCCCCCCCC)CC(O)CCCCCCCCCCCC)C(OC2OC(CN(CC(O)CCCCCCCCCCCC)CC(O)CCCCCCCCCCCC)C(O)C(O)C2O)C(O)C1OC1OC(CO)C(O)C(N(CC(O)CCCCCCCCCCCC)CC(O)CCCCCCCCCCCC)C1O)CC(O)CCCCCCCCCCCC,0.77946913
CCCCCCOC(=O)CCCN(C)C1CC(N(CCCC(=O)OCCCCCC)CCCC(=O)OCCCCCC)C(O)C(OC2OC(CO)C(O)C3OC4(OC23)OC(C(CO)N(CCCC(=O)OCCCCCC)CCCC(=O)OCCCCCC)C(O)C(O)C4O)C1O,1.0178605
CCCCCCCCOC(=O)CCCN(C)C1CC(N(CCCC(=O)OCCCCCCCC)CCCC(=O)OCCCCCCCC)C(O)C(OC2OC(CO)C(O)C3OC4(OC23)OC(C(CO)N(CCCC(=O)OCCCCCCCC)CCCC(=O)OCCCCCCCC)C(O)C(O)C4O)C1O,1.0068264
CC(C)CCCCCOC(=O)CCCN(C)C1CC(N(CCCC(=O)OCCCCCC(C)C)CCCC(=O)OCCCCCC(C)C)C(O)C(OC2OC(CO)C(O)C3OC4(OC23)OC(C(CO)N(CCCC(=O)OCCCCCC(C)C)CCCC(=O)OCCCCCC(C)C)C(O)C(O)C4O)C1O,0.99393034
CCCCCCCCCCOC(=O)CCCN(C)C1CC(N(CCCC(=O)OCCCCCCCCCC)CCCC(=O)OCCCCCCCCCC)C(O)C(OC2OC(CO)C(O)C3OC4(OC23)OC(C(CO)N(CCCC(=O)OCCCCCCCCCC)CCCC(=O)OCCCCCCCCCC)C(O)C(O)C4O)C1O,0.9854562
CCCCCCCCCCCCOC(=O)CCCN(C)C1CC(N(CCCC(=O)OCCCCCCCCCCCC)CCCC(=O)OCCCCCCCCCCCC)C(O)C(OC2OC(CO)C(O)C3OC4(OC23)OC(C(CO)N(CCCC(=O)OCCCCCCCCCCCC)CCCC(=O)OCCCCCCCCCCCC)C(O)C(O)C4O)C1O,0.98677766
CCCCCCOC(=O)CCCN(CCCC(=O)OCCCCCC)CC1CCC(N(CCCC(=O)OCCCCCC)CCCC(=O)OCCCCCC)C(OC2C(O)C(OC3CCC(C)(O)C(N(C)CCCC(=O)OCCCCCC)C3O)C(N(CCCC(=O)OCCCCCC)CCCC(=O)OCCCCCC)CC2N(CCCC(=O)OCCCCCC)CCCC(=O)OCCCCCC)O1,0.98376566
CCCCCCCCOC(=O)CCCN(CCCC(=O)OCCCCCCCC)CC1CCC(N(CCCC(=O)OCCCCCCCC)CCCC(=O)OCCCCCCCC)C(OC2C(O)C(OC3CCC(C)(O)C(N(C)CCCC(=O)OCCCCCCCC)C3O)C(N(CCCC(=O)OCCCCCCCC)CCCC(=O)OCCCCCCCC)CC2N(CCCC(=O)OCCCCCCCC)CCCC(=O)OCCCCCCCC)O1,0.9522671
CC(C)CCCCCOC(=O)CCCN(CCCC(=O)OCCCCCC(C)C)CC1CCC(N(CCCC(=O)OCCCCCC(C)C)CCCC(=O)OCCCCCC(C)C)C(OC2C(O)C(OC3CCC(C)(O)C(N(C)CCCC(=O)OCCCCCC(C)C)C3O)C(N(CCCC(=O)OCCCCCC(C)C)CCCC(=O)OCCCCCC(C)C)CC2N(CCCC(=O)OCCCCCC(C)C)CCCC(=O)OCCCCCC(C)C)O1,0.9555121
CCCCCCCCCCOC(=O)CCCN(CCCC(=O)OCCCCCCCCCC)CC1CCC(N(CCCC(=O)OCCCCCCCCCC)CCCC(=O)OCCCCCCCCCC)C(OC2C(O)C(OC3CCC(C)(O)C(N(C)CCCC(=O)OCCCCCCCCCC)C3O)C(N(CCCC(=O)OCCCCCCCCCC)CCCC(=O)OCCCCCCCCCC)CC2N(CCCC(=O)OCCCCCCCCCC)CCCC(=O)OCCCCCCCCCC)O1,0.90480155
CCCCCCCCCCCCOC(=O)CCCN(CCCC(=O)OCCCCCCCCCCCC)CC1CCC(N(CCCC(=O)OCCCCCCCCCCCC)CCCC(=O)OCCCCCCCCCCCC)C(OC2C(O)C(OC3CCC(C)(O)C(N(C)CCCC(=O)OCCCCCCCCCCCC)C3O)C(N(CCCC(=O)OCCCCCCCCCCCC)CCCC(=O)OCCCCCCCCCCCC)CC2N(CCCC(=O)OCCCCCCCCCCCC)CCCC(=O)OCCCCCCCCCCCC)O1,0.8939897
CCCCCCOC(=O)CCCN(C)C1C(O)C(OC2C(O)C(OC3OC(C(C)O)C(O)C(O)C3N(CCCC(=O)OCCCCCC)CCCC(=O)OCCCCCC)C(N(CCCC(=O)OCCCCCC)CCCC(=O)OCCCCCC)CC2N(CCCC(=O)OCCCCCC)CCCC(=O)OCCCCCC)OCC1(C)O,0.9962787
CCCCCCCCOC(=O)CCCN(C)C1C(O)C(OC2C(O)C(OC3OC(C(C)O)C(O)C(O)C3N(CCCC(=O)OCCCCCCCC)CCCC(=O)OCCCCCCCC)C(N(CCCC(=O)OCCCCCCCC)CCCC(=O)OCCCCCCCC)CC2N(CCCC(=O)OCCCCCCCC)CCCC(=O)OCCCCCCCC)OCC1(C)O,0.96604663
CC(C)CCCCCOC(=O)CCCN(C)C1C(O)C(OC2C(O)C(OC3OC(C(C)O)C(O)C(O)C3N(CCCC(=O)OCCCCCC(C)C)CCCC(=O)OCCCCCC(C)C)C(N(CCCC(=O)OCCCCCC(C)C)CCCC(=O)OCCCCCC(C)C)CC2N(CCCC(=O)OCCCCCC(C)C)CCCC(=O)OCCCCCC(C)C)OCC1(C)O,0.98638344
CCCCCCCCCCOC(=O)CCCN(C)C1C(O)C(OC2C(O)C(OC3OC(C(C)O)C(O)C(O)C3N(CCCC(=O)OCCCCCCCCCC)CCCC(=O)OCCCCCCCCCC)C(N(CCCC(=O)OCCCCCCCCCC)CCCC(=O)OCCCCCCCCCC)CC2N(CCCC(=O)OCCCCCCCCCC)CCCC(=O)OCCCCCCCCCC)OCC1(C)O,0.9568006
CCCCCCCCCCCCOC(=O)CCCN(C)C1C(O)C(OC2C(O)C(OC3OC(C(C)O)C(O)C(O)C3N(CCCC(=O)OCCCCCCCCCCCC)CCCC(=O)OCCCCCCCCCCCC)C(N(CCCC(=O)OCCCCCCCCCCCC)CCCC(=O)OCCCCCCCCCCCC)CC2N(CCCC(=O)OCCCCCCCCCCCC)CCCC(=O)OCCCCCCCCCCCC)OCC1(C)O,0.908674
CC/C=C/CCSCC(C)C(=O)OCCOC(=O)CCN(CCC(=O)OCCOC(=O)C(C)CSCC/C=C/CC)CCN(C)C,0.97166026
CC/C=C/CCSCC(C)C(=O)OCCOC(=O)CCN(CCCN(C)C)CCC(=O)OCCOC(=O)C(C)CSCC/C=C/CC,0.95226645
CC/C=C/CCSCC(C)C(=O)OCCOC(=O)CCN(CCO)CCCN(CCC(=O)OCCOC(=O)C(C)CSCC/C=C/CC)CCC(=O)OCCOC(=O)C(C)CSCC/C=C/CC,0.9578313
CC/C=C/CCSCC(C)C(=O)OCCOC(=O)CCN(CCCN(C)CCCN(CCC(=O)OCCOC(=O)C(C)CSCC/C=C/CC)CCC(=O)OCCOC(=O)C(C)CSCC/C=C/CC)CCC(=O)OCCOC(=O)C(C)CSCC/C=C/CC,0.9153338
CC/C=C/CCSCC(C)C(=O)OCCOC(=O)CCN(CCC(=O)OCCOC(=O)C(C)CSCC/C=C/CC)CCN(CCN(CCC(=O)OCCOC(=O)C(C)CSCC/C=C/CC)CCC(=O)OCCOC(=O)C(C)CSCC/C=C/CC)CCN(CCC(=O)OCCOC(=O)C(C)CSCC/C=C/CC)CCC(=O)OCCOC(=O)C(C)CSCC/C=C/CC,0.9340815
CC/C=C\CCSCC(C)C(=O)OCCOC(=O)CCN(CCC(=O)OCCOC(=O)C(C)CSCC/C=C\CC)CCN(C)C,0.97166026
CC/C=C\CCSCC(C)C(=O)OCCOC(=O)CCN(CCCN(C)C)CCC(=O)OCCOC(=O)C(C)CSCC/C=C\CC,0.95226645
CC/C=C\CCSCC(C)C(=O)OCCOC(=O)CCN(CCO)CCCN(CCC(=O)OCCOC(=O)C(C)CSCC/C=C\CC)CCC(=O)OCCOC(=O)C(C)CSCC/C=C\CC,0.9578313
CC/C=C\CCSCC(C)C(=O)OCCOC(=O)CCN(CCCN(C)CCCN(CCC(=O)OCCOC(=O)C(C)CSCC/C=C\CC)CCC(=O)OCCOC(=O)C(C)CSCC/C=C\CC)CCC(=O)OCCOC(=O)C(C)CSCC/C=C\CC,0.9153338
CC/C=C\CCSCC(C)C(=O)OCCOC(=O)CCN(CCC(=O)OCCOC(=O)C(C)CSCC/C=C\CC)CCN(CCN(CCC(=O)OCCOC(=O)C(C)CSCC/C=C\CC)CCC(=O)OCCOC(=O)C(C)CSCC/C=C\CC)CCN(CCC(=O)OCCOC(=O)C(C)CSCC/C=C\CC)CCC(=O)OCCOC(=O)C(C)CSCC/C=C\CC,0.9340815
CCCCCCCCSCC(C)C(=O)OCCOC(=O)CCN(CCCN1CCN(C)CC1)CCC(=O)OCCOC(=O)C(C)CSCCCCCCCC,0.98996556
CCCCCCCCSCC(C)C(=O)OCCOC(=O)CCN(CCC(=O)OCCOC(=O)C(C)CSCCCCCCCC)CCN(C)C,0.98793346
CCCCCCCCSCC(C)C(=O)OCCOC(=O)CCN(CCCN(C)C)CCC(=O)OCCOC(=O)C(C)CSCCCCCCCC,0.96839267
CCCCCCCCSCC(C)C(=O)OCCOC(=O)CCN(CCO)CCCN(CCC(=O)OCCOC(=O)C(C)CSCCCCCCCC)CCC(=O)OCCOC(=O)C(C)CSCCCCCCCC,0.98937255
CCCCCCCCSCC(C)C(=O)OCCOC(=O)CCN(CCCN1CCN(CCCN(CCC(=O)OCCOC(=O)C(C)CSCCCCCCCC)CCC(=O)OCCOC(=O)C(C)CSCCCCCCCC)CC1)CCC(=O)OCCOC(=O)C(C)CSCCCCCCCC,0.8967329
CCCCCCCCSCC(C)C(=O)OCCOC(=O)CCN(CCC(=O)OCCOC(=O)C(C)CSCCCCCCCC)CCN(CCN(CCC(=O)OCCOC(=O)C(C)CSCCCCCCCC)CCC(=O)OCCOC(=O)C(C)CSCCCCCCCC)CCN(CCC(=O)OCCOC(=O)C(C)CSCCCCCCCC)CCC(=O)OCCOC(=O)C(C)CSCCCCCCCC,0.87333894
C/C=C/CCCSCC(C)C(=O)OCCOC(=O)CCN(CCC(=O)OCCOC(=O)C(C)CSCCC/C=C/C)CCN(C)C,0.9666162
C/C=C/CCCSCC(C)C(=O)OCCOC(=O)CCN(CCCN(C)C)CCC(=O)OCCOC(=O)C(C)CSCCC/C=C/C,0.94684243
C/C=C/CCCSCC(C)C(=O)OCCOC(=O)CCN(CCO)CCCN(CCC(=O)OCCOC(=O)C(C)CSCCC/C=C/C)CCC(=O)OCCOC(=O)C(C)CSCCC/C=C/C,0.9449996
C/C=C/CCCSCC(C)C(=O)OCCOC(=O)CCN(CCCN(C)CCCN(CCC(=O)OCCOC(=O)C(C)CSCCC/C=C/C)CCC(=O)OCCOC(=O)C(C)CSCCC/C=C/C)CCC(=O)OCCOC(=O)C(C)CSCCC/C=C/C,0.8934365
C/C=C/CCCSCC(C)C(=O)OCCOC(=O)CCN(CCC(=O)OCCOC(=O)C(C)CSCCC/C=C/C)CCN(CCN(CCC(=O)OCCOC(=O)C(C)CSCCC/C=C/C)CCC(=O)OCCOC(=O)C(C)CSCCC/C=C/C)CCN(CCC(=O)OCCOC(=O)C(C)CSCCC/C=C/C)CCC(=O)OCCOC(=O)C(C)CSCCC/C=C/C,0.9106306
C/C=C\CCCSCC(C)C(=O)OCCOC(=O)CCN(CCC(=O)OCCOC(=O)C(C)CSCCC/C=C\C)CCN(C)C,0.9666162
C/C=C\CCCSCC(C)C(=O)OCCOC(=O)CCN(CCCN(C)C)CCC(=O)OCCOC(=O)C(C)CSCCC/C=C\C,0.94684243
C/C=C\CCCSCC(C)C(=O)OCCOC(=O)CCN(CCO)CCCN(CCC(=O)OCCOC(=O)C(C)CSCCC/C=C\C)CCC(=O)OCCOC(=O)C(C)CSCCC/C=C\C,0.9449996
C/C=C\CCCSCC(C)C(=O)OCCOC(=O)CCN(CCCN(C)CCCN(CCC(=O)OCCOC(=O)C(C)CSCCC/C=C\C)CCC(=O)OCCOC(=O)C(C)CSCCC/C=C\C)CCC(=O)OCCOC(=O)C(C)CSCCC/C=C\C,0.8934365
C/C=C\CCCSCC(C)C(=O)OCCOC(=O)CCN(CCC(=O)OCCOC(=O)C(C)CSCCC/C=C\C)CCN(CCN(CCC(=O)OCCOC(=O)C(C)CSCCC/C=C\C)CCC(=O)OCCOC(=O)C(C)CSCCC/C=C\C)CCN(CCC(=O)OCCOC(=O)C(C)CSCCC/C=C\C)CCC(=O)OCCOC(=O)C(C)CSCCC/C=C\C,0.9106306
CC/C=C\C/C=C\CSCC(C)C(=O)OCCOC(=O)CCN(CCC(=O)OCCOC(=O)C(C)CSC/C=C\C/C=C\CC)CCN(C)C,0.95778185
CC/C=C\C/C=C\CSCC(C)C(=O)OCCOC(=O)CCN(CCCN(C)C)CCC(=O)OCCOC(=O)C(C)CSC/C=C\C/C=C\CC,0.9381254
CC/C=C\C/C=C\CSCC(C)C(=O)OCCOC(=O)CCN(CCO)CCCN(CCC(=O)OCCOC(=O)C(C)CSC/C=C\C/C=C\CC)CCC(=O)OCCOC(=O)C(C)CSC/C=C\C/C=C\CC,0.93378127
CC/C=C\C/C=C\CSCC(C)C(=O)OCCOC(=O)CCN(CCCN(C)CCCN(CCC(=O)OCCOC(=O)C(C)CSC/C=C\C/C=C\CC)CCC(=O)OCCOC(=O)C(C)CSC/C=C\C/C=C\CC)CCC(=O)OCCOC(=O)C(C)CSC/C=C\C/C=C\CC,0.8902755
CC/C=C\C/C=C\CSCC(C)C(=O)OCCOC(=O)CCN(CCC(=O)OCCOC(=O)C(C)CSC/C=C\C/C=C\CC)CCN(CCN(CCC(=O)OCCOC(=O)C(C)CSC/C=C\C/C=C\CC)CCC(=O)OCCOC(=O)C(C)CSC/C=C\C/C=C\CC)CCN(CCC(=O)OCCOC(=O)C(C)CSC/C=C\C/C=C\CC)CCC(=O)OCCOC(=O)C(C)CSC/C=C\C/C=C\CC,0.9317689
CCCCCCSCC(C)C(=O)OCCOC(=O)CCN(CCCN1CCN(C)CC1)CCC(=O)OCCOC(=O)C(C)CSCCCCCC,0.98957986
CCCCCCSCC(C)C(=O)OCCOC(=O)CCN(CCC(=O)OCCOC(=O)C(C)CSCCCCCC)CCN(C)C,0.9870555
CCCCCCSCC(C)C(=O)OCCOC(=O)CCN(CCCN(C)C)CCC(=O)OCCOC(=O)C(C)CSCCCCCC,0.96800697
CCCCCCSCC(C)C(=O)OCCOC(=O)CCN(CCO)CCCN(CCC(=O)OCCOC(=O)C(C)CSCCCCCC)CCC(=O)OCCOC(=O)C(C)CSCCCCCC,0.9882347
CCCCCCSCC(C)C(=O)OCCOC(=O)CCN(CCCN1CCN(CCCN(CCC(=O)OCCOC(=O)C(C)CSCCCCCC)CCC(=O)OCCOC(=O)C(C)CSCCCCCC)CC1)CCC(=O)OCCOC(=O)C(C)CSCCCCCC,0.9035676
CCCCCCSCC(C)C(=O)OCCOC(=O)CCN(CCC(=O)OCCOC(=O)C(C)CSCCCCCC)CCN(CCN(CCC(=O)OCCOC(=O)C(C)CSCCCCCC)CCC(=O)OCCOC(=O)C(C)CSCCCCCC)CCN(CCC(=O)OCCOC(=O)C(C)CSCCCCCC)CCC(=O)OCCOC(=O)C(C)CSCCCCCC,0.8920015
CCCCCCCCCCC(O)N(CCC(O)C(=O)NC1CC(N(C(O)CCCCCCCCCC)C(O)CCCCCCCCCC)C(OC2OC(CN(C(O)CCCCCCCCCC)C(O)CCCCCCCCCC)C(O)C(O)C2O)C(O)C1OC1OC(CO)C(O)C(N(C(O)CCCCCCCCCC)C(O)CCCCCCCCCC)C1O)C(O)CCCCCCCCCC,0.84397143
CCCCCCCCCCCC(O)N(CCC(O)C(=O)NC1CC(N(C(O)CCCCCCCCCCC)C(O)CCCCCCCCCCC)C(OC2OC(CN(C(O)CCCCCCCCCCC)C(O)CCCCCCCCCCC)C(O)C(O)C2O)C(O)C1OC1OC(CO)C(O)C(N(C(O)CCCCCCCCCCC)C(O)CCCCCCCCCCC)C1O)C(O)CCCCCCCCCCC,0.8441037
CCCCCCCCCCCCC(O)N(CCC(O)C(=O)NC1CC(N(C(O)CCCCCCCCCCCC)C(O)CCCCCCCCCCCC)C(OC2OC(CN(C(O)CCCCCCCCCCCC)C(O)CCCCCCCCCCCC)C(O)C(O)C2O)C(O)C1OC1OC(CO)C(O)C(N(C(O)CCCCCCCCCCCC)C(O)CCCCCCCCCCCC)C1O)C(O)CCCCCCCCCCCC,0.83737177
CCCCCCCCCCCCCC(O)N(CCC(O)C(=O)NC1CC(N(C(O)CCCCCCCCCCCCC)C(O)CCCCCCCCCCCCC)C(OC2OC(CN(C(O)CCCCCCCCCCCCC)C(O)CCCCCCCCCCCCC)C(O)C(O)C2O)C(O)C1OC1OC(CO)C(O)C(N(C(O)CCCCCCCCCCCCC)C(O)CCCCCCCCCCCCC)C1O)C(O)CCCCCCCCCCCCC,0.80188143
CCCCCCCCCCCCCCC(O)N(CCC(O)C(=O)NC1CC(N(C(O)CCCCCCCCCCCCCC)C(O)CCCCCCCCCCCCCC)C(OC2OC(CN(C(O)CCCCCCCCCCCCCC)C(O)CCCCCCCCCCCCCC)C(O)C(O)C2O)C(O)C1OC1OC(CO)C(O)C(N(C(O)CCCCCCCCCCCCCC)C(O)CCCCCCCCCCCCCC)C1O)C(O)CCCCCCCCCCCCCC,0.8283077
CCCCCCCCCCCCCCCCC(O)N(CCC(O)C(=O)NC1CC(N(C(O)CCCCCCCCCCCCCCCC)C(O)CCCCCCCCCCCCCCCC)C(OC2OC(CN(C(O)CCCCCCCCCCCCCCCC)C(O)CCCCCCCCCCCCCCCC)C(O)C(O)C2O)C(O)C1OC1OC(CO)C(O)C(N(C(O)CCCCCCCCCCCCCCCC)C(O)CCCCCCCCCCCCCCCC)C1O)C(O)CCCCCCCCCCCCCCCC,0.7710492
CCCCCCCCCCC(O)N(C)C1C(O)C(OC2C(O)C(OC3OC(C(C)O)C(O)C(O)C3N(C(O)CCCCCCCCCC)C(O)CCCCCCCCCC)C(N(C(O)CCCCCCCCCC)C(O)CCCCCCCCCC)CC2N(C(O)CCCCCCCCCC)C(O)CCCCCCCCCC)OCC1(C)O,0.7943251
CCCCCCCCCCCC(O)N(C)C1C(O)C(OC2C(O)C(OC3OC(C(C)O)C(O)C(O)C3N(C(O)CCCCCCCCCCC)C(O)CCCCCCCCCCC)C(N(C(O)CCCCCCCCCCC)C(O)CCCCCCCCCCC)CC2N(C(O)CCCCCCCCCCC)C(O)CCCCCCCCCCC)OCC1(C)O,0.7832084
CCCCCCCCCCCCCC(O)N(C)C1C(O)C(OC2C(O)C(OC3OC(C(C)O)C(O)C(O)C3N(C(O)CCCCCCCCCCCCC)C(O)CCCCCCCCCCCCC)C(N(C(O)CCCCCCCCCCCCC)C(O)CCCCCCCCCCCCC)CC2N(C(O)CCCCCCCCCCCCC)C(O)CCCCCCCCCCCCC)OCC1(C)O,0.69305295
CCCCCCCCCCCC(O)N(CC1OC(OC2C(CO)OC(OC3C(O)C(N(C(O)CCCCCCCCCCC)C(O)CCCCCCCCCCC)CC(N(C(O)CCCCCCCCCCC)C(O)CCCCCCCCCCC)C3OC3OC(CO)C(O)C(O)C3N(C(O)CCCCCCCCCCC)C(O)CCCCCCCCCCC)C2O)C(N(C(O)CCCCCCCCCCC)C(O)CCCCCCCCCCC)C(O)C1O)C(O)CCCCCCCCCCC,0.7249816
CCCCCCCCCCC(O)N(C)C1CC(N(C(O)CCCCCCCCCC)C(O)CCCCCCCCCC)C(O)C(OC2OC(CO)C(O)C3OC4(OC23)OC(C(CO)N(C(O)CCCCCCCCCC)C(O)CCCCCCCCCC)C(O)C(O)C4O)C1O,0.92618215
CCCCCCCCCCCC(O)N(C)C1CC(N(C(O)CCCCCCCCCCC)C(O)CCCCCCCCCCC)C(O)C(OC2OC(CO)C(O)C3OC4(OC23)OC(C(CO)N(C(O)CCCCCCCCCCC)C(O)CCCCCCCCCCC)C(O)C(O)C4O)C1O,0.9206958
CCCCCCCCCCCCC(O)N(C)C1CC(N(C(O)CCCCCCCCCCCC)C(O)CCCCCCCCCCCC)C(O)C(OC2OC(CO)C(O)C3OC4(OC23)OC(C(CO)N(C(O)CCCCCCCCCCCC)C(O)CCCCCCCCCCCC)C(O)C(O)C4O)C1O,0.9227695
CCCCCCCCCCCCCC(O)N(C)C1CC(N(C(O)CCCCCCCCCCCCC)C(O)CCCCCCCCCCCCC)C(O)C(OC2OC(CO)C(O)C3OC4(OC23)OC(C(CO)N(C(O)CCCCCCCCCCCCC)C(O)CCCCCCCCCCCCC)C(O)C(O)C4O)C1O,0.91265875
CCCCCCCCCCCCCCC(O)N(C)C1CC(N(C(O)CCCCCCCCCCCCCC)C(O)CCCCCCCCCCCCCC)C(O)C(OC2OC(CO)C(O)C3OC4(OC23)OC(C(CO)N(C(O)CCCCCCCCCCCCCC)C(O)CCCCCCCCCCCCCC)C(O)C(O)C4O)C1O,0.9109667
CCCCCCCCCCCCCCCCC(O)N(C)C1CC(N(C(O)CCCCCCCCCCCCCCCC)C(O)CCCCCCCCCCCCCCCC)C(O)C(OC2OC(CO)C(O)C3OC4(OC23)OC(C(CO)N(C(O)CCCCCCCCCCCCCCCC)C(O)CCCCCCCCCCCCCCCC)C(O)C(O)C4O)C1O,0.9201836
CCCCCCCCCCCC(O)N(CC1OC(OC2C(O)C(OC3OC(CO)C(O)C(N(C(O)CCCCCCCCCCC)C(O)CCCCCCCCCCC)C3O)C(N(C(O)CCCCCCCCCCC)C(O)CCCCCCCCCCC)CC2N(C(O)CCCCCCCCCCC)C(O)CCCCCCCCCCC)C(N(C(O)CCCCCCCCCCC)C(O)CCCCCCCCCCC)C(O)C1O)C(O)CCCCCCCCCCC,0.69570863
CCCCCCCCCCCCC(O)N(CC1OC(OC2C(O)C(OC3OC(CO)C(O)C(N(C(O)CCCCCCCCCCCC)C(O)CCCCCCCCCCCC)C3O)C(N(C(O)CCCCCCCCCCCC)C(O)CCCCCCCCCCCC)CC2N(C(O)CCCCCCCCCCCC)C(O)CCCCCCCCCCCC)C(N(C(O)CCCCCCCCCCCC)C(O)CCCCCCCCCCCC)C(O)C1O)C(O)CCCCCCCCCCCC,0.62773085
CCCCCCCCCCCCCC(O)N(CC1OC(OC2C(O)C(OC3OC(CO)C(O)C(N(C(O)CCCCCCCCCCCCC)C(O)CCCCCCCCCCCCC)C3O)C(N(C(O)CCCCCCCCCCCCC)C(O)CCCCCCCCCCCCC)CC2N(C(O)CCCCCCCCCCCCC)C(O)CCCCCCCCCCCCC)C(N(C(O)CCCCCCCCCCCCC)C(O)CCCCCCCCCCCCC)C(O)C1O)C(O)CCCCCCCCCCCCC,0.5149989
CCCCCCCCCCC(O)N(CC1OC(OC2C(OC3OC(CO)C(O)C3O)C(O)C(N(C(O)CCCCCCCCCC)C(O)CCCCCCCCCC)CC2N(C(O)CCCCCCCCCC)C(O)CCCCCCCCCC)C(N(C(O)CCCCCCCCCC)C(O)CCCCCCCCCC)C(O)C1O)C(O)CCCCCCCCCC,0.7684951
CCCCCCCCCCCCC(O)N(CC1OC(OC2C(OC3OC(CO)C(O)C3O)C(O)C(N(C(O)CCCCCCCCCCCC)C(O)CCCCCCCCCCCC)CC2N(C(O)CCCCCCCCCCCC)C(O)CCCCCCCCCCCC)C(N(C(O)CCCCCCCCCCCC)C(O)CCCCCCCCCCCC)C(O)C1O)C(O)CCCCCCCCCCCC,0.6970219
CCCCCCCCCCCC(O)N(C)C(C)C1CCC(N(C(O)CCCCCCCCCCC)C(O)CCCCCCCCCCC)C(OC2C(O)C(OC3OCC(C)(O)C(N(C)C(O)CCCCCCCCCCC)C3O)C(N(C(O)CCCCCCCCCCC)C(O)CCCCCCCCCCC)CC2N(C(O)CCCCCCCCCCC)C(O)CCCCCCCCCCC)O1,0.6879136
CCCCCCCCCCCCCC(O)N(C)C(C)C1CCC(N(C(O)CCCCCCCCCCCCC)C(O)CCCCCCCCCCCCC)C(OC2C(O)C(OC3OCC(C)(O)C(N(C)C(O)CCCCCCCCCCCCC)C3O)C(N(C(O)CCCCCCCCCCCCC)C(O)CCCCCCCCCCCCC)CC2N(C(O)CCCCCCCCCCCCC)C(O)CCCCCCCCCCCCC)O1,0.56405544
CCCCCCSCC(C)C(=O)OCCOC(=O)CCN(CCCN(C)CCCN(CCC(=O)OCCOC(=O)C(C)CSCCCCCC)CCC(=O)OCCOC(=O)C(C)CSCCCCCC)CCC(=O)OCCOC(=O)C(C)CSCCCCCC,0.8074201
CCCCCCCSCC(C)C(=O)OCCOC(=O)CCN(CCCN(C)CCCN(CCC(=O)OCCOC(=O)C(C)CSCCCCCCC)CCC(=O)OCCOC(=O)C(C)CSCCCCCCC)CCC(=O)OCCOC(=O)C(C)CSCCCCCCC,0.8045848
CCCCCCCCSCC(C)C(=O)OCCOC(=O)CCN(CCCN(C)CCCN(CCC(=O)OCCOC(=O)C(C)CSCCCCCCCC)CCC(=O)OCCOC(=O)C(C)CSCCCCCCCC)CCC(=O)OCCOC(=O)C(C)CSCCCCCCCC,0.78870517
CCCCCCCCCSCC(C)C(=O)OCCOC(=O)CCN(CCCN(C)CCCN(CCC(=O)OCCOC(=O)C(C)CSCCCCCCCCC)CCC(=O)OCCOC(=O)C(C)CSCCCCCCCCC)CCC(=O)OCCOC(=O)C(C)CSCCCCCCCCC,0.7768082
CCCCCCCCCCCSCC(C)C(=O)OCCOC(=O)CCN(CCCN(C)CCCN(CCC(=O)OCCOC(=O)C(C)CSCCCCCCCCCCC)CCC(=O)OCCOC(=O)C(C)CSCCCCCCCCCCC)CCC(=O)OCCOC(=O)C(C)CSCCCCCCCCCCC,0.73722655
CCCCCCCCCCCCSCC(C)C(=O)OCCOC(=O)CCN(CCCN(C)CCCN(CCC(=O)OCCOC(=O)C(C)CSCCCCCCCCCCCC)CCC(=O)OCCOC(=O)C(C)CSCCCCCCCCCCCC)CCC(=O)OCCOC(=O)C(C)CSCCCCCCCCCCCC,0.78782237
CCCCCCSCC(C)C(=O)OCCOC(=O)CCN(CCCN(C)CCCN(CCC(=O)OCCOC(=O)C(C)CSCCCCCC)CCC(=O)OCCOC(=O)C(C)CSCCCCCC)CCC(=O)OCCOC(=O)C(C)CSCCCCCC,0.8083765
CCCCCCCSCC(C)C(=O)OCCOC(=O)CCN(CCCN(C)CCCN(CCC(=O)OCCOC(=O)C(C)CSCCCCCCC)CCC(=O)OCCOC(=O)C(C)CSCCCCCCC)CCC(=O)OCCOC(=O)C(C)CSCCCCCCC,0.8050567
CCCCCCCCSCC(C)C(=O)OCCOC(=O)CCN(CCCN(C)CCCN(CCC(=O)OCCOC(=O)C(C)CSCCCCCCCC)CCC(=O)OCCOC(=O)C(C)CSCCCCCCCC)CCC(=O)OCCOC(=O)C(C)CSCCCCCCCC,0.7854478
CCCCCCCCCSCC(C)C(=O)OCCOC(=O)CCN(CCCN(C)CCCN(CCC(=O)OCCOC(=O)C(C)CSCCCCCCCCC)CCC(=O)OCCOC(=O)C(C)CSCCCCCCCCC)CCC(=O)OCCOC(=O)C(C)CSCCCCCCCCC,0.7731945
CCCCCCCCCCCSCC(C)C(=O)OCCOC(=O)CCN(CCCN(C)CCCN(CCC(=O)OCCOC(=O)C(C)CSCCCCCCCCCCC)CCC(=O)OCCOC(=O)C(C)CSCCCCCCCCCCC)CCC(=O)OCCOC(=O)C(C)CSCCCCCCCCCCC,0.7252613
CCCCCCCCCCCCSCC(C)C(=O)OCCOC(=O)CCN(CCCN(C)CCCN(CCC(=O)OCCOC(=O)C(C)CSCCCCCCCCCCCC)CCC(=O)OCCOC(=O)C(C)CSCCCCCCCCCCCC)CCC(=O)OCCOC(=O)C(C)CSCCCCCCCCCCCC,0.77744275
CCCCCCSCC(C)C(=O)OCCOC(=O)CCN(CCCN(C)CCCN(CCC(=O)OCCOC(=O)C(C)CSCCCCCC)CCC(=O)OCCOC(=O)C(C)CSCCCCCC)CCC(=O)OCCOC(=O)C(C)CSCCCCCC,0.805504
CCCCCCCSCC(C)C(=O)OCCOC(=O)CCN(CCCN(C)CCCN(CCC(=O)OCCOC(=O)C(C)CSCCCCCCC)CCC(=O)OCCOC(=O)C(C)CSCCCCCCC)CCC(=O)OCCOC(=O)C(C)CSCCCCCCC,0.7970636
CCCCCCCCSCC(C)C(=O)OCCOC(=O)CCN(CCCN(C)CCCN(CCC(=O)OCCOC(=O)C(C)CSCCCCCCCC)CCC(=O)OCCOC(=O)C(C)CSCCCCCCCC)CCC(=O)OCCOC(=O)C(C)CSCCCCCCCC,0.77661836
CCCCCCCCCSCC(C)C(=O)OCCOC(=O)CCN(CCCN(C)CCCN(CCC(=O)OCCOC(=O)C(C)CSCCCCCCCCC)CCC(=O)OCCOC(=O)C(C)CSCCCCCCCCC)CCC(=O)OCCOC(=O)C(C)CSCCCCCCCCC,0.7636076
CCCCCCCCCCCSCC(C)C(=O)OCCOC(=O)CCN(CCCN(C)CCCN(CCC(=O)OCCOC(=O)C(C)CSCCCCCCCCCCC)CCC(=O)OCCOC(=O)C(C)CSCCCCCCCCCCC)CCC(=O)OCCOC(=O)C(C)CSCCCCCCCCCCC,0.7118879
CCCCCCCCCCCCSCC(C)C(=O)OCCOC(=O)CCN(CCCN(C)CCCN(CCC(=O)OCCOC(=O)C(C)CSCCCCCCCCCCCC)CCC(=O)OCCOC(=O)C(C)CSCCCCCCCCCCCC)CCC(=O)OCCOC(=O)C(C)CSCCCCCCCCCCCC,0.7669727
CCCCCCSCC(C)C(=O)OCCOC(=O)CCN(CCCN(C)CCCN(CCC(=O)OCCOC(=O)C(C)CSCCCCCC)CCC(=O)OCCOC(=O)C(C)CSCCCCCC)CCC(=O)OCCOC(=O)C(C)CSCCCCCC,0.7448603
CCCCCCCSCC(C)C(=O)OCCOC(=O)CCN(CCCN(C)CCCN(CCC(=O)OCCOC(=O)C(C)CSCCCCCCC)CCC(=O)OCCOC(=O)C(C)CSCCCCCCC)CCC(=O)OCCOC(=O)C(C)CSCCCCCCC,0.742025
CCCCCCCCSCC(C)C(=O)OCCOC(=O)CCN(CCCN(C)CCCN(CCC(=O)OCCOC(=O)C(C)CSCCCCCCCC)CCC(=O)OCCOC(=O)C(C)CSCCCCCCCC)CCC(=O)OCCOC(=O)C(C)CSCCCCCCCC,0.63788134
CCCCCCCCCSCC(C)C(=O)OCCOC(=O)CCN(CCCN(C)CCCN(CCC(=O)OCCOC(=O)C(C)CSCCCCCCCCC)CCC(=O)OCCOC(=O)C(C)CSCCCCCCCCC)CCC(=O)OCCOC(=O)C(C)CSCCCCCCCCC,0.57566196
CCCCCCCCCCCSCC(C)C(=O)OCCOC(=O)CCN(CCCN(C)CCCN(CCC(=O)OCCOC(=O)C(C)CSCCCCCCCCCCC)CCC(=O)OCCOC(=O)C(C)CSCCCCCCCCCCC)CCC(=O)OCCOC(=O)C(C)CSCCCCCCCCCCC,0.4753858
CCCCCCCCCCCCSCC(C)C(=O)OCCOC(=O)CCN(CCCN(C)CCCN(CCC(=O)OCCOC(=O)C(C)CSCCCCCCCCCCCC)CCC(=O)OCCOC(=O)C(C)CSCCCCCCCCCCCC)CCC(=O)OCCOC(=O)C(C)CSCCCCCCCCCCCC,0.57539827
CCCCCCSCC(C)C(=O)OCCOC(=O)CCN(CCCN(C)CCCN(CCC(=O)OCCOC(=O)C(C)CSCCCCCC)CCC(=O)OCCOC(=O)C(C)CSCCCCCC)CCC(=O)OCCOC(=O)C(C)CSCCCCCC,0.812715
CCCCCCCSCC(C)C(=O)OCCOC(=O)CCN(CCCN(C)CCCN(CCC(=O)OCCOC(=O)C(C)CSCCCCCCC)CCC(=O)OCCOC(=O)C(C)CSCCCCCCC)CCC(=O)OCCOC(=O)C(C)CSCCCCCCC,0.8098797
CCCCCCCCSCC(C)C(=O)OCCOC(=O)CCN(CCCN(C)CCCN(CCC(=O)OCCOC(=O)C(C)CSCCCCCCCC)CCC(=O)OCCOC(=O)C(C)CSCCCCCCCC)CCC(=O)OCCOC(=O)C(C)CSCCCCCCCC,0.7939827
CCCCCCCCCSCC(C)C(=O)OCCOC(=O)CCN(CCCN(C)CCCN(CCC(=O)OCCOC(=O)C(C)CSCCCCCCCCC)CCC(=O)OCCOC(=O)C(C)CSCCCCCCCCC)CCC(=O)OCCOC(=O)C(C)CSCCCCCCCCC,0.7814443
CCCCCCCCCCCSCC(C)C(=O)OCCOC(=O)CCN(CCCN(C)CCCN(CCC(=O)OCCOC(=O)C(C)CSCCCCCCCCCCC)CCC(=O)OCCOC(=O)C(C)CSCCCCCCCCCCC)CCC(=O)OCCOC(=O)C(C)CSCCCCCCCCCCC,0.7374384
CCCCCCCCCCCCSCC(C)C(=O)OCCOC(=O)CCN(CCCN(C)CCCN(CCC(=O)OCCOC(=O)C(C)CSCCCCCCCCCCCC)CCC(=O)OCCOC(=O)C(C)CSCCCCCCCCCCCC)CCC(=O)OCCOC(=O)C(C)CSCCCCCCCCCCCC,0.78783756
CCCCCCSCC(C)C(=O)OCCOC(=O)CCN(CCCN(C)CCCN(CCC(=O)OCCOC(=O)C(C)CSCCCCCC)CCC(=O)OCCOC(=O)C(C)CSCCCCCC)CCC(=O)OCCOC(=O)C(C)CSCCCCCC,0.8136714
CCCCCCCSCC(C)C(=O)OCCOC(=O)CCN(CCCN(C)CCCN(CCC(=O)OCCOC(=O)C(C)CSCCCCCCC)CCC(=O)OCCOC(=O)C(C)CSCCCCCCC)CCC(=O)OCCOC(=O)C(C)CSCCCCCCC,0.8103516
CCCCCCCCSCC(C)C(=O)OCCOC(=O)CCN(CCCN(C)CCCN(CCC(=O)OCCOC(=O)C(C)CSCCCCCCCC)CCC(=O)OCCOC(=O)C(C)CSCCCCCCCC)CCC(=O)OCCOC(=O)C(C)CSCCCCCCCC,0.7907253
CCCCCCCCCSCC(C)C(=O)OCCOC(=O)CCN(CCCN(C)CCCN(CCC(=O)OCCOC(=O)C(C)CSCCCCCCCCC)CCC(=O)OCCOC(=O)C(C)CSCCCCCCCCC)CCC(=O)OCCOC(=O)C(C)CSCCCCCCCCC,0.7778306
CCCCCCCCCCCSCC(C)C(=O)OCCOC(=O)CCN(CCCN(C)CCCN(CCC(=O)OCCOC(=O)C(C)CSCCCCCCCCCCC)CCC(=O)OCCOC(=O)C(C)CSCCCCCCCCCCC)CCC(=O)OCCOC(=O)C(C)CSCCCCCCCCCCC,0.7254731
CCCCCCCCCCCCSCC(C)C(=O)OCCOC(=O)CCN(CCCN(C)CCCN(CCC(=O)OCCOC(=O)C(C)CSCCCCCCCCCCCC)CCC(=O)OCCOC(=O)C(C)CSCCCCCCCCCCCC)CCC(=O)OCCOC(=O)C(C)CSCCCCCCCCCCCC,0.77745795
CCCCCCSCC(C)C(=O)OCCOC(=O)CCN(CCCN(C)CCCN(CCC(=O)OCCOC(=O)C(C)CSCCCCCC)CCC(=O)OCCOC(=O)C(C)CSCCCCCC)CCC(=O)OCCOC(=O)C(C)CSCCCCCC,0.81079894
CCCCCCCSCC(C)C(=O)OCCOC(=O)CCN(CCCN(C)CCCN(CCC(=O)OCCOC(=O)C(C)CSCCCCCCC)CCC(=O)OCCOC(=O)C(C)CSCCCCCCC)CCC(=O)OCCOC(=O)C(C)CSCCCCCCC,0.8023585
CCCCCCCCSCC(C)C(=O)OCCOC(=O)CCN(CCCN(C)CCCN(CCC(=O)OCCOC(=O)C(C)CSCCCCCCCC)CCC(=O)OCCOC(=O)C(C)CSCCCCCCCC)CCC(=O)OCCOC(=O)C(C)CSCCCCCCCC,0.7818959
CCCCCCCCCSCC(C)C(=O)OCCOC(=O)CCN(CCCN(C)CCCN(CCC(=O)OCCOC(=O)C(C)CSCCCCCCCCC)CCC(=O)OCCOC(=O)C(C)CSCCCCCCCCC)CCC(=O)OCCOC(=O)C(C)CSCCCCCCCCC,0.76824373
CCCCCCCCCCCSCC(C)C(=O)OCCOC(=O)CCN(CCCN(C)CCCN(CCC(=O)OCCOC(=O)C(C)CSCCCCCCCCCCC)CCC(=O)OCCOC(=O)C(C)CSCCCCCCCCCCC)CCC(=O)OCCOC(=O)C(C)CSCCCCCCCCCCC,0.71209973
CCCCCCCCCCCCSCC(C)C(=O)OCCOC(=O)CCN(CCCN(C)CCCN(CCC(=O)OCCOC(=O)C(C)CSCCCCCCCCCCCC)CCC(=O)OCCOC(=O)C(C)CSCCCCCCCCCCCC)CCC(=O)OCCOC(=O)C(C)CSCCCCCCCCCCCC,0.7669879
CCCCCCSCC(C)C(=O)OCCOC(=O)CCN(CCCN(C)CCCN(CCC(=O)OCCOC(=O)C(C)CSCCCCCC)CCC(=O)OCCOC(=O)C(C)CSCCCCCC)CCC(=O)OCCOC(=O)C(C)CSCCCCCC,0.75052017
CCCCCCCSCC(C)C(=O)OCCOC(=O)CCN(CCCN(C)CCCN(CCC(=O)OCCOC(=O)C(C)CSCCCCCCC)CCC(=O)OCCOC(=O)C(C)CSCCCCCCC)CCC(=O)OCCOC(=O)C(C)CSCCCCCCC,0.7476849
CCCCCCCCSCC(C)C(=O)OCCOC(=O)CCN(CCCN(C)CCCN(CCC(=O)OCCOC(=O)C(C)CSCCCCCCCC)CCC(=O)OCCOC(=O)C(C)CSCCCCCCCC)CCC(=O)OCCOC(=O)C(C)CSCCCCCCCC,0.6435238
CCCCCCCCCSCC(C)C(=O)OCCOC(=O)CCN(CCCN(C)CCCN(CCC(=O)OCCOC(=O)C(C)CSCCCCCCCCC)CCC(=O)OCCOC(=O)C(C)CSCCCCCCCCC)CCC(=O)OCCOC(=O)C(C)CSCCCCCCCCC,0.5801086
CCCCCCCCCCCSCC(C)C(=O)OCCOC(=O)CCN(CCCN(C)CCCN(CCC(=O)OCCOC(=O)C(C)CSCCCCCCCCCCC)CCC(=O)OCCOC(=O)C(C)CSCCCCCCCCCCC)CCC(=O)OCCOC(=O)C(C)CSCCCCCCCCCCC,0.47512388
CCCCCCCCCCCCSCC(C)C(=O)OCCOC(=O)CCN(CCCN(C)CCCN(CCC(=O)OCCOC(=O)C(C)CSCCCCCCCCCCCC)CCC(=O)OCCOC(=O)C(C)CSCCCCCCCCCCCC)CCC(=O)OCCOC(=O)C(C)CSCCCCCCCCCCCC,0.5749397
CCCCCCCCCCNC(=N)CCCSCCC(=O)OCCCCCCCCC,0.9469541
CCCCCCCCCCCCNC(=N)CCCSCCC(=O)OCCCCCCCCC,0.94640505
CCCCCCCCCCCCCCNC(=N)CCCSCCC(=O)OCCCCCCCCC,0.95196867
CCCCCCCCCCCCCCCCNC(=N)CCCSCCC(=O)OCCCCCCCCC,0.95242906
CCCCCCCCCCCCCCCCCCNC(=N)CCCSCCC(=O)OCCCCCCCCC,0.9520624
CCCCCCCC/C=C\CCCCCCCCNC(=N)CCCSCCC(=O)OCCCCCCCCC,0.95844734
CCCCCCCCCOC(=O)CCSCCCC(=N)NCC(CCCCCC)CCCCCCCC,0.9476798
CCCCCCCCCOC(=O)CCSCCCC(=N)NCC(=O)OCCCCCCCC,0.94862026
CCCCCCCCCOC(=O)CCSCCCC(=N)NCCNC(=N)CCCSCCC(=O)OCCCCCCCCC,0.9559492
CCCCCCCCCOC(=O)CCSCCCC(=N)NCCCNC(=N)CCCSCCC(=O)OCCCCCCCCC,0.9557108
CCCCCCCCCOC(=O)CCSCCCC(=N)NCCCCCNC(=N)CCCSCCC(=O)OCCCCCCCCC,0.9561312
CCCCCCCCCOC(=O)CCSCCCC(=N)NCCNCCNC(=N)CCCSCCC(=O)OCCCCCCCCC,0.95582384
CCCCCCCCCOC(=O)CCSCCCC(=N)NCCN(C)CCNC(=N)CCCSCCC(=O)OCCCCCCCCC,0.93930215
CCCCCCCCCOC(=O)CCSCCCC(=N)NCCN(CCNC(=N)CCCSCCC(=O)OCCCCCCCCC)CCNC(=N)CCCSCCC(=O)OCCCCCCCCC,0.9732379
CCCCCCCCCOC(=O)CCSCCCC(=N)NCCCN(C)CCCNC(=N)CCCSCCC(=O)OCCCCCCCCC,0.95426357
CCCCCCCCCOC(=O)CCSCCCC(=N)NCCCN(CCCNC(=N)CCCSCCC(=O)OCCCCCCCCC)CCCNC(=N)CCCSCCC(=O)OCCCCCCCCC,0.9672793
CCCCCCCCCOC(=O)CCSCCCC(=N)NCCCN1CCN(CCCNC(=N)CCCSCCC(=O)OCCCCCCCCC)CC1,0.9187909
CCCCCCCCCOC(=O)CCSCCCC(=N)NCCNCCN1CCN(CCNC(=N)CCCSCCC(=O)OCCCCCCCCC)CC1,0.9409578
CCCCCCCCCOC(=O)CCSCCCC(=N)NCCCN(CCCCN(CCCNC(=N)CCCSCCC(=O)OCCCCCCCCC)CCCNC(=N)CCCSCCC(=O)OCCCCCCCCC)CCCNC(=N)CCCSCCC(=O)OCCCCCCCCC,0.94960016
CCCCCCCCCCCCOC(=O)CCSCCCC(=N)NCCCCCCCCCC,0.94162476
CCCCCCCCCCCCNC(=N)CCCSCCC(=O)OCCCCCCCCCCCC,0.9541717
CCCCCCCCCCCCCCNC(=N)CCCSCCC(=O)OCCCCCCCCCCCC,0.9519642
CCCCCCCCCCCCCCCCNC(=N)CCCSCCC(=O)OCCCCCCCCCCCC,0.9369706
CCCCCCCCCCCCCCCCCCNC(=N)CCCSCCC(=O)OCCCCCCCCCCCC,0.9373371
CCCCCCCC/C=C\CCCCCCCCNC(=N)CCCSCCC(=O)OCCCCCCCCCCCC,0.9569402
CCCCCCCCCCCCOC(=O)CCSCCCC(=N)NCC(CCCCCC)CCCCCCCC,0.94568175
CCCCCCCCCCCCOC(=O)CCSCCCC(=N)NCC(=O)OCCCCCCCC,0.9593222
CCCCCCCCCCCCOC(=O)CCSCCCC(=N)NCCNC(=N)CCCSCCC(=O)OCCCCCCCCCCCC,0.949912
CCCCCCCCCCCCOC(=O)CCSCCCC(=N)NCCCNC(=N)CCCSCCC(=O)OCCCCCCCCCCCC,0.9547273
CCCCCCCCCCCCOC(=O)CCSCCCC(=N)NCCCCCNC(=N)CCCSCCC(=O)OCCCCCCCCCCCC,0.9511847
CCCCCCCCCCCCOC(=O)CCSCCCC(=N)NCCNCCNC(=N)CCCSCCC(=O)OCCCCCCCCCCCC,0.9569254
CCCCCCCCCCCCOC(=O)CCSCCCC(=N)NCCN(C)CCNC(=N)CCCSCCC(=O)OCCCCCCCCCCCC,0.9366127
CCCCCCCCCCCCOC(=O)CCSCCCC(=N)NCCN(CCNC(=N)CCCSCCC(=O)OCCCCCCCCCCCC)CCNC(=N)CCCSCCC(=O)OCCCCCCCCCCCC,0.9470811
CCCCCCCCCCCCOC(=O)CCSCCCC(=N)NCCCN(C)CCCNC(=N)CCCSCCC(=O)OCCCCCCCCCCCC,0.95029664
CCCCCCCCCCCCOC(=O)CCSCCCC(=N)NCCCN(CCCNC(=N)CCCSCCC(=O)OCCCCCCCCCCCC)CCCNC(=N)CCCSCCC(=O)OCCCCCCCCCCCC,0.9289237
CCCCCCCCCCCCOC(=O)CCSCCCC(=N)NCCCN1CCN(CCCNC(=N)CCCSCCC(=O)OCCCCCCCCCCCC)CC1,0.91342604
CCCCCCCCCCCCOC(=O)CCSCCCC(=N)NCCNCCN1CCN(CCNC(=N)CCCSCCC(=O)OCCCCCCCCCCCC)CC1,0.94242936
CCCCCCCCCCCCOC(=O)CCSCCCC(=N)NCCCN(CCCCN(CCCNC(=N)CCCSCCC(=O)OCCCCCCCCCCCC)CCCNC(=N)CCCSCCC(=O)OCCCCCCCCCCCC)CCCNC(=N)CCCSCCC(=O)OCCCCCCCCCCCC,0.94440997
CCCCCCCCCCCCCCOC(=O)CCSCCCC(=N)NCCCCCCCCCC,0.9545892
CCCCCCCCCCCCCCOC(=O)CCSCCCC(=N)NCCCCCCCCCCCC,0.9523817
CCCCCCCCCCCCCCNC(=N)CCCSCCC(=O)OCCCCCCCCCCCCCC,0.9379077
CCCCCCCCCCCCCCCCNC(=N)CCCSCCC(=O)OCCCCCCCCCCCCCC,0.9384294
CCCCCCCCCCCCCCCCCCNC(=N)CCCSCCC(=O)OCCCCCCCCCCCCCC,0.9353932
CCCCCCCC/C=C\CCCCCCCCNC(=N)CCCSCCC(=O)OCCCCCCCCCCCCCC,0.95
CCCCCCCCCCCCCCOC(=O)CCSCCCC(=N)NCC(CCCCCC)CCCCCCCC,0.94188535
CCCCCCCCCCCCCCOC(=O)CCSCCCC(=N)NCC(=O)OCCCCCCCC,0.95410675
CCCCCCCCCCCCCCOC(=O)CCSCCCC(=N)NCCNC(=N)CCCSCCC(=O)OCCCCCCCCCCCCCC,0.9328253
CCCCCCCCCCCCCCOC(=O)CCSCCCC(=N)NCCCNC(=N)CCCSCCC(=O)OCCCCCCCCCCCCCC,0.93427676
CCCCCCCCCCCCCCOC(=O)CCSCCCC(=N)NCCCCCNC(=N)CCCSCCC(=O)OCCCCCCCCCCCCCC,0.9356709
CCCCCCCCCCCCCCOC(=O)CCSCCCC(=N)NCCNCCNC(=N)CCCSCCC(=O)OCCCCCCCCCCCCCC,0.9329821
CCCCCCCCCCCCCCOC(=O)CCSCCCC(=N)NCCN(C)CCNC(=N)CCCSCCC(=O)OCCCCCCCCCCCCCC,0.90887135
CCCCCCCCCCCCCCOC(=O)CCSCCCC(=N)NCCN(CCNC(=N)CCCSCCC(=O)OCCCCCCCCCCCCCC)CCNC(=N)CCCSCCC(=O)OCCCCCCCCCCCCCC,0.9609746
CCCCCCCCCCCCCCOC(=O)CCSCCCC(=N)NCCCN(C)CCCNC(=N)CCCSCCC(=O)OCCCCCCCCCCCCCC,0.9234697
CCCCCCCCCCCCCCOC(=O)CCSCCCC(=N)NCCCN(CCCNC(=N)CCCSCCC(=O)OCCCCCCCCCCCCCC)CCCNC(=N)CCCSCCC(=O)OCCCCCCCCCCCCCC,0.9532743
CCCCCCCCCCCCCCOC(=O)CCSCCCC(=N)NCCCN1CCN(CCCNC(=N)CCCSCCC(=O)OCCCCCCCCCCCCCC)CC1,0.8943032
CCCCCCCCCCCCCCOC(=O)CCSCCCC(=N)NCCNCCN1CCN(CCNC(=N)CCCSCCC(=O)OCCCCCCCCCCCCCC)CC1,0.9238562
CCCCCCCCCCCCCCOC(=O)CCSCCCC(=N)NCCCN(CCCCN(CCCNC(=N)CCCSCCC(=O)OCCCCCCCCCCCCCC)CCCNC(=N)CCCSCCC(=O)OCCCCCCCCCCCCCC)CCCNC(=N)CCCSCCC(=O)OCCCCCCCCCCCCCC,0.94676846
CCCCCCCCCCCCCCCCOC(=O)CCSCCCC(=N)NCCCCCCCCCC,0.94880295
CCCCCCCCCCCCCCCCOC(=O)CCSCCCC(=N)NCCCCCCCCCCCC,0.937013
CCCCCCCCCCCCCCCCOC(=O)CCSCCCC(=N)NCCCCCCCCCCCCCC,0.9377814
CCCCCCCCCCCCCCCCNC(=N)CCCSCCC(=O)OCCCCCCCCCCCCCCCC,0.9360874
CCCCCCCCCCCCCCCCCCNC(=N)CCCSCCC(=O)OCCCCCCCCCCCCCCCC,0.95260763
CCCCCCCC/C=C\CCCCCCCCNC(=N)CCCSCCC(=O)OCCCCCCCCCCCCCCCC,0.9480047
CCCCCCCCCCCCCCCCOC(=O)CCSCCCC(=N)NCC(CCCCCC)CCCCCCCC,0.92276174
CCCCCCCCCCCCCCCCOC(=O)CCSCCCC(=N)NCC(=O)OCCCCCCCC,0.9530534
CCCCCCCCCCCCCCCCOC(=O)CCSCCCC(=N)NCCNC(=N)CCCSCCC(=O)OCCCCCCCCCCCCCCCC,0.9192064
CCCCCCCCCCCCCCCCOC(=O)CCSCCCC(=N)NCCCNC(=N)CCCSCCC(=O)OCCCCCCCCCCCCCCCC,0.9238695
CCCCCCCCCCCCCCCCOC(=O)CCSCCCC(=N)NCCCCCNC(=N)CCCSCCC(=O)OCCCCCCCCCCCCCCCC,0.9360166
CCCCCCCCCCCCCCCCOC(=O)CCSCCCC(=N)NCCNCCNC(=N)CCCSCCC(=O)OCCCCCCCCCCCCCCCC,0.9205931
CCCCCCCCCCCCCCCCOC(=O)CCSCCCC(=N)NCCN(C)CCNC(=N)CCCSCCC(=O)OCCCCCCCCCCCCCCCC,0.89892703
CCCCCCCCCCCCCCCCOC(=O)CCSCCCC(=N)NCCN(CCNC(=N)CCCSCCC(=O)OCCCCCCCCCCCCCCCC)CCNC(=N)CCCSCCC(=O)OCCCCCCCCCCCCCCCC,0.9530282
CCCCCCCCCCCCCCCCOC(=O)CCSCCCC(=N)NCCCN(C)CCCNC(=N)CCCSCCC(=O)OCCCCCCCCCCCCCCCC,0.9184938
CCCCCCCCCCCCCCCCOC(=O)CCSCCCC(=N)NCCCN(CCCNC(=N)CCCSCCC(=O)OCCCCCCCCCCCCCCCC)CCCNC(=N)CCCSCCC(=O)OCCCCCCCCCCCCCCCC,0.95120275
CCCCCCCCCCCCCCCCOC(=O)CCSCCCC(=N)NCCCN1CCN(CCCNC(=N)CCCSCCC(=O)OCCCCCCCCCCCCCCCC)CC1,0.88966376
CCCCCCCCCCCCCCCCOC(=O)CCSCCCC(=N)NCCNCCN1CCN(CCNC(=N)CCCSCCC(=O)OCCCCCCCCCCCCCCCC)CC1,0.9140646
CCCCCCCCCCCCCCCCOC(=O)CCSCCCC(=N)NCCCN(CCCCN(CCCNC(=N)CCCSCCC(=O)OCCCCCCCCCCCCCCCC)CCCNC(=N)CCCSCCC(=O)OCCCCCCCCCCCCCCCC)CCCNC(=N)CCCSCCC(=O)OCCCCCCCCCCCCCCCC,0.9182632
CCCCC(O)CN(CCCN(C)C)CC(O)CCCC,0.8040703
CCCCCCCCC(O)CN(CCCN(C)C)CC(O)CCCCCCCC,0.8304011
CCCCCCCCCCC(O)CN(CCCN(C)C)CC(O)CCCCCCCCCC,0.87359864
CCCCCCCCCCCCC(O)CN(CCCN(C)C)CC(O)CCCCCCCCCCCC,0.8994059
CCCCCC(=O)OC(CCCC)CN(CCCN(C)C)CC(CCCC)OC(=O)CCCCC,0.87013334
CCCCCCCC(=O)OC(CCCC)CN(CCCN(C)C)CC(CCCC)OC(=O)CCCCCCC,0.9139044
CCCCCCCCCCCCCC(=O)OC(CCCC)CN(CCCN(C)C)CC(CCCC)OC(=O)CCCCCCCCCCCCC,0.93270934
CCCCCCCCCCCCCC(=O)OC(CCCCCC)CN(CCCN(C)C)CC(CCCCCC)OC(=O)CCCCCCCCCCCCC,0.90986544
CCCCCCCCC(CN(CCCN(C)C)CC(CCCCCCCC)OC(=O)CCCCC)OC(=O)CCCCC,0.9237291
CCCCCCCCC(CN(CCCN(C)C)CC(CCCCCCCC)OC(=O)CCCCCCC)OC(=O)CCCCCCC,0.9331201
CCCCCCCCCCCCCC(=O)OC(CCCCCCCC)CN(CCCN(C)C)CC(CCCCCCCC)OC(=O)CCCCCCCCCCCCC,0.8829659
CCCCCCCCCCC(CN(CCCN(C)C)CC(CCCCCCCCCC)OC(=O)CCCCCCCCC)OC(=O)CCCCCCCCC,0.90859413
CCCCCCCCCCCCCC(=O)OC(CCCCCCCCCC)CN(CCCN(C)C)CC(CCCCCCCCCC)OC(=O)CCCCCCCCCCCCC,0.85729873
CCCCCCCCCCCCC(CN(CCCN(C)C)CC(CCCCCCCCCCCC)OC(=O)CCCCC)OC(=O)CCCCC,0.93920285
CCCCCCCCCCCCC(CN(CCCN(C)C)CC(CCCCCCCCCCCC)OC(=O)CCCCCCC)OC(=O)CCCCCCC,0.90986544
CCCCCCCCCCCCC(CN(CCCN(C)C)CC(CCCCCCCCCCCC)OC(=O)CCCCCCCCC)OC(=O)CCCCCCCCC,0.8829659
CCCCCCCCCCCCCC(=O)OC(CCCCCCCCCCCC)CN(CCCN(C)C)CC(CCCCCCCCCCCC)OC(=O)CCCCCCCCCCCCC,0.8256833
CCCCC/C=C\C/C=C\CCCCCCCCC(CCCCCCCC/C=C\C/C=C\CCCCC)OC(=O)CCCN(C)C,0.9566748
CCCCC(O)CN(CCCN(C)C)CC(O)CCCC,0.7507132
CCCCCCCCC(O)CN(CCCN(C)C)CC(O)CCCCCCCC,0.78105056
CCCCCCCCCCC(O)CN(CCCN(C)C)CC(O)CCCCCCCCCC,0.8295781
CCCCCCCCCCCCC(O)CN(CCCN(C)C)CC(O)CCCCCCCCCCCC,0.8584545
CCCCCC(=O)OC(CCCC)CN(CCCN(C)C)CC(CCCC)OC(=O)CCCCC,0.81914353
CCCCCCCC(=O)OC(CCCC)CN(CCCN(C)C)CC(CCCC)OC(=O)CCCCCCC,0.8709853
CCCCCCCCCCCCCC(=O)OC(CCCC)CN(CCCN(C)C)CC(CCCC)OC(=O)CCCCCCCCCCCCC,0.89937353
CCCCCCCCCCCCCC(=O)OC(CCCCCC)CN(CCCN(C)C)CC(CCCCCC)OC(=O)CCCCCCCCCCCCC,0.873984
CCCCCCCCC(CN(CCCN(C)C)CC(CCCCCCCC)OC(=O)CCCCC)OC(=O)CCCCC,0.8860042
CCCCCCCCC(CN(CCCN(C)C)CC(CCCCCCCC)OC(=O)CCCCCCC)OC(=O)CCCCCCC,0.8981246
CCCCCCCCCCCCCC(=O)OC(CCCCCCCC)CN(CCCN(C)C)CC(CCCCCCCC)OC(=O)CCCCCCCCCCCCC,0.83291024
CCCCCCCCCCC(CN(CCCN(C)C)CC(CCCCCCCCCC)OC(=O)CCCCCCCCC)OC(=O)CCCCCCCCC,0.8720484
CCCCCCCCCCCCCC(=O)OC(CCCCCCCCCC)CN(CCCN(C)C)CC(CCCCCCCCCC)OC(=O)CCCCCCCCCCCCC,0.8057665
CCCCCCCCCCCCC(CN(CCCN(C)C)CC(CCCCCCCCCCCC)OC(=O)CCCCC)OC(=O)CCCCC,0.9066256
CCCCCCCCCCCCC(CN(CCCN(C)C)CC(CCCCCCCCCCCC)OC(=O)CCCCCCC)OC(=O)CCCCCCC,0.873984
CCCCCCCCCCCCC(CN(CCCN(C)C)CC(CCCCCCCCCCCC)OC(=O)CCCCCCCCC)OC(=O)CCCCCCCCC,0.83291024
CCCCCCCCCCCCCC(=O)OC(CCCCCCCCCCCC)CN(CCCN(C)C)CC(CCCCCCCCCCCC)OC(=O)CCCCCCCCCCCCC,0.7690718
CCCCC/C=C\C/C=C\CCCCCCCCC(CCCCCCCC/C=C\C/C=C\CCCCC)OC(=O)CCCN(C)C,0.9334148
CCCCC(O)CN(CCCN(C)C)CC(O)CCCC,0.47665435
CCCCCCCCC(O)CN(CCCN(C)C)CC(O)CCCCCCCC,0.511289
CCCCCCCCCCC(O)CN(CCCN(C)C)CC(O)CCCCCCCCCC,0.64491415
CCCCCCCCCCCCC(O)CN(CCCN(C)C)CC(O)CCCCCCCCCCCC,0.6835897
CCCCCC(=O)OC(CCCC)CN(CCCN(C)C)CC(CCCC)OC(=O)CCCCC,0.57444084
CCCCCCCC(=O)OC(CCCC)CN(CCCN(C)C)CC(CCCC)OC(=O)CCCCCCC,0.7161255
CCCCCCCCCCCCCC(=O)OC(CCCC)CN(CCCN(C)C)CC(CCCC)OC(=O)CCCCCCCCCCCCC,0.7648737
CCCCCCCCCCCCCC(=O)OC(CCCCCC)CN(CCCN(C)C)CC(CCCCCC)OC(=O)CCCCCCCCCCCCC,0.74906045
CCCCCCCCC(CN(CCCN(C)C)CC(CCCCCCCC)OC(=O)CCCCC)OC(=O)CCCCC,0.7366271
CCCCCCCCC(CN(CCCN(C)C)CC(CCCCCCCC)OC(=O)CCCCCCC)OC(=O)CCCCCCC,0.7580457
CCCCCCCCCCCCCC(=O)OC(CCCCCCCC)CN(CCCN(C)C)CC(CCCCCCCC)OC(=O)CCCCCCCCCCCCC,0.6844308
CCCCCCCCCCC(CN(CCCN(C)C)CC(CCCCCCCCCC)OC(=O)CCCCCCCCC)OC(=O)CCCCCCCCC,0.7464285
CCCCCCCCCCCCCC(=O)OC(CCCCCCCCCC)CN(CCCN(C)C)CC(CCCCCCCCCC)OC(=O)CCCCCCCCCCCCC,0.613712
CCCCCCCCCCCCC(CN(CCCN(C)C)CC(CCCCCCCCCCCC)OC(=O)CCCCC)OC(=O)CCCCC,0.7737668
CCCCCCCCCCCCC(CN(CCCN(C)C)CC(CCCCCCCCCCCC)OC(=O)CCCCCCC)OC(=O)CCCCCCC,0.74906045
CCCCCCCCCCCCC(CN(CCCN(C)C)CC(CCCCCCCCCCCC)OC(=O)CCCCCCCCC)OC(=O)CCCCCCCCC,0.6844308
CCCCCCCCCCCCCC(=O)OC(CCCCCCCCCCCC)CN(CCCN(C)C)CC(CCCCCCCCCCCC)OC(=O)CCCCCCCCCCCCC,0.56998146
CCCCC/C=C\C/C=C\CCCCCCCCC(CCCCCCCC/C=C\C/C=C\CCCCC)OC(=O)CCCN(C)C,0.77447087
CCCCc1ccc(C#CCN(C)CC#Cc2ccc(CCCC)cc2)cc1,0.90495354
CCCC1CCC(c2ccc(C#CCN(C)CC#Cc3ccc(C4CCC(CCC)CC4)cc3)cc2)CC1,0.93076503
CCCCc1ccc(C#CCN(CC)CC#Cc2ccc(CCCC)cc2)cc1,0.90657765
CCCC1CCC(c2ccc(C#CCN(CC)CC#Cc3ccc(C4CCC(CCC)CC4)cc3)cc2)CC1,0.93291026
CCCCc1ccc(C#CCN(CC#Cc2ccc(CCCC)cc2)CCOC)cc1,0.90882444
CCCCCCc1ccc(C#CCN(CC#Cc2ccc(CCCCCC)cc2)CCOC)cc1,0.92846185
CCCC1CCC(c2ccc(C#CCN(CC#Cc3ccc(C4CCC(CCC)CC4)cc3)CCOC)cc2)CC1,0.9369635
CCCCc1ccc(C#CCN(CC#Cc2ccc(CCCC)cc2)CCO)cc1,0.9048916
CCCCCCc1ccc(C#CCN(CC#Cc2ccc(CCCCCC)cc2)CCO)cc1,0.9272207
CCCC1CCC(c2ccc(C#CCN(CC#Cc3ccc(C4CCC(CCC)CC4)cc3)CCO)cc2)CC1,0.93534064
CCCC1CCC(c2ccc(C#CCN(CC#Cc3ccc(C4CCC(CCC)CC4)cc3)c3ccccc3)cc2)CC1,0.9325764
CCCC1CCC(c2ccc(C#CCN(CC#Cc3ccc(C4CCC(CCC)CC4)cc3)C3CCC(O)CC3)cc2)CC1,0.93771815
CCCCc1ccc(C#CCN(CC#Cc2ccc(CCCC)cc2)CC(=O)OC)cc1,0.94280183
CCCCCCc1ccc(C#CCN(CC#Cc2ccc(CCCCCC)cc2)CC(=O)OC)cc1,0.93728334
CCCC1CCC(c2ccc(C#CCN(CC#Cc3ccc(C4CCC(CCC)CC4)cc3)CC(=O)OC)cc2)CC1,0.94648814
CCCCc1ccc(C#CCN(CC#Cc2ccc(CCCC)cc2)CCN(C)C)cc1,0.9304591
CCCC1CCC(c2ccc(C#CCN(CC#Cc3ccc(C4CCC(CCC)CC4)cc3)CCN(C)C)cc2)CC1,0.93052614
CCCCc1ccc(C#CCN(CC#Cc2ccc(CCCC)cc2)CCCN(C)C)cc1,0.90074635
CCCC1CCC(c2ccc(C#CCN(CC#Cc3ccc(C4CCC(CCC)CC4)cc3)CCCN(C)C)cc2)CC1,0.9126549
CCCCc1ccc(C#CCN(CC#Cc2ccc(CCCC)cc2)CCN(CC)CC)cc1,0.93214005
CCCCCCc1ccc(C#CCN(CC#Cc2ccc(CCCCCC)cc2)CCN(CC)CC)cc1,0.9252026
CCCC1CCC(c2ccc(C#CCN(CC#Cc3ccc(C4CCC(CCC)CC4)cc3)CCN(CC)CC)cc2)CC1,0.93404907
CCCCc1ccc(C#CCN(CC#Cc2ccc(CCCC)cc2)CCCN(CC)CC)cc1,0.9120632
CCCC1CCC(c2ccc(C#CCN(CC#Cc3ccc(C4CCC(CCC)CC4)cc3)CCCN(CC)CC)cc2)CC1,0.91993815
CCCC1CCC(c2ccc(C#CCN(CC#Cc3ccc(C4CCC(CCC)CC4)cc3)CCN3CCCC3)cc2)CC1,0.9392938
CCCC1CCC(c2ccc(C#CCN(CC#Cc3ccc(C4CCC(CCC)CC4)cc3)CCCN3CCCC3)cc2)CC1,0.9408162
CCCCc1ccc(C#CCN(CC#Cc2ccc(CCCC)cc2)CCCn2ccnc2)cc1,0.93005526
CCCCCCc1ccc(C#CCN(CC#Cc2ccc(CCCCCC)cc2)CCCn2ccnc2)cc1,0.92052275
CCCC1CCC(c2ccc(C#CCN(CC#Cc3ccc(C4CCC(CCC)CC4)cc3)CCCn3ccnc3)cc2)CC1,0.93191975
CCCCc1ccc(C#CCN(CC#Cc2ccc(CCCC)cc2)CCN2CCOCC2)cc1,0.9379636
CCCC1CCC(c2ccc(C#CCN(CC#Cc3ccc(C4CCC(CCC)CC4)cc3)CCN3CCOCC3)cc2)CC1,0.9370384
CCCC1CCC(c2ccc(C#CCN(CC#Cc3ccc(C4CCC(CCC)CC4)cc3)CCN3CCCCC3)cc2)CC1,0.9392938
CCCCc1ccc(C#CCN(CC#Cc2ccc(CCCC)cc2)CCN2CCN(C)CC2)cc1,0.94064224
CCCC1CCC(c2ccc(C#CCN(CC#Cc3ccc(C4CCC(CCC)CC4)cc3)CCN3CCN(C)CC3)cc2)CC1,0.94037604
CCCCc1ccc(C#CCN2CCN(CC#Cc3ccc(CCCC)cc3)CC2)cc1,0.92346734
CCCCCCc1ccc(C#CCN2CCN(CC#Cc3ccc(CCCCCC)cc3)CC2)cc1,0.93095976
CCCC1CCC(c2ccc(C#CCN3CCN(CC#Cc4ccc(C5CCC(CCC)CC5)cc4)CC3)cc2)CC1,0.93886185
CCCCc1ccc(C#CCN(C)CCCN(C)CC#Cc2ccc(CCCC)cc2)cc1,0.91320276
CCCCCCc1ccc(C#CCN(C)CCCN(C)CC#Cc2ccc(CCCCCC)cc2)cc1,0.9131957
CCCC1CCC(c2ccc(C#CCN(C)CCCN(C)CC#Cc3ccc(C4CCC(CCC)CC4)cc3)cc2)CC1,0.9222903
CCCCc1ccc(C#CCN(CC)CCN(CC)CC#Cc2ccc(CCCC)cc2)cc1,0.9336431
CCCC1CCC(c2ccc(C#CCN(CC)CCN(CC)CC#Cc3ccc(C4CCC(CCC)CC4)cc3)cc2)CC1,0.9359233
CCCCc1ccc(C#CCN(C)CCCN(C)CCCN(C)CC#Cc2ccc(CCCC)cc2)cc1,0.90523076
CCCCCCc1ccc(C#CCN(C)CCCN(C)CCCN(C)CC#Cc2ccc(CCCCCC)cc2)cc1,0.90649533
CCCC1CCC(c2ccc(C#CCN(C)CCCN(C)CCCN(C)CC#Cc3ccc(C4CCC(CCC)CC4)cc3)cc2)CC1,0.9034278
CCCCc1ccc(C#CCN(CC#Cc2ccc(CCCC)cc2)CCN(CC#Cc2ccc(CCCC)cc2)CC#Cc2ccc(CCCC)cc2)cc1,0.9283164
CCCCCCc1ccc(C#CCN(CC#Cc2ccc(CCCCCC)cc2)CCN(CC#Cc2ccc(CCCCCC)cc2)CC#Cc2ccc(CCCCCC)cc2)cc1,0.9238895
CCCC1CCC(c2ccc(C#CCN(CC#Cc3ccc(C4CCC(CCC)CC4)cc3)CCN(CC#Cc3ccc(C4CCC(CCC)CC4)cc3)CC#Cc3ccc(C4CCC(CCC)CC4)cc3)cc2)CC1,0.92799747
CCCCc1ccc(C#CCN(CC#Cc2ccc(CCCC)cc2)CCCN(CC#Cc2ccc(CCCC)cc2)CC#Cc2ccc(CCCC)cc2)cc1,0.9144082
CCCCCCc1ccc(C#CCN(CC#Cc2ccc(CCCCCC)cc2)CCCN(CC#Cc2ccc(CCCCCC)cc2)CC#Cc2ccc(CCCCCC)cc2)cc1,0.90870094
CCCC1CCC(c2ccc(C#CCN(CC#Cc3ccc(C4CCC(CCC)CC4)cc3)CCCN(CC#Cc3ccc(C4CCC(CCC)CC4)cc3)CC#Cc3ccc(C4CCC(CCC)CC4)cc3)cc2)CC1,0.91423625
CCCCc1ccc(C#CCN(CC#Cc2ccc(CCCC)cc2)CCOCCOCCN(CC#Cc2ccc(CCCC)cc2)CC#Cc2ccc(CCCC)cc2)cc1,0.93133634
CCCCCCc1ccc(C#CCN(CC#Cc2ccc(CCCCCC)cc2)CCOCCOCCN(CC#Cc2ccc(CCCCCC)cc2)CC#Cc2ccc(CCCCCC)cc2)cc1,0.92539096
CCCC1CCC(c2ccc(C#CCN(CC#Cc3ccc(C4CCC(CCC)CC4)cc3)CCOCCOCCN(CC#Cc3ccc(C4CCC(CCC)CC4)cc3)CC#Cc3ccc(C4CCC(CCC)CC4)cc3)cc2)CC1,0.92970777
CCCCc1ccc(C#CCN(CC#Cc2ccc(CCCC)cc2)CCN(C)CCN(CC#Cc2ccc(CCCC)cc2)CC#Cc2ccc(CCCC)cc2)cc1,0.9313795
CCCC1CCC(c2ccc(C#CCN(CC#Cc3ccc(C4CCC(CCC)CC4)cc3)CCN(C)CCN(CC#Cc3ccc(C4CCC(CCC)CC4)cc3)CC#Cc3ccc(C4CCC(CCC)CC4)cc3)cc2)CC1,0.9290849
CCCCc1ccc(C#CCN(CC#Cc2ccc(CCCC)cc2)CCCN(C)CCCN(CC#Cc2ccc(CCCC)cc2)CC#Cc2ccc(CCCC)cc2)cc1,0.8973015
CCCC1CCC(c2ccc(C#CCN(CC#Cc3ccc(C4CCC(CCC)CC4)cc3)CCCN(C)CCCN(CC#Cc3ccc(C4CCC(CCC)CC4)cc3)CC#Cc3ccc(C4CCC(CCC)CC4)cc3)cc2)CC1,0.8940991
CCCCCCc1ccc(C#CCC(CC#Cc2ccc(CCCCCC)cc2)CCN(CCN(CC#Cc2ccc(CCCCCC)cc2)CC#Cc2ccc(CCCCCC)cc2)CCN(CC#Cc2ccc(CCCCCC)cc2)CC#Cc2ccc(CCCCCC)cc2)cc1,0.9192854
CCCC1CCC(c2ccc(C#CCC(CC#Cc3ccc(C4CCC(CCC)CC4)cc3)CCN(CCN(CC#Cc3ccc(C4CCC(CCC)CC4)cc3)CC#Cc3ccc(C4CCC(CCC)CC4)cc3)CCN(CC#Cc3ccc(C4CCC(CCC)CC4)cc3)CC#Cc3ccc(C4CCC(CCC)CC4)cc3)cc2)CC1,0.92234516
CCCCc1ccc(C#CCN(CC#Cc2ccc(CCCC)cc2)CCCN2CCN(CCCN(CC#Cc3ccc(CCCC)cc3)CC#Cc3ccc(CCCC)cc3)CC2)cc1,0.9265027
CCCC1CCC(c2ccc(C#CCN(CC#Cc3ccc(C4CCC(CCC)CC4)cc3)CCCN3CCN(CCCN(CC#Cc4ccc(C5CCC(CCC)CC5)cc4)CC#Cc4ccc(C5CCC(CCC)CC5)cc4)CC3)cc2)CC1,0.92507714
CCCCCCCCN(CCCCCCCC)CCCCC(NC(C)=O)C(N)=O,0.7023502
CCCCCCCCCCCCCCN(CCCCCCCCCCCCCC)CCCCC(NC(C)=O)C(N)=O,0.6580089
CCCCCCCCCCCCCCCCN(CCCCCCCCCCCCCCCC)CCCCC(NC(C)=O)C(N)=O,0.33249256
CCCCCCCCCCCCCCCCCCN(CCCCCCCCCCCCCCCCCC)CCCCC(NC(C)=O)C(N)=O,0.7061434
CCCCCCCCCCCCN(CCCCCCCCCCCC)CCCC(NC(C)=O)C(N)=O,0.8694816
CCCCCCCCCCCCN(CCCCCCCCCCCC)CCC(NC(C)=O)C(N)=O,0.87115437
CCCCCCCCCCCCN(CCCCCCCCCCCC)CC(NC(C)=O)C(N)=O,0.86473376
CCCCCCCCC(O)CN(CCCCC(NC(C)=O)C(N)=O)CC(O)CCCCCCCC,0.86549056
CCCCCCCCCCC(O)CN(CCCCC(NC(C)=O)C(N)=O)CC(O)CCCCCCCCCC,0.88050026
CCCCCCCCCCCCC(O)CN(CCCCC(NC(C)=O)C(N)=O)CC(O)CCCCCCCCCCCC,0.8574089
CCCCCCN(CCCCCC)CCCCC(NC(=O)C(CCCCN(CCCCCC)CCCCCC)NC(C)=O)C(N)=O,0.63715255
CCCCCCCCCCN(CCCCCCCCCC)CCCCC(NC(=O)C(CCCCN(CCCCCCCCCC)CCCCCCCCCC)NC(C)=O)C(N)=O,0.31495044
CCCCCCCCCCCCN(CCCCCCCCCCCC)CCCCC(NC(=O)C(CCCCN(CCCCCCCCCCCC)CCCCCCCCCCCC)NC(C)=O)C(N)=O,0.64859617
CCCCCCCCCCCCCCN(CCCCCCCCCCCCCC)CCCCC(NC(=O)C(CCCCN(CCCCCCCCCCCCCC)CCCCCCCCCCCCCC)NC(C)=O)C(N)=O,0.72214603
CCCCCCCCCCCCCCCCN(CCCCCCCCCCCCCCCC)CCCCC(NC(=O)C(CCCCN(CCCCCCCCCCCCCCCC)CCCCCCCCCCCCCCCC)NC(C)=O)C(N)=O,0.7502081
CCCCCCCCCCCCCCCCCCN(CCCCCCCCCCCCCCCCCC)CCCCC(NC(=O)C(CCCCN(CCCCCCCCCCCCCCCCCC)CCCCCCCCCCCCCCCCCC)NC(C)=O)C(N)=O,0.8220914
CCCCCCCCCCCCN(CCCCCCCCCCCC)CCCC(NC(=O)C(CCCN(CCCCCCCCCCCC)CCCCCCCCCCCC)NC(C)=O)C(N)=O,0.74633926
CCCCCCCCCCCCN(CCCCCCCCCCCC)CCC(NC(=O)C(CCN(CCCCCCCCCCCC)CCCCCCCCCCCC)NC(C)=O)C(N)=O,0.68963236
CCCCCCCCCCCCN(CCCCCCCCCCCC)CC(NC(=O)C(CN(CCCCCCCCCCCC)CCCCCCCCCCCC)NC(C)=O)C(N)=O,0.6486213
CCCCCCCCC(O)CN(CCCCC(NC(=O)C(CCCCN(CC(O)CCCCCCCC)CC(O)CCCCCCCC)NC(C)=O)C(N)=O)CC(O)CCCCCCCC,0.8567934
CCCCCCCCCCC(O)CN(CCCCC(NC(=O)C(CCCCN(CC(O)CCCCCCCCCC)CC(O)CCCCCCCCCC)NC(C)=O)C(N)=O)CC(O)CCCCCCCCCC,0.7196927
CCCCCCCCCCCCC(O)CN(CCCCC(NC(=O)C(CCCCN(CC(O)CCCCCCCCCCCC)CC(O)CCCCCCCCCCCC)NC(C)=O)C(N)=O)CC(O)CCCCCCCCCCCC,0.7840205
CCCCCCCCCCCCOC(=O)CCN(CCCCC(NC(=O)C(CCCCN(CCC(=O)OCCCCCCCCCCCC)CCC(=O)OCCCCCCCCCCCC)NC(C)=O)C(N)=O)CCC(=O)OCCCCCCCCCCCC,0.801124
CCCCCCN(CCCCCC)CCCCC(NC(=O)C(CCCCN(CCCCCC)CCCCCC)NC(=O)C(CCCCN(CCCCCC)CCCCCC)NC(C)=O)C(N)=O,0.6752126
CCCCCCCCN(CCCCCCCC)CCCCC(NC(=O)C(CCCCN(CCCCCCCC)CCCCCCCC)NC(=O)C(CCCCN(CCCCCCCC)CCCCCCCC)NC(C)=O)C(N)=O,0.38253927
CCCCCCCCCCCCN(CCCCCCCCCCCC)CCCCC(NC(=O)C(CCCCN(CCCCCCCCCCCC)CCCCCCCCCCCC)NC(=O)C(CCCCN(CCCCCCCCCCCC)CCCCCCCCCCCC)NC(C)=O)C(N)=O,0.41984484
CCCCCCCCCCCCCCN(CCCCCCCCCCCCCC)CCCCC(NC(=O)C(CCCCN(CCCCCCCCCCCCCC)CCCCCCCCCCCCCC)NC(=O)C(CCCCN(CCCCCCCCCCCCCC)CCCCCCCCCCCCCC)NC(C)=O)C(N)=O,0.53042525
CCCCCCCCCCCCCCCCN(CCCCCCCCCCCCCCCC)CCCCC(NC(=O)C(CCCCN(CCCCCCCCCCCCCCCC)CCCCCCCCCCCCCCCC)NC(=O)C(CCCCN(CCCCCCCCCCCCCCCC)CCCCCCCCCCCCCCCC)NC(C)=O)C(N)=O,0.6202946
CCCCCCCCCCCCCCCCCCN(CCCCCCCCCCCCCCCCCC)CCCCC(NC(=O)C(CCCCN(CCCCCCCCCCCCCCCCCC)CCCCCCCCCCCCCCCCCC)NC(=O)C(CCCCN(CCCCCCCCCCCCCCCCCC)CCCCCCCCCCCCCCCCCC)NC(C)=O)C(N)=O,0.75693583
CCCCCCCCCCCCN(CCCCCCCCCCCC)CCCC(NC(=O)C(CCCN(CCCCCCCCCCCC)CCCCCCCCCCCC)NC(=O)C(CCCN(CCCCCCCCCCCC)CCCCCCCCCCCC)NC(C)=O)C(N)=O,0.70007956
CCCCCCCCCCCCN(CCCCCCCCCCCC)CCC(NC(=O)C(CCN(CCCCCCCCCCCC)CCCCCCCCCCCC)NC(=O)C(CCN(CCCCCCCCCCCC)CCCCCCCCCCCC)NC(C)=O)C(N)=O,0.7117961
CCCCCCCCCCCCN(CCCCCCCCCCCC)CC(NC(=O)C(CN(CCCCCCCCCCCC)CCCCCCCCCCCC)NC(=O)C(CN(CCCCCCCCCCCC)CCCCCCCCCCCC)NC(C)=O)C(N)=O,0.5272799
CCCCCCCCC(O)CN(CCCCC(NC(=O)C(CCCCN(CC(O)CCCCCCCC)CC(O)CCCCCCCC)NC(=O)C(CCCCN(CC(O)CCCCCCCC)CC(O)CCCCCCCC)NC(C)=O)C(N)=O)CC(O)CCCCCCCC,0.6280868
CCCCCCCCCCC(O)CN(CCCCC(NC(=O)C(CCCCN(CC(O)CCCCCCCCCC)CC(O)CCCCCCCCCC)NC(=O)C(CCCCN(CC(O)CCCCCCCCCC)CC(O)CCCCCCCCCC)NC(C)=O)C(N)=O)CC(O)CCCCCCCCCC,0.5308877
CCCCCCN(CCCCCC)CCCCC(NC(=O)C(CCCCN(CCCCCC)CCCCCC)NC(=O)C(CCCCN(CCCCCC)CCCCCC)NC(=O)C(CCCCN(CCCCCC)CCCCCC)NC(C)=O)C(N)=O,0.76286685
CCCCCCCCN(CCCCCCCC)CCCCC(NC(=O)C(CCCCN(CCCCCCCC)CCCCCCCC)NC(=O)C(CCCCN(CCCCCCCC)CCCCCCCC)NC(=O)C(CCCCN(CCCCCCCC)CCCCCCCC)NC(C)=O)C(N)=O,0.54230094
CCCCCCCCCCN(CCCCCCCCCC)CCCCC(NC(=O)C(CCCCN(CCCCCCCCCC)CCCCCCCCCC)NC(=O)C(CCCCN(CCCCCCCCCC)CCCCCCCCCC)NC(=O)C(CCCCN(CCCCCCCCCC)CCCCCCCCCC)NC(C)=O)C(N)=O,0.5014618
CCCCCCCCCCCCN(CCCCCCCCCCCC)CCCCC(NC(=O)C(CCCCN(CCCCCCCCCCCC)CCCCCCCCCCCC)NC(=O)C(CCCCN(CCCCCCCCCCCC)CCCCCCCCCCCC)NC(=O)C(CCCCN(CCCCCCCCCCCC)CCCCCCCCCCCC)NC(C)=O)C(N)=O,0.45955405
CCCCCCCCCCCCCCN(CCCCCCCCCCCCCC)CCCCC(NC(=O)C(CCCCN(CCCCCCCCCCCCCC)CCCCCCCCCCCCCC)NC(=O)C(CCCCN(CCCCCCCCCCCCCC)CCCCCCCCCCCCCC)NC(=O)C(CCCCN(CCCCCCCCCCCCCC)CCCCCCCCCCCCCC)NC(C)=O)C(N)=O,0.5284149
CCCCCCCCCCCCCCCCN(CCCCCCCCCCCCCCCC)CCCCC(NC(=O)C(CCCCN(CCCCCCCCCCCCCCCC)CCCCCCCCCCCCCCCC)NC(=O)C(CCCCN(CCCCCCCCCCCCCCCC)CCCCCCCCCCCCCCCC)NC(=O)C(CCCCN(CCCCCCCCCCCCCCCC)CCCCCCCCCCCCCCCC)NC(C)=O)C(N)=O,0.80252683
CCCCCCCCCCCCCCCCCCN(CCCCCCCCCCCCCCCCCC)CCCCC(NC(=O)C(CCCCN(CCCCCCCCCCCCCCCCCC)CCCCCCCCCCCCCCCCCC)NC(=O)C(CCCCN(CCCCCCCCCCCCCCCCCC)CCCCCCCCCCCCCCCCCC)NC(=O)C(CCCCN(CCCCCCCCCCCCCCCCCC)CCCCCCCCCCCCCCCCCC)NC(C)=O)C(N)=O,0.8378326
CCCCCCCCCCCCN(CCCCCCCCCCCC)CCCC(NC(=O)C(CCCN(CCCCCCCCCCCC)CCCCCCCCCCCC)NC(=O)C(CCCN(CCCCCCCCCCCC)CCCCCCCCCCCC)NC(=O)C(CCCN(CCCCCCCCCCCC)CCCCCCCCCCCC)NC(C)=O)C(N)=O,0.7615342
CCCCCCCCCCCCN(CCCCCCCCCCCC)CCC(NC(=O)C(CCN(CCCCCCCCCCCC)CCCCCCCCCCCC)NC(=O)C(CCN(CCCCCCCCCCCC)CCCCCCCCCCCC)NC(=O)C(CCN(CCCCCCCCCCCC)CCCCCCCCCCCC)NC(C)=O)C(N)=O,0.8181442
CCCCCCCCCCCCN(CCCCCCCCCCCC)CC(NC(=O)C(CN(CCCCCCCCCCCC)CCCCCCCCCCCC)NC(=O)C(CN(CCCCCCCCCCCC)CCCCCCCCCCCC)NC(=O)C(CN(CCCCCCCCCCCC)CCCCCCCCCCCC)NC(C)=O)C(N)=O,0.74845606
CCCCCCCCC(O)CN(CCCCC(NC(=O)C(CCCCN(CC(O)CCCCCCCC)CC(O)CCCCCCCC)NC(=O)C(CCCCN(CC(O)CCCCCCCC)CC(O)CCCCCCCC)NC(=O)C(CCCCN(CC(O)CCCCCCCC)CC(O)CCCCCCCC)NC(C)=O)C(N)=O)CC(O)CCCCCCCC,0.5317539
CCCCCCCCCCCCC(O)CN(CCCCC(NC(=O)C(CCCCN(CC(O)CCCCCCCCCCCC)CC(O)CCCCCCCCCCCC)NC(=O)C(CCCCN(CC(O)CCCCCCCCCCCC)CC(O)CCCCCCCCCCCC)NC(=O)C(CCCCN(CC(O)CCCCCCCCCCCC)CC(O)CCCCCCCCCCCC)NC(C)=O)C(N)=O)CC(O)CCCCCCCCCCCC,0.35149783
CCCCCCCCCCCC(=O)NCCN(CCCCC(NC(=O)C(CCCCN(CCNC(=O)CCCCCCCCCCC)CCNC(=O)CCCCCCCCCCC)NC(=O)C(CCCCN(CCNC(=O)CCCCCCCCCCC)CCNC(=O)CCCCCCCCCCC)NC(=O)C(CCCCN(CCNC(=O)CCCCCCCCCCC)CCNC(=O)CCCCCCCCCCC)NC(C)=O)C(N)=O)CCNC(=O)CCCCCCCCCCC,0.43553123
CCCCCCCCCCCCOC(=O)CCN(CCCCC(NC(=O)C(CCCCN(CCC(=O)OCCCCCCCCCCCC)CCC(=O)OCCCCCCCCCCCC)NC(=O)C(CCCCN(CCC(=O)OCCCCCCCCCCCC)CCC(=O)OCCCCCCCCCCCC)NC(=O)C(CCCCN(CCC(=O)OCCCCCCCCCCCC)CCC(=O)OCCCCCCCCCCCC)NC(C)=O)C(N)=O)CCC(=O)OCCCCCCCCCCCC,0.72900856
CCCCCCN(CCCCCC)CCCCC(NC(=O)C(CCCCN(CCCCCC)CCCCCC)NC(=O)C(CCCCN(CCCCCC)CCCCCC)NC(=O)C(CCCCN(CCCCCC)CCCCCC)NC(=O)C(CCCCN(CCCCCC)CCCCCC)NC(C)=O)C(N)=O,0.68814373
CCCCCCCCCCN(CCCCCCCCCC)CCCCC(NC(=O)C(CCCCN(CCCCCCCCCC)CCCCCCCCCC)NC(=O)C(CCCCN(CCCCCCCCCC)CCCCCCCCCC)NC(=O)C(CCCCN(CCCCCCCCCC)CCCCCCCCCC)NC(=O)C(CCCCN(CCCCCCCCCC)CCCCCCCCCC)NC(C)=O)C(N)=O,0.39487
CCCCCCCCCCCCCCN(CCCCCCCCCCCCCC)CCCCC(NC(=O)C(CCCCN(CCCCCCCCCCCCCC)CCCCCCCCCCCCCC)NC(=O)C(CCCCN(CCCCCCCCCCCCCC)CCCCCCCCCCCCCC)NC(=O)C(CCCCN(CCCCCCCCCCCCCC)CCCCCCCCCCCCCC)NC(=O)C(CCCCN(CCCCCCCCCCCCCC)CCCCCCCCCCCCCC)NC(C)=O)C(N)=O,0.7814855
CCCCCCCCCCCCCCCCN(CCCCCCCCCCCCCCCC)CCCCC(NC(=O)C(CCCCN(CCCCCCCCCCCCCCCC)CCCCCCCCCCCCCCCC)NC(=O)C(CCCCN(CCCCCCCCCCCCCCCC)CCCCCCCCCCCCCCCC)NC(=O)C(CCCCN(CCCCCCCCCCCCCCCC)CCCCCCCCCCCCCCCC)NC(=O)C(CCCCN(CCCCCCCCCCCCCCCC)CCCCCCCCCCCCCCCC)NC(C)=O)C(N)=O,0.8435516
CCCCCCCCCCCCCCCCCCN(CCCCCCCCCCCCCCCCCC)CCCCC(NC(=O)C(CCCCN(CCCCCCCCCCCCCCCCCC)CCCCCCCCCCCCCCCCCC)NC(=O)C(CCCCN(CCCCCCCCCCCCCCCCCC)CCCCCCCCCCCCCCCCCC)NC(=O)C(CCCCN(CCCCCCCCCCCCCCCCCC)CCCCCCCCCCCCCCCCCC)NC(=O)C(CCCCN(CCCCCCCCCCCCCCCCCC)CCCCCCCCCCCCCCCCCC)NC(C)=O)C(N)=O,0.8495499
CCCCCCCCCCCCN(CCCCCCCCCCCC)CCCC(NC(=O)C(CCCN(CCCCCCCCCCCC)CCCCCCCCCCCC)NC(=O)C(CCCN(CCCCCCCCCCCC)CCCCCCCCCCCC)NC(=O)C(CCCN(CCCCCCCCCCCC)CCCCCCCCCCCC)NC(=O)C(CCCN(CCCCCCCCCCCC)CCCCCCCCCCCC)NC(C)=O)C(N)=O,0.82478505
CCCCCCCCCCCCN(CCCCCCCCCCCC)CCC(NC(=O)C(CCN(CCCCCCCCCCCC)CCCCCCCCCCCC)NC(=O)C(CCN(CCCCCCCCCCCC)CCCCCCCCCCCC)NC(=O)C(CCN(CCCCCCCCCCCC)CCCCCCCCCCCC)NC(=O)C(CCN(CCCCCCCCCCCC)CCCCCCCCCCCC)NC(C)=O)C(N)=O,0.8648277
CCCCCCCCCCCCN(CCCCCCCCCCCC)CC(NC(=O)C(CN(CCCCCCCCCCCC)CCCCCCCCCCCC)NC(=O)C(CN(CCCCCCCCCCCC)CCCCCCCCCCCC)NC(=O)C(CN(CCCCCCCCCCCC)CCCCCCCCCCCC)NC(=O)C(CN(CCCCCCCCCCCC)CCCCCCCCCCCC)NC(C)=O)C(N)=O,0.80448675
CCCCCCCCCCCCC(O)CN(CCCCC(NC(=O)C(CCCCN(CC(O)CCCCCCCCCCCC)CC(O)CCCCCCCCCCCC)NC(=O)C(CCCCN(CC(O)CCCCCCCCCCCC)CC(O)CCCCCCCCCCCC)NC(=O)C(CCCCN(CC(O)CCCCCCCCCCCC)CC(O)CCCCCCCCCCCC)NC(=O)C(CCCCN(CC(O)CCCCCCCCCCCC)CC(O)CCCCCCCCCCCC)NC(C)=O)C(N)=O)CC(O)CCCCCCCCCCCC,0.4173313
CCCCCCCCCCCC(=O)NCCN(CCCCC(NC(=O)C(CCCCN(CCNC(=O)CCCCCCCCCCC)CCNC(=O)CCCCCCCCCCC)NC(=O)C(CCCCN(CCNC(=O)CCCCCCCCCCC)CCNC(=O)CCCCCCCCCCC)NC(=O)C(CCCCN(CCNC(=O)CCCCCCCCCCC)CCNC(=O)CCCCCCCCCCC)NC(=O)C(CCCCN(CCNC(=O)CCCCCCCCCCC)CCNC(=O)CCCCCCCCCCC)NC(C)=O)C(N)=O)CCNC(=O)CCCCCCCCCCC,0.6886907
CCCCNCCOP(=O)(O)OCCCC,0.8678729
CCCCCOP(=O)(O)OCCNCCCC,0.8678729
CCCCCCOP(=O)(O)OCCNCCCC,0.8686686
CCCCCCCOP(=O)(O)OCCNCCCC,0.868441
CCCCCCCCOP(=O)(O)OCCNCCCC,0.868441
CCCCCCCCCOP(=O)(O)OCCNCCCC,0.8683598
CCCCCCCCCCOP(=O)(O)OCCNCCCC,0.86805487
CCCCCCCCCCCOP(=O)(O)OCCNCCCC,0.8718515
CCCCCCCCCCCCOP(=O)(O)OCCNCCCC,0.87074906
CCCCCCCCCCCCCOP(=O)(O)OCCNCCCC,0.87074906
CCCCCCCCCCCCCCOP(=O)(O)OCCNCCCC,0.87029177
CCCCCCCCCCCCCCCOP(=O)(O)OCCNCCCC,0.8777664
CCCCCCCCCCCCCCCCOP(=O)(O)OCCNCCCC,0.8968237
CCCCCCNCCOP(=O)(O)OCCCC,0.86834055
CCCCCCNCCOP(=O)(O)OCCCCC,0.8681129
CCCCCCNCCOP(=O)(O)OCCCCCC,0.8681129
CCCCCCCOP(=O)(O)OCCNCCCCCC,0.86803174
CCCCCCCCOP(=O)(O)OCCNCCCCCC,0.867885
CCCCCCCCCOP(=O)(O)OCCNCCCCCC,0.8728905
CCCCCCCCCCOP(=O)(O)OCCNCCCCCC,0.87183034
CCCCCCCCCCCOP(=O)(O)OCCNCCCCCC,0.8706215
CCCCCCCCCCCCOP(=O)(O)OCCNCCCCCC,0.87029874
CCCCCCCCCCCCCOP(=O)(O)OCCNCCCCCC,0.8721921
CCCCCCCCCCCCCCOP(=O)(O)OCCNCCCCCC,0.8924972
CCCCCCCCCCCCCCCOP(=O)(O)OCCNCCCCCC,0.90842825
CCCCCCCCCCCCCCCCOP(=O)(O)OCCNCCCCCC,0.89965796
CCCCCCCCNCCOP(=O)(O)OCCCC,0.8681129
CCCCCCCCNCCOP(=O)(O)OCCCCC,0.86803174
CCCCCCCCNCCOP(=O)(O)OCCCCCC,0.867885
CCCCCCCCNCCOP(=O)(O)OCCCCCCC,0.8728905
CCCCCCCCNCCOP(=O)(O)OCCCCCCCC,0.87183034
CCCCCCCCCOP(=O)(O)OCCNCCCCCCCC,0.87183034
CCCCCCCCCCOP(=O)(O)OCCNCCCCCCCC,0.87143344
CCCCCCCCCCCOP(=O)(O)OCCNCCCCCCCC,0.87211794
CCCCCCCCCCCCOP(=O)(O)OCCNCCCCCCCC,0.89255756
CCCCCCCCCCCCCOP(=O)(O)OCCNCCCCCCCC,0.9029074
CCCCCCCCCCCCCCOP(=O)(O)OCCNCCCCCCCC,0.8971448
CCCCCCCCCCCCCCCOP(=O)(O)OCCNCCCCCCCC,0.90378726
CCCCCCCCCCCCCCCCOP(=O)(O)OCCNCCCCCCCC,0.90071917
CCCCCCCCCCNCCOP(=O)(O)OCCCC,0.867885
CCCCCCCCCCNCCOP(=O)(O)OCCCCC,0.8728905
CCCCCCCCCCNCCOP(=O)(O)OCCCCCC,0.87183034
CCCCCCCCCCNCCOP(=O)(O)OCCCCCCC,0.87183034
CCCCCCCCCCNCCOP(=O)(O)OCCCCCCCC,0.87143344
CCCCCCCCCCNCCOP(=O)(O)OCCCCCCCCC,0.8733268
CCCCCCCCCCNCCOP(=O)(O)OCCCCCCCCCC,0.8934603
CCCCCCCCCCCOP(=O)(O)OCCNCCCCCCCCCC,0.90260124
CCCCCCCCCCCCOP(=O)(O)OCCNCCCCCCCCCC,0.8970051
CCCCCCCCCCCCCOP(=O)(O)OCCNCCCCCCCCCC,0.8980663
CCCCCCCCCCCCCCOP(=O)(O)OCCNCCCCCCCCCC,0.898206
CCCCCCCCCCCCCCCOP(=O)(O)OCCNCCCCCCCCCC,0.90596443
CCCCCCCCCCCCCCCCOP(=O)(O)OCCNCCCCCCCCCC,0.9290972
CCCCCCCCCCCCNCCOP(=O)(O)OCCCC,0.87183034
CCCCCCCCCCCCNCCOP(=O)(O)OCCCCC,0.87183034
CCCCCCCCCCCCNCCOP(=O)(O)OCCCCCC,0.87143344
CCCCCCCCCCCCNCCOP(=O)(O)OCCCCCCC,0.8733268
CCCCCCCCCCCCNCCOP(=O)(O)OCCCCCCCC,0.8934603
CCCCCCCCCCCCNCCOP(=O)(O)OCCCCCCCCC,0.9038101
CCCCCCCCCCCCNCCOP(=O)(O)OCCCCCCCCCC,0.89704007
CCCCCCCCCCCCNCCOP(=O)(O)OCCCCCCCCCCC,0.89776015
CCCCCCCCCCCCNCCOP(=O)(O)OCCCCCCCCCCCC,0.8980663
CCCCCCCCCCCCCOP(=O)(O)OCCNCCCCCCCCCCCC,0.90024346
CCCCCCCCCCCCCCOP(=O)(O)OCCNCCCCCCCCCCCC,0.926584
CCCCCCCCCCCCCCCOP(=O)(O)OCCNCCCCCCCCCCCC,0.9326562
CCCCCCCCCCCCCCCCOP(=O)(O)OCCNCCCCCCCCCCCC,0.92624104
CCCCCCCCCCCCCCNCCOP(=O)(O)OCCCC,0.87143344
CCCCCCCCCCCCCCNCCOP(=O)(O)OCCCCC,0.8733268
CCCCCCCCCCCCCCNCCOP(=O)(O)OCCCCCC,0.8934603
CCCCCCCCCCCCCCNCCOP(=O)(O)OCCCCCCC,0.9038101
CCCCCCCCCCCCCCNCCOP(=O)(O)OCCCCCCCC,0.89704007
CCCCCCCCCCCCCCNCCOP(=O)(O)OCCCCCCCCC,0.8981013
CCCCCCCCCCCCCCNCCOP(=O)(O)OCCCCCCCCCC,0.89790076
CCCCCCCCCCCCCCNCCOP(=O)(O)OCCCCCCCCCCC,0.89993733
CCCCCCCCCCCCCCNCCOP(=O)(O)OCCCCCCCCCCCC,0.9264443
CCCCCCCCCCCCCCNCCOP(=O)(O)OCCCCCCCCCCCCC,0.92693526
CCCCCCCCCCCCCCNCCOP(=O)(O)OCCCCCCCCCCCCCC,0.9222513
CCCCCCCCCCCCCCCOP(=O)(O)OCCNCCCCCCCCCCCCCC,0.932101
CCCCCCCCCCCCCCCCOP(=O)(O)OCCNCCCCCCCCCCCCCC,0.9290621
CCCCCOP(=O)(O)OCCNCCOCCOCCNCCOP(=O)(O)OCCCCC,0.9385558
CCCCCCOP(=O)(O)OCCNCCOCCOCCNCCOP(=O)(O)OCCCCCC,0.94183767
CCCCCCCOP(=O)(O)OCCNCCOCCOCCNCCOP(=O)(O)OCCCCCCC,0.9416529
CCCCCCCCOP(=O)(O)OCCNCCOCCOCCNCCOP(=O)(O)OCCCCCCCC,0.9416529
CCCCCCCCCOP(=O)(O)OCCNCCOCCOCCNCCOP(=O)(O)OCCCCCCCCC,0.941849
CCCCCCCCCCOP(=O)(O)OCCNCCOCCOCCNCCOP(=O)(O)OCCCCCCCCCC,0.9375989
CCCCCCCCCCCOP(=O)(O)OCCNCCOCCOCCNCCOP(=O)(O)OCCCCCCCCCCC,0.9271589
CCCCCCCCCCCCOP(=O)(O)OCCNCCOCCOCCNCCOP(=O)(O)OCCCCCCCCCCCC,0.93306005
CCCCCCCCCCCCCOP(=O)(O)OCCNCCOCCOCCNCCOP(=O)(O)OCCCCCCCCCCCCC,0.937154
CCCCCCCCCCCCCCOP(=O)(O)OCCNCCOCCOCCNCCOP(=O)(O)OCCCCCCCCCCCCCC,0.9414693
CCCCCCCCCCCCCCCOP(=O)(O)OCCNCCOCCOCCNCCOP(=O)(O)OCCCCCCCCCCCCCCC,0.9516884
CCCCCCCCCCCCCCCCOP(=O)(O)OCCNCCOCCOCCNCCOP(=O)(O)OCCCCCCCCCCCCCCCC,0.9436492
CCCCOP(=O)(O)OCCNCCN1CCN(CCOP(=O)(O)OCCCC)CC1,0.9035544
CCCCCOP(=O)(O)OCCNCCN1CCN(CCOP(=O)(O)OCCCCC)CC1,0.9257638
CCCCCCOP(=O)(O)OCCNCCN1CCN(CCOP(=O)(O)OCCCCCC)CC1,0.9275635
CCCCCCCOP(=O)(O)OCCNCCN1CCN(CCOP(=O)(O)OCCCCCCC)CC1,0.92903244
CCCCCCCCOP(=O)(O)OCCNCCN1CCN(CCOP(=O)(O)OCCCCCCCC)CC1,0.9294239
CCCCCCCCCOP(=O)(O)OCCNCCN1CCN(CCOP(=O)(O)OCCCCCCCCC)CC1,0.9294239
CCCCCCCCCCOP(=O)(O)OCCNCCN1CCN(CCOP(=O)(O)OCCCCCCCCCC)CC1,0.9295612
CCCCCCCCCCCOP(=O)(O)OCCNCCN1CCN(CCOP(=O)(O)OCCCCCCCCCCC)CC1,0.9146427
CCCCCCCCCCCCOP(=O)(O)OCCNCCN1CCN(CCOP(=O)(O)OCCCCCCCCCCCC)CC1,0.91728616
CCCCCCCCCCCCCOP(=O)(O)OCCNCCN1CCN(CCOP(=O)(O)OCCCCCCCCCCCCC)CC1,0.9236999
CCCCCCCCCCCCCCOP(=O)(O)OCCNCCN1CCN(CCOP(=O)(O)OCCCCCCCCCCCCCC)CC1,0.91767716
CCCCCCCCCCCCCCCOP(=O)(O)OCCNCCN1CCN(CCOP(=O)(O)OCCCCCCCCCCCCCCC)CC1,0.9276003
CCCCCCCCCCCCCCCCOP(=O)(O)OCCNCCN1CCN(CCOP(=O)(O)OCCCCCCCCCCCCCCCC)CC1,0.92740566
CCCCOP(=O)(O)OCCNCCCN(CCCN(C)C)CCOP(=O)(O)OCCCC,0.9096817
CCCCCOP(=O)(O)OCCNCCCN(CCCN(C)C)CCOP(=O)(O)OCCCCC,0.91217065
CCCCOP(=O)(O)OCCNCCCNCCCNCCOP(=O)(O)OCCCC,0.9269321
CCCCCOP(=O)(O)OCCNCCCNCCCNCCOP(=O)(O)OCCCCC,0.92888
CCCCCCOP(=O)(O)OCCNCCCNCCCNCCOP(=O)(O)OCCCCCC,0.9313512
CCCCCCCOP(=O)(O)OCCNCCCNCCCNCCOP(=O)(O)OCCCCCCC,0.9311664
CCCCCCCCOP(=O)(O)OCCNCCCNCCCNCCOP(=O)(O)OCCCCCCCC,0.9311664
CCCCCCCCCOP(=O)(O)OCCNCCCNCCCNCCOP(=O)(O)OCCCCCCCCC,0.9315521
CCCCCCCCCCOP(=O)(O)OCCNCCCNCCCNCCOP(=O)(O)OCCCCCCCCCC,0.932507
CCCCCCCCCCCOP(=O)(O)OCCNCCCNCCCNCCOP(=O)(O)OCCCCCCCCCCC,0.9160533
CCCCCCCCCCCCOP(=O)(O)OCCNCCCNCCCNCCOP(=O)(O)OCCCCCCCCCCCC,0.92355037
CCCCCCCCCCCCCOP(=O)(O)OCCNCCCNCCCNCCOP(=O)(O)OCCCCCCCCCCCCC,0.9260748
CCCCCCCCCCCCCCOP(=O)(O)OCCNCCCNCCCNCCOP(=O)(O)OCCCCCCCCCCCCCC,0.9326613
CCCCCCCCCCCCCCCOP(=O)(O)OCCNCCCNCCCNCCOP(=O)(O)OCCCCCCCCCCCCCCC,0.94281363
CCCCCCCCCCCCCCCCOP(=O)(O)OCCNCCCNCCCNCCOP(=O)(O)OCCCCCCCCCCCCCCCC,0.9264255
CCCCOP(=O)(O)OCCNCCCN1CCN(CCCNCCOP(=O)(O)OCCCC)CC1,0.9050113
CCCCCOP(=O)(O)OCCNCCCN1CCN(CCCNCCOP(=O)(O)OCCCCC)CC1,0.9048265
CCCCCCOP(=O)(O)OCCNCCCN1CCN(CCCNCCOP(=O)(O)OCCCCCC)CC1,0.90553635
CCCCCCCOP(=O)(O)OCCNCCCN1CCN(CCCNCCOP(=O)(O)OCCCCCCC)CC1,0.905219
CCCCCCCCOP(=O)(O)OCCNCCCN1CCN(CCCNCCOP(=O)(O)OCCCCCCCC)CC1,0.90625054
CCCCCCCCCOP(=O)(O)OCCNCCCN1CCN(CCCNCCOP(=O)(O)OCCCCCCCCC)CC1,0.90056324
CCCCCCCCCCOP(=O)(O)OCCNCCCN1CCN(CCCNCCOP(=O)(O)OCCCCCCCCCC)CC1,0.90033126
CCCCCCCCCCCOP(=O)(O)OCCNCCCN1CCN(CCCNCCOP(=O)(O)OCCCCCCCCCCC)CC1,0.89617497
CCCCCCCCCCCCOP(=O)(O)OCCNCCCN1CCN(CCCNCCOP(=O)(O)OCCCCCCCCCCCC)CC1,0.9031533
CCCCCCCCCCCCCOP(=O)(O)OCCNCCCN1CCN(CCCNCCOP(=O)(O)OCCCCCCCCCCCCC)CC1,0.9025035
CCCCCCCCCCCCCCOP(=O)(O)OCCNCCCN1CCN(CCCNCCOP(=O)(O)OCCCCCCCCCCCCCC)CC1,0.9028529
CCCCCCCCCCCCCCCOP(=O)(O)OCCNCCCN1CCN(CCCNCCOP(=O)(O)OCCCCCCCCCCCCCCC)CC1,0.9110424
CCCCCCCCCCCCCCCCOP(=O)(O)OCCNCCCN1CCN(CCCNCCOP(=O)(O)OCCCCCCCCCCCCCCCC)CC1,0.9010114
CCCCOP(=O)(O)OCCNCCNCCNCCNCCOP(=O)(O)OCCCC,0.93012404
CCCCCOP(=O)(O)OCCNCCNCCNCCNCCOP(=O)(O)OCCCCC,0.9320257
CCCCCCOP(=O)(O)OCCNCCNCCNCCNCCOP(=O)(O)OCCCCCC,0.93357265
CCCCCCCOP(=O)(O)OCCNCCNCCNCCNCCOP(=O)(O)OCCCCCCC,0.9333879
CCCCCCCCOP(=O)(O)OCCNCCNCCNCCNCCOP(=O)(O)OCCCCCCCC,0.9333879
CCCCCCCCCOP(=O)(O)OCCNCCNCCNCCNCCOP(=O)(O)OCCCCCCCCC,0.9338419
CCCCCCCCCCOP(=O)(O)OCCNCCNCCNCCNCCOP(=O)(O)OCCCCCCCCCC,0.9295918
CCCCCCCCCCCOP(=O)(O)OCCNCCNCCNCCNCCOP(=O)(O)OCCCCCCCCCCC,0.9202817
CCCCCCCCCCCCOP(=O)(O)OCCNCCNCCNCCNCCOP(=O)(O)OCCCCCCCCCCCC,0.92512214
CCCCCCCCCCCCCOP(=O)(O)OCCNCCNCCNCCNCCOP(=O)(O)OCCCCCCCCCCCCC,0.9292161
CCCCCCCCCCCCCCOP(=O)(O)OCCNCCNCCNCCNCCOP(=O)(O)OCCCCCCCCCCCCCC,0.9330219
CCCCCCCCCCCCCCCOP(=O)(O)OCCNCCNCCNCCNCCOP(=O)(O)OCCCCCCCCCCCCCCC,0.943241
CCCCCCCCCCCCCCCCOP(=O)(O)OCCNCCNCCNCCNCCOP(=O)(O)OCCCCCCCCCCCCCCCC,0.93520176
CCCCOP(=O)(O)OCCNCCCNCCCNCCCNCCOP(=O)(O)OCCCC,0.9306971
CCCCCOP(=O)(O)OCCNCCCNCCCNCCCNCCOP(=O)(O)OCCCCC,0.9309038
CCCCCCOP(=O)(O)OCCNCCCNCCCNCCCNCCOP(=O)(O)OCCCCCC,0.931924
CCCCCCCOP(=O)(O)OCCNCCCNCCCNCCCNCCOP(=O)(O)OCCCCCCC,0.931924
CCCCCCCCOP(=O)(O)OCCNCCCNCCCNCCCNCCOP(=O)(O)OCCCCCCCC,0.9284469
CCCCCCCCCOP(=O)(O)OCCNCCCNCCCNCCCNCCOP(=O)(O)OCCCCCCCCC,0.9257134
CCCCCCCCCCOP(=O)(O)OCCNCCCNCCCNCCCNCCOP(=O)(O)OCCCCCCCCCC,0.92961395
CCCCCCCCCCCOP(=O)(O)OCCNCCCNCCCNCCCNCCOP(=O)(O)OCCCCCCCCCCC,0.9255817
CCCCCCCCCCCCOP(=O)(O)OCCNCCCNCCCNCCCNCCOP(=O)(O)OCCCCCCCCCCCC,0.93574744
CCCCCCCCCCCCCOP(=O)(O)OCCNCCCNCCCNCCCNCCOP(=O)(O)OCCCCCCCCCCCCC,0.9355553
CCCCCCCCCCCCCCOP(=O)(O)OCCNCCCNCCCNCCCNCCOP(=O)(O)OCCCCCCCCCCCCCC,0.9347928
CCCCCCCCCCCCCCCOP(=O)(O)OCCNCCCNCCCNCCCNCCOP(=O)(O)OCCCCCCCCCCCCCCC,0.9428168
CCCCCCCCCCCCCCCCOP(=O)(O)OCCNCCCNCCCNCCCNCCOP(=O)(O)OCCCCCCCCCCCCCCCC,0.9373626
CCCCOP(=O)(O)OCCN(C)CCN(CCNC)CCN(C)CCOP(=O)(O)OCCCC,0.94451994
CCCCCOP(=O)(O)OCCN(C)CCN(CCNC)CCN(C)CCOP(=O)(O)OCCCCC,0.94497603
CCCCCCOP(=O)(O)OCCN(C)CCN(CCNC)CCN(C)CCOP(=O)(O)OCCCCCC,0.94621694
CCCCCCCOP(=O)(O)OCCN(C)CCN(CCNC)CCN(C)CCOP(=O)(O)OCCCCCCC,0.94613576
CCCCCCCCOP(=O)(O)OCCN(C)CCN(CCNC)CCN(C)CCOP(=O)(O)OCCCCCCCC,0.9482811
CCCCCCCCCOP(=O)(O)OCCN(C)CCN(CCNC)CCN(C)CCOP(=O)(O)OCCCCCCCCC,0.9422359
CCCCCCCCCCOP(=O)(O)OCCN(C)CCN(CCNC)CCN(C)CCOP(=O)(O)OCCCCCCCCCC,0.94266164
CCCCCCCCCCCOP(=O)(O)OCCN(C)CCN(CCNC)CCN(C)CCOP(=O)(O)OCCCCCCCCCCC,0.93872446
CCCCCCCCCCCCOP(=O)(O)OCCN(C)CCN(CCNC)CCN(C)CCOP(=O)(O)OCCCCCCCCCCCC,0.9427567
CCCCCCCCCCCCCOP(=O)(O)OCCN(C)CCN(CCNC)CCN(C)CCOP(=O)(O)OCCCCCCCCCCCCC,0.94579923
CCCCCCCCCCCCCCOP(=O)(O)OCCN(C)CCN(CCNC)CCN(C)CCOP(=O)(O)OCCCCCCCCCCCCCC,0.9473907
CCCCCCCCCCCCCCCOP(=O)(O)OCCN(C)CCN(CCNC)CCN(C)CCOP(=O)(O)OCCCCCCCCCCCCCCC,0.95449424
CCCCCCCCCCCCCCCCOP(=O)(O)OCCN(C)CCN(CCNC)CCN(C)CCOP(=O)(O)OCCCCCCCCCCCCCCCC,0.94674104
CCCCOP(=O)(O)OCCNCCN(CCN)CCNCCOP(=O)(O)OCCCC,0.93459386
CCCCCOP(=O)(O)OCCNCCN(CCN)CCNCCOP(=O)(O)OCCCCC,0.935262
CCCCCCOP(=O)(O)OCCNCCN(CCN)CCNCCOP(=O)(O)OCCCCCC,0.93815243
CCCCCCCOP(=O)(O)OCCNCCN(CCN)CCNCCOP(=O)(O)OCCCCCCC,0.93796766
CCCCCCCCOP(=O)(O)OCCNCCN(CCN)CCNCCOP(=O)(O)OCCCCCCCC,0.93796766
CCCCCCCCCOP(=O)(O)OCCNCCN(CCN)CCNCCOP(=O)(O)OCCCCCCCCC,0.9376182
CCCCCCCCCCOP(=O)(O)OCCNCCN(CCN)CCNCCOP(=O)(O)OCCCCCCCCCC,0.93353444
CCCCCCCCCCCOP(=O)(O)OCCNCCN(CCN)CCNCCOP(=O)(O)OCCCCCCCCCCC,0.9258008
CCCCCCCCCCCCOP(=O)(O)OCCNCCN(CCN)CCNCCOP(=O)(O)OCCCCCCCCCCCC,0.93109125
CCCCCCCCCCCCCOP(=O)(O)OCCNCCN(CCN)CCNCCOP(=O)(O)OCCCCCCCCCCCCC,0.9351852
CCCCCCCCCCCCCCOP(=O)(O)OCCNCCN(CCN)CCNCCOP(=O)(O)OCCCCCCCCCCCCCC,0.93903184
CCCCCCCCCCCCCCCOP(=O)(O)OCCNCCN(CCN)CCNCCOP(=O)(O)OCCCCCCCCCCCCCCC,0.94925094
CCCCCCCCCCCCCCCCOP(=O)(O)OCCNCCN(CCN)CCNCCOP(=O)(O)OCCCCCCCCCCCCCCCC,0.9412117
CCCCOP(=O)(O)OCCNCCNCCNCCNCCNCCOP(=O)(O)OCCCC,0.9315696
CCCCCOP(=O)(O)OCCNCCNCCNCCNCCNCCOP(=O)(O)OCCCCC,0.9322324
CCCCCCOP(=O)(O)OCCNCCNCCNCCNCCNCCOP(=O)(O)OCCCCCC,0.9333879
CCCCCCCOP(=O)(O)OCCNCCNCCNCCNCCNCCOP(=O)(O)OCCCCCCC,0.9333879
CCCCCCCCOP(=O)(O)OCCNCCNCCNCCNCCNCCOP(=O)(O)OCCCCCCCC,0.9348734
CCCCCCCCCOP(=O)(O)OCCNCCNCCNCCNCCNCCOP(=O)(O)OCCCCCCCCC,0.9283938
CCCCCCCCCCOP(=O)(O)OCCNCCNCCNCCNCCNCCOP(=O)(O)OCCCCCCCCCC,0.9275788
CCCCCCCCCCCOP(=O)(O)OCCNCCNCCNCCNCCNCCOP(=O)(O)OCCCCCCCCCCC,0.92386484
CCCCCCCCCCCCOP(=O)(O)OCCNCCNCCNCCNCCNCCOP(=O)(O)OCCCCCCCCCCCC,0.92529327
CCCCCCCCCCCCCOP(=O)(O)OCCNCCNCCNCCNCCNCCOP(=O)(O)OCCCCCCCCCCCCC,0.9360656
CCCCCCCCCCCCCCOP(=O)(O)OCCNCCNCCNCCNCCNCCOP(=O)(O)OCCCCCCCCCCCCCC,0.9330219
CCCCCCCCCCCCCCCOP(=O)(O)OCCNCCNCCNCCNCCNCCOP(=O)(O)OCCCCCCCCCCCCCCC,0.9416086
CCCCCCCCCCCCCCCCOP(=O)(O)OCCNCCNCCNCCNCCNCCOP(=O)(O)OCCCCCCCCCCCCCCCC,0.93498397
CCCCOP(=O)(O)OCCN(CCOP(=O)(O)OCCCC)CCN1CCN(CCOP(=O)(O)OCCCC)CC1,0.9391995
CCCCCOP(=O)(O)OCCN(CCOP(=O)(O)OCCCCC)CCN1CCN(CCOP(=O)(O)OCCCCC)CC1,0.93633974
CCCCCCOP(=O)(O)OCCN(CCOP(=O)(O)OCCCCCC)CCN1CCN(CCOP(=O)(O)OCCCCCC)CC1,0.93899
CCCCCCCOP(=O)(O)OCCN(CCOP(=O)(O)OCCCCCCC)CCN1CCN(CCOP(=O)(O)OCCCCCCC)CC1,0.9391788
CCCCCCCCOP(=O)(O)OCCN(CCOP(=O)(O)OCCCCCCCC)CCN1CCN(CCOP(=O)(O)OCCCCCCCC)CC1,0.9391395
CCCCCCCCCOP(=O)(O)OCCN(CCOP(=O)(O)OCCCCCCCCC)CCN1CCN(CCOP(=O)(O)OCCCCCCCCC)CC1,0.93609166
CCCCCCCCCCOP(=O)(O)OCCN(CCOP(=O)(O)OCCCCCCCCCC)CCN1CCN(CCOP(=O)(O)OCCCCCCCCCC)CC1,0.9473031
CCCCCCCCCCCOP(=O)(O)OCCN(CCOP(=O)(O)OCCCCCCCCCCC)CCN1CCN(CCOP(=O)(O)OCCCCCCCCCCC)CC1,0.9425662
CCCCCCCCCCCCOP(=O)(O)OCCN(CCOP(=O)(O)OCCCCCCCCCCCC)CCN1CCN(CCOP(=O)(O)OCCCCCCCCCCCC)CC1,0.9451087
CCCCCCCCCCCCCOP(=O)(O)OCCN(CCOP(=O)(O)OCCCCCCCCCCCCC)CCN1CCN(CCOP(=O)(O)OCCCCCCCCCCCCC)CC1,0.94458914
CCCCCCCCCCCCCCOP(=O)(O)OCCN(CCOP(=O)(O)OCCCCCCCCCCCCCC)CCN1CCN(CCOP(=O)(O)OCCCCCCCCCCCCCC)CC1,0.9432529
CCCCCCCCCCCCCCCOP(=O)(O)OCCN(CCOP(=O)(O)OCCCCCCCCCCCCCCC)CCN1CCN(CCOP(=O)(O)OCCCCCCCCCCCCCCC)CC1,0.9472252
CCCCCCCCCCCCCCCCOP(=O)(O)OCCN(CCOP(=O)(O)OCCCCCCCCCCCCCCCC)CCN1CCN(CCOP(=O)(O)OCCCCCCCCCCCCCCCC)CC1,0.94330937
CCCCOP(=O)(O)OCCNCCCN(CCCNCCOP(=O)(O)OCCCC)CCOP(=O)(O)OCCCC,0.9302309
CCCCCOP(=O)(O)OCCNCCCN(CCCNCCOP(=O)(O)OCCCCC)CCOP(=O)(O)OCCCCC,0.93106145
CCCCCCOP(=O)(O)OCCNCCCN(CCCNCCOP(=O)(O)OCCCCCC)CCOP(=O)(O)OCCCCCC,0.93409115
CCCCCCCOP(=O)(O)OCCNCCCN(CCCNCCOP(=O)(O)OCCCCCCC)CCOP(=O)(O)OCCCCCCC,0.9351391
CCCCCCCCOP(=O)(O)OCCNCCCN(CCCNCCOP(=O)(O)OCCCCCCCC)CCOP(=O)(O)OCCCCCCCC,0.93632495
CCCCCCCCCOP(=O)(O)OCCNCCCN(CCCNCCOP(=O)(O)OCCCCCCCCC)CCOP(=O)(O)OCCCCCCCCC,0.9430301
CCCCCCCCCCOP(=O)(O)OCCNCCCN(CCCNCCOP(=O)(O)OCCCCCCCCCC)CCOP(=O)(O)OCCCCCCCCCC,0.9473083
CCCCCCCCCCCOP(=O)(O)OCCNCCCN(CCCNCCOP(=O)(O)OCCCCCCCCCCC)CCOP(=O)(O)OCCCCCCCCCCC,0.9438963
CCCCCCCCCCCCOP(=O)(O)OCCNCCCN(CCCNCCOP(=O)(O)OCCCCCCCCCCCC)CCOP(=O)(O)OCCCCCCCCCCCC,0.9390189
CCCCCCCCCCCCCOP(=O)(O)OCCNCCCN(CCCNCCOP(=O)(O)OCCCCCCCCCCCCC)CCOP(=O)(O)OCCCCCCCCCCCCC,0.94138145
CCCCCCCCCCCCCCOP(=O)(O)OCCNCCCN(CCCNCCOP(=O)(O)OCCCCCCCCCCCCCC)CCOP(=O)(O)OCCCCCCCCCCCCCC,0.9456224
CCCCCCCCCCCCCCCOP(=O)(O)OCCNCCCN(CCCNCCOP(=O)(O)OCCCCCCCCCCCCCCC)CCOP(=O)(O)OCCCCCCCCCCCCCCC,0.948477
CCCCCCCCCCCCCCCCOP(=O)(O)OCCNCCCN(CCCNCCOP(=O)(O)OCCCCCCCCCCCCCCCC)CCOP(=O)(O)OCCCCCCCCCCCCCCCC,0.95426303
CCCCOP(=O)(O)OCCNCCCN1CCN(CCCN(CCOP(=O)(O)OCCCC)CCOP(=O)(O)OCCCC)CC1,0.92549545
CCCCCOP(=O)(O)OCCNCCCN1CCN(CCCN(CCOP(=O)(O)OCCCCC)CCOP(=O)(O)OCCCCC)CC1,0.9280941
CCCCCCOP(=O)(O)OCCNCCCN1CCN(CCCN(CCOP(=O)(O)OCCCCCC)CCOP(=O)(O)OCCCCCC)CC1,0.9286624
CCCCCCCOP(=O)(O)OCCNCCCN1CCN(CCCN(CCOP(=O)(O)OCCCCCCC)CCOP(=O)(O)OCCCCCCC)CC1,0.9273488
CCCCCCCCOP(=O)(O)OCCNCCCN1CCN(CCCN(CCOP(=O)(O)OCCCCCCCC)CCOP(=O)(O)OCCCCCCCC)CC1,0.9313801
CCCCCCCCCOP(=O)(O)OCCNCCCN1CCN(CCCN(CCOP(=O)(O)OCCCCCCCCC)CCOP(=O)(O)OCCCCCCCCC)CC1,0.9385711
CCCCCCCCCCOP(=O)(O)OCCNCCCN1CCN(CCCN(CCOP(=O)(O)OCCCCCCCCCC)CCOP(=O)(O)OCCCCCCCCCC)CC1,0.93854016
CCCCCCCCCCCOP(=O)(O)OCCNCCCN1CCN(CCCN(CCOP(=O)(O)OCCCCCCCCCCC)CCOP(=O)(O)OCCCCCCCCCCC)CC1,0.9357892
CCCCCCCCCCCCOP(=O)(O)OCCNCCCN1CCN(CCCN(CCOP(=O)(O)OCCCCCCCCCCCC)CCOP(=O)(O)OCCCCCCCCCCCC)CC1,0.926029
CCCCCCCCCCCCCOP(=O)(O)OCCNCCCN1CCN(CCCN(CCOP(=O)(O)OCCCCCCCCCCCCC)CCOP(=O)(O)OCCCCCCCCCCCCC)CC1,0.9303822
CCCCCCCCCCCCCCOP(=O)(O)OCCNCCCN1CCN(CCCN(CCOP(=O)(O)OCCCCCCCCCCCCCC)CCOP(=O)(O)OCCCCCCCCCCCCCC)CC1,0.9456816
CCCCCCCCCCCCCCCOP(=O)(O)OCCNCCCN1CCN(CCCN(CCOP(=O)(O)OCCCCCCCCCCCCCCC)CCOP(=O)(O)OCCCCCCCCCCCCCCC)CC1,0.9490135
CCCCCCCCCCCCCCCCOP(=O)(O)OCCNCCCN1CCN(CCCN(CCOP(=O)(O)OCCCCCCCCCCCCCCCC)CCOP(=O)(O)OCCCCCCCCCCCCCCCC)CC1,0.9683111
CCCCOP(=O)(O)OCCNCCNCCN(CCNCCOP(=O)(O)OCCCC)CCOP(=O)(O)OCCCC,0.92037886
CCCCCOP(=O)(O)OCCNCCNCCN(CCNCCOP(=O)(O)OCCCCC)CCOP(=O)(O)OCCCCC,0.92129064
CCCCCCOP(=O)(O)OCCNCCNCCN(CCNCCOP(=O)(O)OCCCCCC)CCOP(=O)(O)OCCCCCC,0.92490166
CCCCCCCOP(=O)(O)OCCNCCNCCN(CCNCCOP(=O)(O)OCCCCCCC)CCOP(=O)(O)OCCCCCCC,0.925211
CCCCCCCCOP(=O)(O)OCCNCCNCCN(CCNCCOP(=O)(O)OCCCCCCCC)CCOP(=O)(O)OCCCCCCCC,0.92538804
CCCCCCCCCOP(=O)(O)OCCNCCNCCN(CCNCCOP(=O)(O)OCCCCCCCCC)CCOP(=O)(O)OCCCCCCCCC,0.9320601
CCCCCCCCCCOP(=O)(O)OCCNCCNCCN(CCNCCOP(=O)(O)OCCCCCCCCCC)CCOP(=O)(O)OCCCCCCCCCC,0.9380299
CCCCCCCCCCCOP(=O)(O)OCCNCCNCCN(CCNCCOP(=O)(O)OCCCCCCCCCCC)CCOP(=O)(O)OCCCCCCCCCCC,0.93757427
CCCCCCCCCCCCOP(=O)(O)OCCNCCNCCN(CCNCCOP(=O)(O)OCCCCCCCCCCCC)CCOP(=O)(O)OCCCCCCCCCCCC,0.9413415
CCCCCCCCCCCCCOP(=O)(O)OCCNCCNCCN(CCNCCOP(=O)(O)OCCCCCCCCCCCCC)CCOP(=O)(O)OCCCCCCCCCCCCC,0.9428047
CCCCCCCCCCCCCCOP(=O)(O)OCCNCCNCCN(CCNCCOP(=O)(O)OCCCCCCCCCCCCCC)CCOP(=O)(O)OCCCCCCCCCCCCCC,0.95160645
CCCCCCCCCCCCCCCOP(=O)(O)OCCNCCNCCN(CCNCCOP(=O)(O)OCCCCCCCCCCCCCCC)CCOP(=O)(O)OCCCCCCCCCCCCCCC,0.9520007
CCCCCCCCCCCCCCCCOP(=O)(O)OCCNCCNCCN(CCNCCOP(=O)(O)OCCCCCCCCCCCCCCCC)CCOP(=O)(O)OCCCCCCCCCCCCCCCC,0.95691067
CCCCOP(=O)(O)OCCNCCCNCCCN(CCCNCCOP(=O)(O)OCCCC)CCOP(=O)(O)OCCCC,0.92129123
CCCCCOP(=O)(O)OCCNCCCNCCCN(CCCNCCOP(=O)(O)OCCCCC)CCOP(=O)(O)OCCCCC,0.9241599
CCCCCCOP(=O)(O)OCCNCCCNCCCN(CCCNCCOP(=O)(O)OCCCCCC)CCOP(=O)(O)OCCCCCC,0.9255841
CCCCCCCOP(=O)(O)OCCNCCCNCCCN(CCCNCCOP(=O)(O)OCCCCCCC)CCOP(=O)(O)OCCCCCCC,0.92607474
CCCCCCCCOP(=O)(O)OCCNCCCNCCCN(CCCNCCOP(=O)(O)OCCCCCCCC)CCOP(=O)(O)OCCCCCCCC,0.9345393
CCCCCCCCCOP(=O)(O)OCCNCCCNCCCN(CCCNCCOP(=O)(O)OCCCCCCCCC)CCOP(=O)(O)OCCCCCCCCC,0.9385523
CCCCCCCCCCOP(=O)(O)OCCNCCCNCCCN(CCCNCCOP(=O)(O)OCCCCCCCCCC)CCOP(=O)(O)OCCCCCCCCCC,0.93975496
CCCCCCCCCCCOP(=O)(O)OCCNCCCNCCCN(CCCNCCOP(=O)(O)OCCCCCCCCCCC)CCOP(=O)(O)OCCCCCCCCCCC,0.9387733
CCCCCCCCCCCCOP(=O)(O)OCCNCCCNCCCN(CCCNCCOP(=O)(O)OCCCCCCCCCCCC)CCOP(=O)(O)OCCCCCCCCCCCC,0.93041736
CCCCCCCCCCCCCOP(=O)(O)OCCNCCCNCCCN(CCCNCCOP(=O)(O)OCCCCCCCCCCCCC)CCOP(=O)(O)OCCCCCCCCCCCCC,0.93608415
CCCCCCCCCCCCCCOP(=O)(O)OCCNCCCNCCCN(CCCNCCOP(=O)(O)OCCCCCCCCCCCCCC)CCOP(=O)(O)OCCCCCCCCCCCCCC,0.948854
CCCCCCCCCCCCCCCOP(=O)(O)OCCNCCCNCCCN(CCCNCCOP(=O)(O)OCCCCCCCCCCCCCCC)CCOP(=O)(O)OCCCCCCCCCCCCCCC,0.9599467
CCCCCCCCCCCCCCCCOP(=O)(O)OCCNCCCNCCCN(CCCNCCOP(=O)(O)OCCCCCCCCCCCCCCCC)CCOP(=O)(O)OCCCCCCCCCCCCCCCC,0.9703677
CCCCCCOP(=O)(O)OCCN(C)CCN(CCN(C)CCOP(=O)(O)OCCCCCC)CCN(C)CCOP(=O)(O)OCCCCCC,0.94814914
CCCCCCCOP(=O)(O)OCCN(C)CCN(CCN(C)CCOP(=O)(O)OCCCCCCC)CCN(C)CCOP(=O)(O)OCCCCCCC,0.9492014
CCCCCCCCOP(=O)(O)OCCN(C)CCN(CCN(C)CCOP(=O)(O)OCCCCCCCC)CCN(C)CCOP(=O)(O)OCCCCCCCC,0.9528274
CCCCCCCCCOP(=O)(O)OCCN(C)CCN(CCN(C)CCOP(=O)(O)OCCCCCCCCC)CCN(C)CCOP(=O)(O)OCCCCCCCCC,0.95447946
CCCCCCCCCCOP(=O)(O)OCCN(C)CCN(CCN(C)CCOP(=O)(O)OCCCCCCCCCC)CCN(C)CCOP(=O)(O)OCCCCCCCCCC,0.9593145
CCCCCCCCCCCOP(=O)(O)OCCN(C)CCN(CCN(C)CCOP(=O)(O)OCCCCCCCCCCC)CCN(C)CCOP(=O)(O)OCCCCCCCCCCC,0.95612794
CCCCCCCCCCCCOP(=O)(O)OCCN(C)CCN(CCN(C)CCOP(=O)(O)OCCCCCCCCCCCC)CCN(C)CCOP(=O)(O)OCCCCCCCCCCCC,0.9591294
CCCCCCCCCCCCCOP(=O)(O)OCCN(C)CCN(CCN(C)CCOP(=O)(O)OCCCCCCCCCCCCC)CCN(C)CCOP(=O)(O)OCCCCCCCCCCCCC,0.93687874
CCCCCCCCCCCCCCOP(=O)(O)OCCN(C)CCN(CCN(C)CCOP(=O)(O)OCCCCCCCCCCCCCC)CCN(C)CCOP(=O)(O)OCCCCCCCCCCCCCC,0.9613134
CCCCCCCCCCCCCCCOP(=O)(O)OCCN(C)CCN(CCN(C)CCOP(=O)(O)OCCCCCCCCCCCCCCC)CCN(C)CCOP(=O)(O)OCCCCCCCCCCCCCCC,0.9540092
CCCCCCCCCCCCCCCCOP(=O)(O)OCCN(C)CCN(CCN(C)CCOP(=O)(O)OCCCCCCCCCCCCCCCC)CCN(C)CCOP(=O)(O)OCCCCCCCCCCCCCCCC,0.97120833
CCCCOP(=O)(O)OCCNCCN(CCNCCOP(=O)(O)OCCCC)CCNCCOP(=O)(O)OCCCC,0.9226775
CCCCCOP(=O)(O)OCCNCCN(CCNCCOP(=O)(O)OCCCCC)CCNCCOP(=O)(O)OCCCCC,0.9237491
CCCCCCOP(=O)(O)OCCNCCN(CCNCCOP(=O)(O)OCCCCCC)CCNCCOP(=O)(O)OCCCCCC,0.92769045
CCCCCCCOP(=O)(O)OCCNCCN(CCNCCOP(=O)(O)OCCCCCCC)CCNCCOP(=O)(O)OCCCCCCC,0.9279998
CCCCCCCCOP(=O)(O)OCCNCCN(CCNCCOP(=O)(O)OCCCCCCCC)CCNCCOP(=O)(O)OCCCCCCCC,0.9281768
CCCCCCCCCOP(=O)(O)OCCNCCN(CCNCCOP(=O)(O)OCCCCCCCCC)CCNCCOP(=O)(O)OCCCCCCCCC,0.9336635
CCCCCCCCCCOP(=O)(O)OCCNCCN(CCNCCOP(=O)(O)OCCCCCCCCCC)CCNCCOP(=O)(O)OCCCCCCCCCC,0.93927073
CCCCCCCCCCCOP(=O)(O)OCCNCCN(CCNCCOP(=O)(O)OCCCCCCCCCCC)CCNCCOP(=O)(O)OCCCCCCCCCCC,0.9386745
CCCCCCCCCCCCOP(=O)(O)OCCNCCN(CCNCCOP(=O)(O)OCCCCCCCCCCCC)CCNCCOP(=O)(O)OCCCCCCCCCCCC,0.94228196
CCCCCCCCCCCCCOP(=O)(O)OCCNCCN(CCNCCOP(=O)(O)OCCCCCCCCCCCCC)CCNCCOP(=O)(O)OCCCCCCCCCCCCC,0.94330454
CCCCCCCCCCCCCCOP(=O)(O)OCCNCCN(CCNCCOP(=O)(O)OCCCCCCCCCCCCCC)CCNCCOP(=O)(O)OCCCCCCCCCCCCCC,0.9519569
CCCCCCCCCCCCCCCOP(=O)(O)OCCNCCN(CCNCCOP(=O)(O)OCCCCCCCCCCCCCCC)CCNCCOP(=O)(O)OCCCCCCCCCCCCCCC,0.95235115
CCCCCCCCCCCCCCCCOP(=O)(O)OCCNCCN(CCNCCOP(=O)(O)OCCCCCCCCCCCCCCCC)CCNCCOP(=O)(O)OCCCCCCCCCCCCCCCC,0.95726115
CCCCOP(=O)(O)OCCNCCNCCNCCN(CCNCCOP(=O)(O)OCCCC)CCOP(=O)(O)OCCCC,0.918475
CCCCCOP(=O)(O)OCCNCCNCCNCCN(CCNCCOP(=O)(O)OCCCCC)CCOP(=O)(O)OCCCCC,0.9240909
CCCCCCOP(=O)(O)OCCNCCNCCNCCN(CCNCCOP(=O)(O)OCCCCCC)CCOP(=O)(O)OCCCCCC,0.9253675
CCCCCCCOP(=O)(O)OCCNCCNCCNCCN(CCNCCOP(=O)(O)OCCCCCCC)CCOP(=O)(O)OCCCCCCC,0.9259004
CCCCCCCCOP(=O)(O)OCCNCCNCCNCCN(CCNCCOP(=O)(O)OCCCCCCCC)CCOP(=O)(O)OCCCCCCCC,0.93373424
CCCCCCCCCOP(=O)(O)OCCNCCNCCNCCN(CCNCCOP(=O)(O)OCCCCCCCCC)CCOP(=O)(O)OCCCCCCCCC,0.93396056
CCCCCCCCCCOP(=O)(O)OCCNCCNCCNCCN(CCNCCOP(=O)(O)OCCCCCCCCCC)CCOP(=O)(O)OCCCCCCCCCC,0.9397758
CCCCCCCCCCCOP(=O)(O)OCCNCCNCCNCCN(CCNCCOP(=O)(O)OCCCCCCCCCCC)CCOP(=O)(O)OCCCCCCCCCCC,0.93820506
CCCCCCCCCCCCOP(=O)(O)OCCNCCNCCNCCN(CCNCCOP(=O)(O)OCCCCCCCCCCCC)CCOP(=O)(O)OCCCCCCCCCCCC,0.939633
CCCCCCCCCCCCCOP(=O)(O)OCCNCCNCCNCCN(CCNCCOP(=O)(O)OCCCCCCCCCCCCC)CCOP(=O)(O)OCCCCCCCCCCCCC,0.9385031
CCCCCCCCCCCCCCOP(=O)(O)OCCNCCNCCNCCN(CCNCCOP(=O)(O)OCCCCCCCCCCCCCC)CCOP(=O)(O)OCCCCCCCCCCCCCC,0.952881
CCCCCCCCCCCCCCCOP(=O)(O)OCCNCCNCCNCCN(CCNCCOP(=O)(O)OCCCCCCCCCCCCCCC)CCOP(=O)(O)OCCCCCCCCCCCCCCC,0.9606669
CCCCCCCCCCCCCCCCOP(=O)(O)OCCNCCNCCNCCN(CCNCCOP(=O)(O)OCCCCCCCCCCCCCCCC)CCOP(=O)(O)OCCCCCCCCCCCCCCCC,0.9675969
CCCCOP(=O)(O)OCCN(CCCN1CCN(CCCN(CCOP(=O)(O)OCCCC)CCOP(=O)(O)OCCCC)CC1)CCOP(=O)(O)OCCCC,0.9335518
CCCCCOP(=O)(O)OCCN(CCCN1CCN(CCCN(CCOP(=O)(O)OCCCCC)CCOP(=O)(O)OCCCCC)CC1)CCOP(=O)(O)OCCCCC,0.9372486
CCCCCCOP(=O)(O)OCCN(CCCN1CCN(CCCN(CCOP(=O)(O)OCCCCCC)CCOP(=O)(O)OCCCCCC)CC1)CCOP(=O)(O)OCCCCCC,0.9390347
CCCCCCCOP(=O)(O)OCCN(CCCN1CCN(CCCN(CCOP(=O)(O)OCCCCCCC)CCOP(=O)(O)OCCCCCCC)CC1)CCOP(=O)(O)OCCCCCCC,0.9236358
CCCCCCCCOP(=O)(O)OCCN(CCCN1CCN(CCCN(CCOP(=O)(O)OCCCCCCCC)CCOP(=O)(O)OCCCCCCCC)CC1)CCOP(=O)(O)OCCCCCCCC,0.93239695
CCCCCCCCCOP(=O)(O)OCCN(CCCN1CCN(CCCN(CCOP(=O)(O)OCCCCCCCCC)CCOP(=O)(O)OCCCCCCCCC)CC1)CCOP(=O)(O)OCCCCCCCCC,0.93073153
CCCCCCCCCCOP(=O)(O)OCCN(CCCN1CCN(CCCN(CCOP(=O)(O)OCCCCCCCCCC)CCOP(=O)(O)OCCCCCCCCCC)CC1)CCOP(=O)(O)OCCCCCCCCCC,0.92841226
CCCCCCCCCCCOP(=O)(O)OCCN(CCCN1CCN(CCCN(CCOP(=O)(O)OCCCCCCCCCCC)CCOP(=O)(O)OCCCCCCCCCCC)CC1)CCOP(=O)(O)OCCCCCCCCCCC,0.91648877
CCCCCCCCCCCCOP(=O)(O)OCCN(CCCN1CCN(CCCN(CCOP(=O)(O)OCCCCCCCCCCCC)CCOP(=O)(O)OCCCCCCCCCCCC)CC1)CCOP(=O)(O)OCCCCCCCCCCCC,0.9678553
CCCCCCCCCCCCCOP(=O)(O)OCCN(CCCN1CCN(CCCN(CCOP(=O)(O)OCCCCCCCCCCCCC)CCOP(=O)(O)OCCCCCCCCCCCCC)CC1)CCOP(=O)(O)OCCCCCCCCCCCCC,0.9124304
CCCCCCCCCCCCCCOP(=O)(O)OCCN(CCCN1CCN(CCCN(CCOP(=O)(O)OCCCCCCCCCCCCCC)CCOP(=O)(O)OCCCCCCCCCCCCCC)CC1)CCOP(=O)(O)OCCCCCCCCCCCCCC,0.9146328
CCCCCCCCCCCCCCCOP(=O)(O)OCCN(CCCN1CCN(CCCN(CCOP(=O)(O)OCCCCCCCCCCCCCCC)CCOP(=O)(O)OCCCCCCCCCCCCCCC)CC1)CCOP(=O)(O)OCCCCCCCCCCCCCCC,0.92570025
CCCCCCCCCCCCCCCCOP(=O)(O)OCCN(CCCN1CCN(CCCN(CCOP(=O)(O)OCCCCCCCCCCCCCCCC)CCOP(=O)(O)OCCCCCCCCCCCCCCCC)CC1)CCOP(=O)(O)OCCCCCCCCCCCCCCCC,0.910529
CCCCOP(=O)(O)OCCNCCN(CCOP(=O)(O)OCCCC)CCN(CCNCCOP(=O)(O)OCCCC)CCOP(=O)(O)OCCCC,0.928078
CCCCCOP(=O)(O)OCCNCCN(CCOP(=O)(O)OCCCCC)CCN(CCNCCOP(=O)(O)OCCCCC)CCOP(=O)(O)OCCCCC,0.9346688
CCCCCCOP(=O)(O)OCCNCCN(CCOP(=O)(O)OCCCCCC)CCN(CCNCCOP(=O)(O)OCCCCCC)CCOP(=O)(O)OCCCCCC,0.93791467
CCCCCCCOP(=O)(O)OCCNCCN(CCOP(=O)(O)OCCCCCCC)CCN(CCNCCOP(=O)(O)OCCCCCCC)CCOP(=O)(O)OCCCCCCC,0.9419911
CCCCCCCCOP(=O)(O)OCCNCCN(CCOP(=O)(O)OCCCCCCCC)CCN(CCNCCOP(=O)(O)OCCCCCCCC)CCOP(=O)(O)OCCCCCCCC,0.93832123
CCCCCCCCCOP(=O)(O)OCCNCCN(CCOP(=O)(O)OCCCCCCCCC)CCN(CCNCCOP(=O)(O)OCCCCCCCCC)CCOP(=O)(O)OCCCCCCCCC,0.94398683
CCCCCCCCCCOP(=O)(O)OCCNCCN(CCOP(=O)(O)OCCCCCCCCCC)CCN(CCNCCOP(=O)(O)OCCCCCCCCCC)CCOP(=O)(O)OCCCCCCCCCC,0.9299808
CCCCCCCCCCCOP(=O)(O)OCCNCCN(CCOP(=O)(O)OCCCCCCCCCCC)CCN(CCNCCOP(=O)(O)OCCCCCCCCCCC)CCOP(=O)(O)OCCCCCCCCCCC,0.9395755
CCCCCCCCCCCCOP(=O)(O)OCCNCCN(CCOP(=O)(O)OCCCCCCCCCCCC)CCN(CCNCCOP(=O)(O)OCCCCCCCCCCCC)CCOP(=O)(O)OCCCCCCCCCCCC,0.96645796
CCCCCCCCCCCCCOP(=O)(O)OCCNCCN(CCOP(=O)(O)OCCCCCCCCCCCCC)CCN(CCNCCOP(=O)(O)OCCCCCCCCCCCCC)CCOP(=O)(O)OCCCCCCCCCCCCC,0.9721854
CCCCCCCCCCCCCCOP(=O)(O)OCCNCCN(CCOP(=O)(O)OCCCCCCCCCCCCCC)CCN(CCNCCOP(=O)(O)OCCCCCCCCCCCCCC)CCOP(=O)(O)OCCCCCCCCCCCCCC,0.9246465
CCCCCCCCCCCCCCCOP(=O)(O)OCCNCCN(CCOP(=O)(O)OCCCCCCCCCCCCCCC)CCN(CCNCCOP(=O)(O)OCCCCCCCCCCCCCCC)CCOP(=O)(O)OCCCCCCCCCCCCCCC,0.94431454
CCCCCCCCCCCCCCCCOP(=O)(O)OCCNCCN(CCOP(=O)(O)OCCCCCCCCCCCCCCCC)CCN(CCNCCOP(=O)(O)OCCCCCCCCCCCCCCCC)CCOP(=O)(O)OCCCCCCCCCCCCCCCC,0.93093807
CCCCOP(=O)(O)OCCNCCCN(CCCN(CCCNCCOP(=O)(O)OCCCC)CCOP(=O)(O)OCCCC)CCOP(=O)(O)OCCCC,0.91332865
CCCCCOP(=O)(O)OCCNCCCN(CCCN(CCCNCCOP(=O)(O)OCCCCC)CCOP(=O)(O)OCCCCC)CCOP(=O)(O)OCCCCC,0.9171844
CCCCCCOP(=O)(O)OCCNCCCN(CCCN(CCCNCCOP(=O)(O)OCCCCCC)CCOP(=O)(O)OCCCCCC)CCOP(=O)(O)OCCCCCC,0.9236333
CCCCCCCOP(=O)(O)OCCNCCCN(CCCN(CCCNCCOP(=O)(O)OCCCCCCC)CCOP(=O)(O)OCCCCCCC)CCOP(=O)(O)OCCCCCCC,0.9188648
CCCCCCCCOP(=O)(O)OCCNCCCN(CCCN(CCCNCCOP(=O)(O)OCCCCCCCC)CCOP(=O)(O)OCCCCCCCC)CCOP(=O)(O)OCCCCCCCC,0.9212136
CCCCCCCCCOP(=O)(O)OCCNCCCN(CCCN(CCCNCCOP(=O)(O)OCCCCCCCCC)CCOP(=O)(O)OCCCCCCCCC)CCOP(=O)(O)OCCCCCCCCC,0.92197835
CCCCCCCCCCOP(=O)(O)OCCNCCCN(CCCN(CCCNCCOP(=O)(O)OCCCCCCCCCC)CCOP(=O)(O)OCCCCCCCCCC)CCOP(=O)(O)OCCCCCCCCCC,0.8949202
CCCCCCCCCCCOP(=O)(O)OCCNCCCN(CCCN(CCCNCCOP(=O)(O)OCCCCCCCCCCC)CCOP(=O)(O)OCCCCCCCCCCC)CCOP(=O)(O)OCCCCCCCCCCC,0.90730476
CCCCCCCCCCCCOP(=O)(O)OCCNCCCN(CCCN(CCCNCCOP(=O)(O)OCCCCCCCCCCCC)CCOP(=O)(O)OCCCCCCCCCCCC)CCOP(=O)(O)OCCCCCCCCCCCC,0.94277495
CCCCCCCCCCCCCOP(=O)(O)OCCNCCCN(CCCN(CCCNCCOP(=O)(O)OCCCCCCCCCCCCC)CCOP(=O)(O)OCCCCCCCCCCCCC)CCOP(=O)(O)OCCCCCCCCCCCCC,0.8891422
CCCCCCCCCCCCCCOP(=O)(O)OCCNCCCN(CCCN(CCCNCCOP(=O)(O)OCCCCCCCCCCCCCC)CCOP(=O)(O)OCCCCCCCCCCCCCC)CCOP(=O)(O)OCCCCCCCCCCCCCC,0.8888917
CCCCCCCCCCCCCCCOP(=O)(O)OCCNCCCN(CCCN(CCCNCCOP(=O)(O)OCCCCCCCCCCCCCCC)CCOP(=O)(O)OCCCCCCCCCCCCCCC)CCOP(=O)(O)OCCCCCCCCCCCCCCC,0.9013694
CCCCCCCCCCCCCCCCOP(=O)(O)OCCNCCCN(CCCN(CCCNCCOP(=O)(O)OCCCCCCCCCCCCCCCC)CCOP(=O)(O)OCCCCCCCCCCCCCCCC)CCOP(=O)(O)OCCCCCCCCCCCCCCCC,0.88592327
CCCCOP(=O)(O)OCCN(C)CCN(CCN(C)CCOP(=O)(O)OCCCC)CC[N+](C)(CCOP(=O)(O)OCCCC)CCOP(=O)(O)OCCCC,0.9454896
CCCCCOP(=O)(O)OCCN(C)CCN(CCN(C)CCOP(=O)(O)OCCCCC)CC[N+](C)(CCOP(=O)(O)OCCCCC)CCOP(=O)(O)OCCCCC,0.95105356
CCCCCCOP(=O)(O)OCCN(C)CCN(CCN(C)CCOP(=O)(O)OCCCCCC)CC[N+](C)(CCOP(=O)(O)OCCCCCC)CCOP(=O)(O)OCCCCCC,0.9534816
CCCCCCCOP(=O)(O)OCCN(C)CCN(CCN(C)CCOP(=O)(O)OCCCCCCC)CC[N+](C)(CCOP(=O)(O)OCCCCCCC)CCOP(=O)(O)OCCCCCCC,0.93193
CCCCCCCCOP(=O)(O)OCCN(C)CCN(CCN(C)CCOP(=O)(O)OCCCCCCCC)CC[N+](C)(CCOP(=O)(O)OCCCCCCCC)CCOP(=O)(O)OCCCCCCCC,0.9415396
CCCCCCCCCOP(=O)(O)OCCN(C)CCN(CCN(C)CCOP(=O)(O)OCCCCCCCCC)CC[N+](C)(CCOP(=O)(O)OCCCCCCCCC)CCOP(=O)(O)OCCCCCCCCC,0.93976086
CCCCCCCCCCOP(=O)(O)OCCN(C)CCN(CCN(C)CCOP(=O)(O)OCCCCCCCCCC)CC[N+](C)(CCOP(=O)(O)OCCCCCCCCCC)CCOP(=O)(O)OCCCCCCCCCC,0.92877805
CCCCCCCCCCCOP(=O)(O)OCCN(C)CCN(CCN(C)CCOP(=O)(O)OCCCCCCCCCCC)CC[N+](C)(CCOP(=O)(O)OCCCCCCCCCCC)CCOP(=O)(O)OCCCCCCCCCCC,0.9200449
CCCCCCCCCCCCOP(=O)(O)OCCN(C)CCN(CCN(C)CCOP(=O)(O)OCCCCCCCCCCCC)CC[N+](C)(CCOP(=O)(O)OCCCCCCCCCCCC)CCOP(=O)(O)OCCCCCCCCCCCC,0.9534396
CCCCCCCCCCCCCOP(=O)(O)OCCN(C)CCN(CCN(C)CCOP(=O)(O)OCCCCCCCCCCCCC)CC[N+](C)(CCOP(=O)(O)OCCCCCCCCCCCCC)CCOP(=O)(O)OCCCCCCCCCCCCC,0.9453454
CCCCCCCCCCCCCCOP(=O)(O)OCCN(C)CCN(CCN(C)CCOP(=O)(O)OCCCCCCCCCCCCCC)CC[N+](C)(CCOP(=O)(O)OCCCCCCCCCCCCCC)CCOP(=O)(O)OCCCCCCCCCCCCCC,0.9025219
CCCCCCCCCCCCCCCOP(=O)(O)OCCN(C)CCN(CCN(C)CCOP(=O)(O)OCCCCCCCCCCCCCCC)CC[N+](C)(CCOP(=O)(O)OCCCCCCCCCCCCCCC)CCOP(=O)(O)OCCCCCCCCCCCCCCC,0.9115028
CCCCCCCCCCCCCCCCOP(=O)(O)OCCN(C)CCN(CCN(C)CCOP(=O)(O)OCCCCCCCCCCCCCCCC)CC[N+](C)(CCOP(=O)(O)OCCCCCCCCCCCCCCCC)CCOP(=O)(O)OCCCCCCCCCCCCCCCC,0.9132173
CCCCOP(=O)(O)OCCNCCN(CCNCCOP(=O)(O)OCCCC)CCN(CCOP(=O)(O)OCCCC)CCOP(=O)(O)OCCCC,0.928078
CCCCCOP(=O)(O)OCCNCCN(CCNCCOP(=O)(O)OCCCCC)CCN(CCOP(=O)(O)OCCCCC)CCOP(=O)(O)OCCCCC,0.9346688
CCCCCCOP(=O)(O)OCCNCCN(CCNCCOP(=O)(O)OCCCCCC)CCN(CCOP(=O)(O)OCCCCCC)CCOP(=O)(O)OCCCCCC,0.93791467
CCCCCCCOP(=O)(O)OCCNCCN(CCNCCOP(=O)(O)OCCCCCCC)CCN(CCOP(=O)(O)OCCCCCCC)CCOP(=O)(O)OCCCCCCC,0.9419911
CCCCCCCCOP(=O)(O)OCCNCCN(CCNCCOP(=O)(O)OCCCCCCCC)CCN(CCOP(=O)(O)OCCCCCCCC)CCOP(=O)(O)OCCCCCCCC,0.93832123
CCCCCCCCCOP(=O)(O)OCCNCCN(CCNCCOP(=O)(O)OCCCCCCCCC)CCN(CCOP(=O)(O)OCCCCCCCCC)CCOP(=O)(O)OCCCCCCCCC,0.94398683
CCCCCCCCCCOP(=O)(O)OCCNCCN(CCNCCOP(=O)(O)OCCCCCCCCCC)CCN(CCOP(=O)(O)OCCCCCCCCCC)CCOP(=O)(O)OCCCCCCCCCC,0.9299808
CCCCCCCCCCCOP(=O)(O)OCCNCCN(CCNCCOP(=O)(O)OCCCCCCCCCCC)CCN(CCOP(=O)(O)OCCCCCCCCCCC)CCOP(=O)(O)OCCCCCCCCCCC,0.9395755
CCCCCCCCCCCCOP(=O)(O)OCCNCCN(CCNCCOP(=O)(O)OCCCCCCCCCCCC)CCN(CCOP(=O)(O)OCCCCCCCCCCCC)CCOP(=O)(O)OCCCCCCCCCCCC,0.96645796
CCCCCCCCCCCCCOP(=O)(O)OCCNCCN(CCNCCOP(=O)(O)OCCCCCCCCCCCCC)CCN(CCOP(=O)(O)OCCCCCCCCCCCCC)CCOP(=O)(O)OCCCCCCCCCCCCC,0.9721854
CCCCCCCCCCCCCCOP(=O)(O)OCCNCCN(CCNCCOP(=O)(O)OCCCCCCCCCCCCCC)CCN(CCOP(=O)(O)OCCCCCCCCCCCCCC)CCOP(=O)(O)OCCCCCCCCCCCCCC,0.9246465
CCCCCCCCCCCCCCCOP(=O)(O)OCCNCCN(CCNCCOP(=O)(O)OCCCCCCCCCCCCCCC)CCN(CCOP(=O)(O)OCCCCCCCCCCCCCCC)CCOP(=O)(O)OCCCCCCCCCCCCCCC,0.94431454
CCCCCCCCCCCCCCCCOP(=O)(O)OCCNCCN(CCNCCOP(=O)(O)OCCCCCCCCCCCCCCCC)CCN(CCOP(=O)(O)OCCCCCCCCCCCCCCCC)CCOP(=O)(O)OCCCCCCCCCCCCCCCC,0.93093807
CCCCOP(=O)(O)OCCNCCN(CCNCCN(CCNCCOP(=O)(O)OCCCC)CCOP(=O)(O)OCCCC)CCOP(=O)(O)OCCCC,0.918045
CCCCCOP(=O)(O)OCCNCCN(CCNCCN(CCNCCOP(=O)(O)OCCCCC)CCOP(=O)(O)OCCCCC)CCOP(=O)(O)OCCCCC,0.92009145
CCCCCCOP(=O)(O)OCCNCCN(CCNCCN(CCNCCOP(=O)(O)OCCCCCC)CCOP(=O)(O)OCCCCCC)CCOP(=O)(O)OCCCCCC,0.9233578
CCCCCCCOP(=O)(O)OCCNCCN(CCNCCN(CCNCCOP(=O)(O)OCCCCCCC)CCOP(=O)(O)OCCCCCCC)CCOP(=O)(O)OCCCCCCC,0.9164564
CCCCCCCCOP(=O)(O)OCCNCCN(CCNCCN(CCNCCOP(=O)(O)OCCCCCCCC)CCOP(=O)(O)OCCCCCCCC)CCOP(=O)(O)OCCCCCCCC,0.926567
CCCCCCCCCOP(=O)(O)OCCNCCN(CCNCCN(CCNCCOP(=O)(O)OCCCCCCCCC)CCOP(=O)(O)OCCCCCCCCC)CCOP(=O)(O)OCCCCCCCCC,0.92433935
CCCCCCCCCCOP(=O)(O)OCCNCCN(CCNCCN(CCNCCOP(=O)(O)OCCCCCCCCCC)CCOP(=O)(O)OCCCCCCCCCC)CCOP(=O)(O)OCCCCCCCCCC,0.9231345
CCCCCCCCCCCOP(=O)(O)OCCNCCN(CCNCCN(CCNCCOP(=O)(O)OCCCCCCCCCCC)CCOP(=O)(O)OCCCCCCCCCCC)CCOP(=O)(O)OCCCCCCCCCCC,0.9301337
CCCCCCCCCCCCOP(=O)(O)OCCNCCN(CCNCCN(CCNCCOP(=O)(O)OCCCCCCCCCCCC)CCOP(=O)(O)OCCCCCCCCCCCC)CCOP(=O)(O)OCCCCCCCCCCCC,0.95182145
CCCCCCCCCCCCCOP(=O)(O)OCCNCCN(CCNCCN(CCNCCOP(=O)(O)OCCCCCCCCCCCCC)CCOP(=O)(O)OCCCCCCCCCCCCC)CCOP(=O)(O)OCCCCCCCCCCCCC,0.9509826
CCCCCCCCCCCCCCOP(=O)(O)OCCNCCN(CCNCCN(CCNCCOP(=O)(O)OCCCCCCCCCCCCCC)CCOP(=O)(O)OCCCCCCCCCCCCCC)CCOP(=O)(O)OCCCCCCCCCCCCCC,0.90736634
CCCCCCCCCCCCCCCOP(=O)(O)OCCNCCN(CCNCCN(CCNCCOP(=O)(O)OCCCCCCCCCCCCCCC)CCOP(=O)(O)OCCCCCCCCCCCCCCC)CCOP(=O)(O)OCCCCCCCCCCCCCCC,0.91368115
CCCCCCCCCCCCCCCCOP(=O)(O)OCCNCCN(CCNCCN(CCNCCOP(=O)(O)OCCCCCCCCCCCCCCCC)CCOP(=O)(O)OCCCCCCCCCCCCCCCC)CCOP(=O)(O)OCCCCCCCCCCCCCCCC,0.9139823
CCCCOP(=O)(O)OCCNCCN(CCOP(=O)(O)OCCCC)CCN(CCOP(=O)(O)OCCCC)CCN(CCNCCOP(=O)(O)OCCCC)CCOP(=O)(O)OCCCC,0.93645006
CCCCCOP(=O)(O)OCCNCCN(CCOP(=O)(O)OCCCCC)CCN(CCOP(=O)(O)OCCCCC)CCN(CCNCCOP(=O)(O)OCCCCC)CCOP(=O)(O)OCCCCC,0.9534166
CCCCCCOP(=O)(O)OCCNCCN(CCOP(=O)(O)OCCCCCC)CCN(CCOP(=O)(O)OCCCCCC)CCN(CCNCCOP(=O)(O)OCCCCCC)CCOP(=O)(O)OCCCCCC,0.962114
CCCCCCCOP(=O)(O)OCCNCCN(CCOP(=O)(O)OCCCCCCC)CCN(CCOP(=O)(O)OCCCCCCC)CCN(CCNCCOP(=O)(O)OCCCCCCC)CCOP(=O)(O)OCCCCCCC,0.9673388
CCCCCCCCOP(=O)(O)OCCNCCN(CCOP(=O)(O)OCCCCCCCC)CCN(CCOP(=O)(O)OCCCCCCCC)CCN(CCNCCOP(=O)(O)OCCCCCCCC)CCOP(=O)(O)OCCCCCCCC,0.97558135
CCCCCCCCCOP(=O)(O)OCCNCCN(CCOP(=O)(O)OCCCCCCCCC)CCN(CCOP(=O)(O)OCCCCCCCCC)CCN(CCNCCOP(=O)(O)OCCCCCCCCC)CCOP(=O)(O)OCCCCCCCCC,0.9170433
CCCCCCCCCCOP(=O)(O)OCCNCCN(CCOP(=O)(O)OCCCCCCCCCC)CCN(CCOP(=O)(O)OCCCCCCCCCC)CCN(CCNCCOP(=O)(O)OCCCCCCCCCC)CCOP(=O)(O)OCCCCCCCCCC,0.93394226
CCCCCCCCCCCOP(=O)(O)OCCNCCN(CCOP(=O)(O)OCCCCCCCCCCC)CCN(CCOP(=O)(O)OCCCCCCCCCCC)CCN(CCNCCOP(=O)(O)OCCCCCCCCCCC)CCOP(=O)(O)OCCCCCCCCCCC,0.9153444
CCCCCCCCCCCCOP(=O)(O)OCCNCCN(CCOP(=O)(O)OCCCCCCCCCCCC)CCN(CCOP(=O)(O)OCCCCCCCCCCCC)CCN(CCNCCOP(=O)(O)OCCCCCCCCCCCC)CCOP(=O)(O)OCCCCCCCCCCCC,0.92034304
CCCCCCCCCCCCCOP(=O)(O)OCCNCCN(CCOP(=O)(O)OCCCCCCCCCCCCC)CCN(CCOP(=O)(O)OCCCCCCCCCCCCC)CCN(CCNCCOP(=O)(O)OCCCCCCCCCCCCC)CCOP(=O)(O)OCCCCCCCCCCCCC,0.9191082
CCCCCCCCCCCCCCOP(=O)(O)OCCNCCN(CCOP(=O)(O)OCCCCCCCCCCCCCC)CCN(CCOP(=O)(O)OCCCCCCCCCCCCCC)CCN(CCNCCOP(=O)(O)OCCCCCCCCCCCCCC)CCOP(=O)(O)OCCCCCCCCCCCCCC,0.9243957
CCCCCCCCCCCCCCCOP(=O)(O)OCCNCCN(CCOP(=O)(O)OCCCCCCCCCCCCCCC)CCN(CCOP(=O)(O)OCCCCCCCCCCCCCCC)CCN(CCNCCOP(=O)(O)OCCCCCCCCCCCCCCC)CCOP(=O)(O)OCCCCCCCCCCCCCCC,0.82554924
CCCCCCCCCCCCCCCCOP(=O)(O)OCCNCCN(CCOP(=O)(O)OCCCCCCCCCCCCCCCC)CCN(CCOP(=O)(O)OCCCCCCCCCCCCCCCC)CCN(CCNCCOP(=O)(O)OCCCCCCCCCCCCCCCC)CCOP(=O)(O)OCCCCCCCCCCCCCCCC,0.8398297
