smiles,quantified_toxicity
CCCC1CCC(c2ccc(C#CCN(CC#Cc3ccc(C4CCC(CCC)CC4)cc3)c3ccccc3)cc2)CC1,0.9685
CCCCCCCCCCNCCOP(=O)(O)OCCCCCCCC,0.95
CCCCOP(=O)(O)OCCN(CCCN(C)C)CCCN(CCOP(=O)(O)OCCCC)CCOP(=O)(O)OCCCC,0.95
CCCCCCCCCCCCCCOP(=O)(O)OCCN(CCCCCCCCCC)CCCCCCCCCC,0.95
CCCCCCCCCC(=O)Oc1cc(CNCCCN2CCN(CCCN)CC2)cc(OC(=O)CCCCCCCCC)c1,1.0
CCCCCCCCCOP(=O)(O)OCCNCCN(CCNCCOP(=O)(O)OCCCCCCCCC)CCNCCOP(=O)(O)OCCCCCCCCC,0.95
CCCCCCc1ccc(C#CCN(CC#Cc2ccc(CCCCCC)cc2)CCOC)cc1,0.961
CCCCC(CC)CCC(=O)Oc1cc(CNCCN(CC)CC)cc(OC(=O)CCC(CC)CCCC)c1,0.9684333333333331
CCCCCCCCCC[N+](CCCCCCCCCC)(CCCCCCCCCC)CCOP(=O)(O)OCCCCCCC,0.95
CCCC1CCC(c2ccc(C#CCN(CC#Cc3ccc(C4CCC(CCC)CC4)cc3)CCN(CC#Cc3ccc(C4CCC(CCC)CC4)cc3)CC#Cc3ccc(C4CCC(CCC)CC4)cc3)cc2)CC1,0.911
CCCCCCCCCCCCOP(=O)(O)OCC[N+](CCCCCCCCCCCC)(CCCCCCCCCCCC)CCCCCCCCCCCC,0.95
N(CCC(=O)OCCOC(=O)C(C)CSC/C=C/CCC)(CCC(=O)OCCOC(=O)C(C)CSC/C=C/CCC)CCCN(C)C,0.9712643678
N(CCC(=O)OCCOC(=O)C(C)CSCCCCCC)(CCC(=O)OCCOC(=O)C(C)CSCCCCCC)CCCN1CCN(C)CC1,1.0
CCCCCCCCCCCCC(O)N(CCC(O)C(=O)NC1CC(N(C(O)CCCCCCCCCCCC)C(O)CCCCCCCCCCCC)C(OC2OC(CN(C(O)CCCCCCCCCCCC)C(O)CCCCCCCCCCCC)C(O)C(O)C2O)C(O)C1OC1OC(CO)C(O)C(N(C(O)CCCCCCCCCCCC)C(O)CCCCCCCCCCCC)C1O)C(O)CCCCCCCCCCCC,1.0
CCCCCCCCCCCOP(=O)(O)OCCNCCNCCNCCN(CCNCCOP(=O)(O)OCCCCCCCCCCC)CCOP(=O)(O)OCCCCCCCCCCC,0.95
CCCCOP(=O)(O)OCCN(CCCN1CCN(CCCN(CCOP(=O)(O)OCCCC)CCOP(=O)(O)OCCCC)CC1)CCOP(=O)(O)OCCCC,0.95
CCCCCCCCCCCCCCCOP(=O)(O)OCCNCCNCCN(CCNCCOP(=O)(O)OCCCCCCCCCCCCCCC)CCOP(=O)(O)OCCCCCCCCCCCCCCC,0.95
CCCCCCCCCCCCOP(=O)(O)OCCN(CCCCCC)CCCCCC,0.95
CCCCCCC(=O)Oc1cc(CNCCCN(CC)CC)cc(OC(=O)CCCCCC)c1,1.0
[O-]S(=O)(=O)CCC[N+](C)(C)CCNC(=O)CCN(C)CCN(CCN(C)CC(O)CCCCCCCCCCCCCCCC)CCN(C)CC(O)CCCCCCCCCCCCCCCC,1.0
[O-]S(=O)(=O)CCC[N+](C)(C)CCNC(=O)CCN(CC(O)CCCCCCCCCCCCCCCC)CCCN5CCN(CCCN(CC(O)CCCCCCCCCCCCCCCC)CC(O)CCCCCCCCCCCCCCCC)CC5,0.98027127
CCCCCCC(=O)Oc1cc(CNCCN2CCN(C)CC2)cc(OC(=O)CCCCCC)c1,1.0
[O-]S(=O)(=O)CCC[N+](C)(C)CCNC(=O)CCN(CC(O)CCCCCCCC)CCCN5CCN(CCCN(CC(O)CCCCCCCC)CC(O)CCCCCCCC)CC5,1.0
CCCCC(CC)CCC(=O)Oc1cc(OC(=O)CCC(CC)CCCC)c(CNCCN2CCN(C)CC2)c(OC(=O)CCC(CC)CCCC)c1,1.0
[O-]S(=O)(=O)CCC[N+](C)(C)CCNC(=O)CCN(C)CCN(CCN(C)CC(O)CCCCCC)CCN(C)CC(O)CCCCCC,1.0
CCCCCCCCCCC(O)N(CCC(O)C(=O)NC1CC(N(C(O)CCCCCCCCCC)C(O)CCCCCCCCCC)C(OC2OC(CN(C(O)CCCCCCCCCC)C(O)CCCCCCCCCC)C(O)C(O)C2O)C(O)C1OC1OC(CO)C(O)C(N(C(O)CCCCCCCCCC)C(O)CCCCCCCCCC)C1O)C(O)CCCCCCCCCC,0.7923497267999999
CCCCCCCOP(=O)(O)OCCN(C)CCN(CCN(C)CCOP(=O)(O)OCCCCCCC)CCN(C)CCOP(=O)(O)OCCCCCCC,0.95
CCCCCCCCCOP(=O)(O)OCCNCCN(CCN)CCNCCOP(=O)(O)OCCCCCCCCC,0.95
CCCCCCCCCCCCNCCOP(=O)(O)OCCCCCCCCCC,0.85
CCCC1CCC(c2ccc(C#CCN(CC#Cc3ccc(C4CCC(CCC)CC4)cc3)CCCN3CCCC3)cc2)CC1,0.9705
N(CCC(=O)OCCOC(=O)C(C)CSC/C=C\CCC)(CCC(=O)OCCOC(=O)C(C)CSC/C=C\CCC)CCN(C)C,0.9712643678
CCCCCCC(=O)Oc1cc(CNCCN(CC)CC)cc(OC(=O)CCCCCC)c1,1.0
CCCCC(C)CCC(=O)Oc1cc(OC(=O)CCC(C)CCCC)c(CNCCCN2CCN(CCCN)CC2)c(OC(=O)CCC(C)CCCC)c1,0.9724666666666668
CCCCCCCC(=O)Oc1cc(CNCCN(C)CCN)cc(OC(=O)CCCCCCC)c1,1.0
CCCCCCCCCCNCCOP(=O)(O)OCCCCCCC,0.85
CCCCCCCCC(O)CN(CC(O)CCCCCCCC)CC1CCC(N(CC(O)CCCCCCCC)CC(O)CCCCCCCC)C(OC2C(O)C(OC3CCC(C)(O)C(N(C)CC(O)CCCCCCCC)C3O)C(N(CC(O)CCCCCCCC)CC(O)CCCCCCCC)CC2N(CC(O)CCCCCCCC)CC(O)CCCCCCCC)O1,1.0
CCCCCCCCOP(=O)(O)OCCN(C)CCN(CCN(C)CCOP(=O)(O)OCCCCCCCC)CCN(C)CCOP(=O)(O)OCCCCCCCC,0.95
CCCCCCc1ccc(C#CCC(CC#Cc2ccc(CCCCCC)cc2)CCN(CCN(CC#Cc2ccc(CCCCCC)cc2)CC#Cc2ccc(CCCCCC)cc2)CCN(CC#Cc2ccc(CCCCCC)cc2)CC#Cc2ccc(CCCCCC)cc2)cc1,0.9
[O-]S(=O)(=O)CCC[N+](C)(C)CCNC(=O)CCN(CCC(=O)OCCCCCCCC)CCCN(C)CCCN(CCC(=O)OCCCCCCCC)CCC(=O)OCCCCCCCC,0.9195807456
CCCCCCCCCCCCOP(=O)(O)OCCNCCNCCNCCN(CCNCCOP(=O)(O)OCCCCCCCCCCCC)CCOP(=O)(O)OCCCCCCCCCCCC,0.95
CCCCCCCCCCCCCCCCOP(=O)(O)OCCN(CCCCCCCCCCCC)CCCCCCCCCCCC,0.95
CCCCCOP(=O)(O)OCCNCCCN1CCN(CCCNCCOP(=O)(O)OCCCCC)CC1,0.95
CCCCCCCCCCCCCCOP(=O)(O)OCC[N+](CCCCCCCCCC)(CCCCCCCCCC)CCCCCCCCCC,0.95
[O-]S(=O)(=O)CCC[N+](C)(C)CCNC(=O)CCN(CC(O)CCCCCCCCCCCCCC)CCN(C)CCN(CC(O)CCCCCCCCCCCCCC)CC(O)CCCCCCCCCCCCCC,0.8902589396
CCCCCCCCCCCCCCCCOP(=O)(O)OCC[N+](CCCCCCCC)(CCCCCCCC)CCCCCCCC,0.95
CCCCCCCCCOC(=O)CCSCCCC(=N)NCCCN(CCCNC(=N)CCCSCCC(=O)OCCCCCCCCC)CCCNC(=N)CCCSCCC(=O)OCCCCCCCCC,0.94
CCCCCCCOP(=O)(O)OCCNCCCN1CCN(CCCNCCOP(=O)(O)OCCCCCCC)CC1,0.95
[O-]S(=O)(=O)CCC[N+](C)(C)CCNC(=O)CCN(C)CCN(CCN(C)CC(O)CCCCCCCCCCCCCC)CCN(C)CC(O)CCCCCCCCCCCCCC,1.0
CCCC1CCC(c2ccc(C#CCN(CC#Cc3ccc(C4CCC(CCC)CC4)cc3)CCN3CCCC3)cc2)CC1,0.916
CCCCCCCCCCCCCCCCOP(=O)(O)OCCN(CCCCCCCCCCCCCCCC)CCCCCCCCCCCCCCCC,0.95
CCCCC(C)C(=O)Oc1cc(OC(=O)C(C)CCCC)c(CNCCCN2CCN(CCCN)CC2)c(OC(=O)C(C)CCCC)c1,0.9920666666666668
CCCCCCCOP(=O)(O)OCCN(CCCCCC)CCCCCC,0.95
CCCCCCCC(=O)Oc1cc(CNCCN(C)C)cc(OC(=O)CCCCCCC)c1,1.0
CCCCCCCCCCCCN(CCCCCCCCCCCC)CCOP(=O)(O)OCCCCC,0.95
CCCCCCCCCCCCCCCCCCN(CCCCCCCCCCCCCCCCCC)CCCCC(NC(C)=O)C(N)=O,0.8725490196
CCCCCCOP(=O)(O)OCCN(C)CCN(CCN(C)CCOP(=O)(O)OCCCCCC)CCN(C)CCOP(=O)(O)OCCCCCC,0.95
CCCCCCCCCCCC(=O)NCCN(CCCCC(NC(C)=O)C(N)=O)CCNC(=O)CCCCCCCCCCC,0.6862745098
CCCCCCCCCCCCC(O)CN(CC(O)CCCCCCCCCCCC)CC1CCC(N(CC(O)CCCCCCCCCCCC)CC(O)CCCCCCCCCCCC)C(OC2C(O)C(OC3CCC(C)(O)C(N(C)CC(O)CCCCCCCCCCCC)C3O)C(N(CC(O)CCCCCCCCCCCC)CC(O)CCCCCCCCCCCC)CC2N(CC(O)CCCCCCCCCCCC)CC(O)CCCCCCCCCCCC)O1,0.9224376731
CCCCCCCCCCOP(=O)(O)OCCNCCN(CCNCCN(CCNCCOP(=O)(O)OCCCCCCCCCC)CCOP(=O)(O)OCCCCCCCCCC)CCOP(=O)(O)OCCCCCCCCCC,0.95
CCCCCCCCCCCCCCN(CCCCCCCCCCCCCC)CCOP(=O)(O)OCCCCCCCCCCCC,0.95
CCCCCCCCOP(=O)(O)OCCNCCNCCN(CCNCCOP(=O)(O)OCCCCCCCC)CCOP(=O)(O)OCCCCCCCC,0.95
N(CCC(=O)OCCOC(=O)C(C)CSCC/C=C/CC)(CCC(=O)OCCOC(=O)C(C)CSCC/C=C/CC)CCCN(C)CCCN(CCC(=O)OCCOC(=O)C(C)CSCC/C=C/CC)(CCC(=O)OCCOC(=O)C(C)CSCC/C=C/CC),1.0
CCCCCCCCCCCC(O)N(C)C(C)C1CCC(N(C(O)CCCCCCCCCCC)C(O)CCCCCCCCCCC)C(OC2C(O)C(OC3OCC(C)(O)C(N(C)C(O)CCCCCCCCCCC)C3O)C(N(C(O)CCCCCCCCCCC)C(O)CCCCCCCCCCC)CC2N(C(O)CCCCCCCCCCC)C(O)CCCCCCCCCCC)O1,0.7076502732000001
N(CCC(=O)OCCOC(=O)C(C)CSCCCCCCCC)(CCC(=O)OCCOC(=O)C(C)CSCCCCCCCC)CCCN1CCN(C)CC1,1.0
CCCCCCCCCCCCCCCCNC(=N)CCCSCCC(=O)OCCCCCCCCCCCCCC,1.0
CCCCCCCCC(=O)Oc1cc(CNCCN2CCN(CCN)CC2)cc(OC(=O)CCCCCCCC)c1,1.0
CCCCCCCOP(=O)(O)OCCNCCN(CCOP(=O)(O)OCCCCCCC)CCN(CCNCCOP(=O)(O)OCCCCCCC)CCOP(=O)(O)OCCCCCCC,0.95
CCCC1CCC(c2ccc(C#CCN(CC#Cc3ccc(C4CCC(CCC)CC4)cc3)CCCN3CCN(CCCN(CC#Cc4ccc(C5CCC(CCC)CC5)cc4)CC#Cc4ccc(C5CCC(CCC)CC5)cc4)CC3)cc2)CC1,0.956
N(CCC(=O)OCCOC(=O)C(C)CSCC/C=C/CC)(CCC(=O)OCCOC(=O)C(C)CSCC/C=C/CC)CCCN(C)C,0.9750957854
CCCCCCCCCCCCCCNCCOP(=O)(O)OCCCCCC,0.85
N(CCC(=O)OCCOC(=O)C(C)CSCCC/C=C\C)(CCC(=O)OCCOC(=O)C(C)CSCCC/C=C\C)CCCN1CCN(CCCN(CCC(=O)OCCOC(=O)C(C)CSCCC/C=C\C)(CCC(=O)OCCOC(=O)C(C)CSCCC/C=C\C))CC1,0.9252873563
CCCCCCCCCCCCCCCCOC(=O)CCSCCCC(=N)NCCN(C)CCNC(=N)CCCSCCC(=O)OCCCCCCCCCCCCCCCC,1.0
CC(C)CCCCCOC(=O)CCCN(C)C1C(O)C(OC2C(O)C(OC3OC(C(C)O)C(O)C(O)C3N(CCCC(=O)OCCCCCC(C)C)CCCC(=O)OCCCCCC(C)C)C(N(CCCC(=O)OCCCCCC(C)C)CCCC(=O)OCCCCCC(C)C)CC2N(CCCC(=O)OCCCCCC(C)C)CCCC(=O)OCCCCCC(C)C)OCC1(C)O,1.0
CCCCCCCCCCCCOP(=O)(O)OCCNCCN1CCN(CCOP(=O)(O)OCCCCCCCCCCCC)CC1,0.95
CCCCC(O)CN(CCC(O)C(=O)N(CC(O)CCCC)C1CC(N(CC(O)CCCC)CC(O)CCCC)C(OC2OC(CN(CC(O)CCCC)CC(O)CCCC)C(O)C(O)C2O)C(O)C1OC1OC(CO)C(O)C(N(CC(O)CCCC)CC(O)CCCC)C1O)CC(O)CCCC,1.0
CCCCCCCCCC(=O)Oc1cc(CNCCCN)cc(OC(=O)CCCCCCCCC)c1,1.0
CCCCCCCCCCCCCCOP(=O)(O)OCCNCCN(CCNCCN(CCNCCOP(=O)(O)OCCCCCCCCCCCCCC)CCOP(=O)(O)OCCCCCCCCCCCCCC)CCOP(=O)(O)OCCCCCCCCCCCCCC,0.95
CCCCCCCCCOC(=O)CCSCCCC(=N)NCCCCCNC(=N)CCCSCCC(=O)OCCCCCCCCC,1.0
[O-]S(=O)(=O)CCC[N+](C)(C)CCNC(=O)CCN(CC(O)CCCCCCCCCCCCCC)CCCN5CCN(CCCN(CC(O)CCCCCCCCCCCCCC)CC(O)CCCCCCCCCCCCCC)CC5,1.0
CCCCC(C)CCC(=O)Oc1cc(CNCCN(C)CCN)cc(OC(=O)CCC(C)CCC)c1,0.9958333333333332
CCCCCCCCCCCCCCCCOP(=O)(O)OCCNCCCCCC,0.95
CCCCCCOP(=O)(O)OCCN(C)CCN(CCNC)CCN(C)CCOP(=O)(O)OCCCCCC,0.95
CCCCCCCCCCCCCCOC(=O)CCSCCCC(=N)NCCCN(C)CCCNC(=N)CCCSCCC(=O)OCCCCCCCCCCCCCC,0.935
CCCCOP(=O)(O)OCCN(C)CCN(CCN(C)CCOP(=O)(O)OCCCC)CCN(C)CCOP(=O)(O)OCCCC,0.95
CCCCCCCCCCCCOP(=O)(O)OCCNCCNCCNCCNCCOP(=O)(O)OCCCCCCCCCCCC,0.95
CCCC1CCC(c2ccc(C#CCN(CC#Cc3ccc(C4CCC(CCC)CC4)cc3)CCO)cc2)CC1,0.9685
CCCC1CCC(c2ccc(C#CCN(CC#Cc3ccc(C4CCC(CCC)CC4)cc3)C3CCC(O)CC3)cc2)CC1,0.9325
CCCCC(CC)CCC(=O)Oc1cc(OC(=O)CCC(CC)CCCC)c(CNCCCN(C)C)c(OC(=O)CCC(CC)CCCC)c1,0.9933666666666666
CCCCCCCOP(=O)(O)OCCNCCCNCCCNCCOP(=O)(O)OCCCCCCC,0.95
CCCCCCCCCCCOP(=O)(O)OCCN(CCCCCCCC)CCCCCCCC,0.95
CCCCCCCCCOP(=O)(O)OCCNCCCN(CCCNCCOP(=O)(O)OCCCCCCCCC)CCOP(=O)(O)OCCCCCCCCC,0.95
CCCCC(C)CCC(=O)Oc1cc(OC(=O)CCC(C)CCCC)c(CNCCCN(CC)CC)c(OC(=O)CCC(C)CCCC)c1,1.0
OCCN(CCC(=O)OCCOC(=O)C(C)CSCCC(C)CCC=C(C)C)CCCN(CCC(=O)OCCOC(=O)C(C)CSCCC(C)CCC=C(C)C)(CCC(=O)OCCOC(=O)C(C)CSCCC(C)CCC=C(C)C),0.898467433
CCCC1CCC(c2ccc(C#CCN(CC#Cc3ccc(C4CCC(CCC)CC4)cc3)C3CCCCC3)cc2)CC1,0.9415
CCCC1CCC(c2ccc(C#CCN(C)CCCN(C)CCCN(C)CC#Cc3ccc(C4CCC(CCC)CC4)cc3)cc2)CC1,0.8885
CCCCCCOP(=O)(O)OCCNCCCNCCCNCCOP(=O)(O)OCCCCCC,0.95
CCCC1CCC(c2ccc(C#CCN(CC#Cc3ccc(C4CCC(CCC)CC4)cc3)CCN(C)C)cc2)CC1,0.9045
CCCCC(CC)CCC(=O)Oc1cc(CNCCCN2CCN(C)CC2)cc(OC(=O)CCC(CC)CCCC)c1,1.0
CCCCCCCCCCCC(=O)NCCN(CCCCC(NC(=O)C(CCCCN(CCNC(=O)CCCCCCCCCCC)CCNC(=O)CCCCCCCCCCC)NC(C)=O)C(N)=O)CCNC(=O)CCCCCCCCCCC,0.6666666667
CCCCc1ccc(C#CCN(CC#Cc2ccc(CCCC)cc2)CCCN(CC#Cc2ccc(CCCC)cc2)CC#Cc2ccc(CCCC)cc2)cc1,0.8905
CCCCCCCCCCCCCCOP(=O)(O)OCCNCCCN(CCCN(CCCNCCOP(=O)(O)OCCCCCCCCCCCCCC)CCOP(=O)(O)OCCCCCCCCCCCCCC)CCOP(=O)(O)OCCCCCCCCCCCCCC,0.95
[O-]S(=O)(=O)CCC[N+](C)(C)CCNC(=O)CCN(C)CCN(CCN(C)CCC(=O)OCCCCCCCCCCCCCCCCCC)CCN(C)CCC(=O)OCCCCCCCCCCCCCCCCCC,0.9950678175
CCCCCCCCCCCCN(CCCCCCCCCCCC)CCCCC(NC(C)=O)C(N)=O,0.5490196078
CCCCCCCCCCCCOP(=O)(O)OCCNCCCNCCCN(CCCNCCOP(=O)(O)OCCCCCCCCCCCC)CCOP(=O)(O)OCCCCCCCCCCCC,0.95
CCCCCCCCCCCCOC(=O)CCN(CCCCC(NC(=O)C(CCCCN(CCC(=O)OCCCCCCCCCCCC)CCC(=O)OCCCCCCCCCCCC)NC(=O)C(CCCCN(CCC(=O)OCCCCCCCCCCCC)CCC(=O)OCCCCCCCCCCCC)NC(=O)C(CCCCN(CCC(=O)OCCCCCCCCCCCC)CCC(=O)OCCCCCCCCCCCC)NC(=O)C(CCCCN(CCC(=O)OCCCCCCCCCCCC)CCC(=O)OCCCCCCCCCCCC)NC(C)=O)C(N)=O)CCC(=O)OCCCCCCCCCCCC,0.8333333333
CCCCCCCCNCCOP(=O)(O)OCCCCCCC,0.95
CCCCCCCCCCCCCCOP(=O)(O)OCC[N+](CCCC)(CCCC)CCCC,0.95
CCCCCCCCCCCCCCCCOC(=O)CCSCCCC(=N)NCCCN1CCN(CCCNC(=N)CCCSCCC(=O)OCCCCCCCCCCCCCCCC)CC1,0.835
CCCCCCOP(=O)(O)OCCNCCNCCNCCNCCNCCOP(=O)(O)OCCCCCC,0.95
CCCCCCCCOP(=O)(O)OCCN(CCCCCCCC)CCCCCCCC,0.95
CCCCCCc1ccc(C#CCN(CC#Cc2ccc(CCCCCC)cc2)CCN(CC)CC)cc1,0.918
OCCN(CCC(=O)OCCOC(=O)C(C)CSCC/C=C/CC)CCCN(CCC(=O)OCCOC(=O)C(C)CSCC/C=C/CC)(CCC(=O)OCCOC(=O)C(C)CSCC/C=C/CC),1.0
CCCCC(CC)CCC(=O)Oc1cc(OC(=O)CCC(CC)CCCC)c(CNCCCN2CCN(CCCN)CC2)c(OC(=O)CCC(CC)CCCC)c1,0.9678333333333335
CCCCCCCCCCCCCCCOP(=O)(O)OCCNCCCC,0.95
N(CCC(=O)OCCOC(=O)C(C)CSCC/C=C\CC)(CCC(=O)OCCOC(=O)C(C)CSCC/C=C\CC)CCCN(C)C,1.0
CCCCCCCCCCCCCCN(CCCCCCCCCCCCCC)CCOP(=O)(O)OCCCC,0.95
CCCCCCCCCCCCCCOP(=O)(O)OCCN(CCCN1CCN(CCCN(CCOP(=O)(O)OCCCCCCCCCCCCCC)CCOP(=O)(O)OCCCCCCCCCCCCCC)CC1)CCOP(=O)(O)OCCCCCCCCCCCCCC,0.95
CCCCCCCCCCCCN(CCCCCCCCCCCC)CC(NC(=O)C(CN(CCCCCCCCCCCC)CCCCCCCCCCCC)NC(=O)C(CN(CCCCCCCCCCCC)CCCCCCCCCCCC)NC(=O)C(CN(CCCCCCCCCCCC)CCCCCCCCCCCC)NC(C)=O)C(N)=O,0.7745098039
CCCCCCCCCCCCOP(=O)(O)OCCNCCCNCCCNCCOP(=O)(O)OCCCCCCCCCCCC,0.95
CCCCCCCCCCCCCCNCCOP(=O)(O)OCCCCCCCCCCC,0.95
[O-]S(=O)(=O)CCC[N+](C)(C)CCNC(=O)CCN(C)CCN(CCN(C)CCC(=O)OCCCCCCCCCCCCCCCC)CCN(C)CCC(=O)OCCCCCCCCCCCCCCCC,1.0
CCCCCCCCOP(=O)(O)OCCNCCN(CCOP(=O)(O)OCCCCCCCC)CCN(CCOP(=O)(O)OCCCCCCCC)CCN(CCNCCOP(=O)(O)OCCCCCCCC)CCOP(=O)(O)OCCCCCCCC,0.95
N(CCC(=O)OCCOC(=O)C(C)CSCC/C=C\CC)(CCC(=O)OCCOC(=O)C(C)CSCC/C=C\CC)CCCN(C)CCCN(CCC(=O)OCCOC(=O)C(C)CSCC/C=C\CC)(CCC(=O)OCCOC(=O)C(C)CSCC/C=C\CC),1.0
CCCCCCCCCCCCCCNCCOP(=O)(O)OCCCC,0.95
CCCCc1ccc(C#CCN(CC#Cc2ccc(CCCC)cc2)CCO)cc1,0.9135
CCCCC(C)C(=O)Oc1cc(OC(=O)C(C)CCCC)c(CNCCN2CCN(C)CC2)c(OC(=O)C(C)CCCC)c1,0.9938666666666666
CCCCOP(=O)(O)OCCNCCCN1CCN(CCCN(CCOP(=O)(O)OCCCC)CCOP(=O)(O)OCCCC)CC1,0.95
CCCCC(C)CCC(=O)Oc1cc(OC(=O)CCC(C)CCCC)c(CNCCCN(C)C)c(OC(=O)CCC(C)CCCC)c1,1.0
CCCCCCC(=O)Oc1cc(CNCCN(CCN)CCN)cc(OC(=O)CCCCCC)c1,1.0
CCCCCCCCCCCCCCCCCC(=O)NNC(=N)CCCSCCC(=O)OCCCCCCCCCCCCCC,0.94
CCCCCCCCCC(=O)Oc1cc(CNCCCN(C)CCCN)cc(OC(=O)CCCCCCCCC)c1,1.0
CCCCCCCCCCCCCCOP(=O)(O)OCCNCCN(CCOP(=O)(O)OCCCCCCCCCCCCCC)CCN(CCNCCOP(=O)(O)OCCCCCCCCCCCCCC)CCOP(=O)(O)OCCCCCCCCCCCCCC,0.95
CCCCCCCCCCCCCCCCOP(=O)(O)OCCNCCCN(CCCNCCOP(=O)(O)OCCCCCCCCCCCCCCCC)CCOP(=O)(O)OCCCCCCCCCCCCCCCC,0.95
CCCCCCCCC(=O)Oc1cc(CNCCCN2CCN(CCCN)CC2)cc(OC(=O)CCCCCCCC)c1,0.9748666666666668
CCCCCCOP(=O)(O)OCCNCCN(CCNCCOP(=O)(O)OCCCCCC)CCNCCOP(=O)(O)OCCCCCC,0.95
CCCCCCCCCCN(CCCCCCCCCC)CCCCC(NC(C)=O)C(N)=O,0.3333333333
CCCCCCN(CCCCCC)CCCCC(NC(=O)C(CCCCN(CCCCCC)CCCCCC)NC(=O)C(CCCCN(CCCCCC)CCCCCC)NC(=O)C(CCCCN(CCCCCC)CCCCCC)NC(C)=O)C(N)=O,0.8823529412000001
CCCCCCCCCCCOP(=O)(O)OCCNCCNCCNCCNCCOP(=O)(O)OCCCCCCCCCCC,0.95
N(CCC(=O)OCCOC(=O)C(C)CSCCC/C=C\C)(CCC(=O)OCCOC(=O)C(C)CSCCC/C=C\C)CCCN1CCN(C)CC1,1.0
CCCCCCCCCCCCNC(=N)CCCSCCC(=O)OCCCCCCCCCCCC,1.0
CCCCC(CC)C(=O)Oc1cc(OC(=O)C(CC)CCCC)c(CNCCN(CC)CC)c(OC(=O)C(CC)CCCC)c1,0.9862
CCCCCC(C)C(=O)Oc1cc(CNCCN2CCN(CCN)CC2)cc(OC(=O)C(C)CCCCC)c1,0.9782
OCCN(CCC(=O)OCCOC(=O)C(C)CSC/C=C(C)/CC/C=C(C)/CCC=C(C)C)CCCN(CCC(=O)OCCOC(=O)C(C)CSC/C=C(C)/CC/C=C(C)/CCC=C(C)C)(CCC(=O)OCCOC(=O)C(C)CSC/C=C(C)/CC/C=C(C)/CCC=C(C)C),1.0
CCCCCCCOP(=O)(O)OCCN(C)CCN(CCNC)CCN(C)CCOP(=O)(O)OCCCCCCC,0.95
CCCCCCCCCOP(=O)(O)OCCN(CCCCCC)CCCCCC,0.95
CCCCCCCOP(=O)(O)OCCNCCCN(CCCN(C)C)CCOP(=O)(O)OCCCCCCC,0.95
CCCCCCCCCCCCCCCCOC(=O)CCSCCCC(=N)NCCCN(CCCCN(CCCNC(=N)CCCSCCC(=O)OCCCCCCCCCCCCCCCC)CCCNC(=N)CCCSCCC(=O)OCCCCCCCCCCCCCCCC)CCCNC(=N)CCCSCCC(=O)OCCCCCCCCCCCCCCCC,0.93
CCCCCCCCCCCCNCCOP(=O)(O)OCCCCCCCCCCC,0.95
CCCCC(C)C(=O)Oc1cc(CNCCN(CCN)CCN)cc(OC(=O)C(C)CCCC)c1,0.9569666666666666
[O-]S(=O)(=O)CCC[N+](C)(C)CCNC(=O)CCN(CCC(=O)OCCCCCCCCCCCCCCCCCC)CCCN5CCN(CCCN(CCC(=O)OCCCCCCCCCCCCCCCCCC)CCC(=O)OCCCCCCCCCCCCCCCCCC)CC5,0.9432799014
[O-]S(=O)(=O)CCC[N+](C)(C)CCNC(=O)CCN(CC(O)CCCCCCCCCCCCCCCC)CCN(C)CCN(CC(O)CCCCCCCCCCCCCCCC)CC(O)CCCCCCCCCCCCCCCC,0.8169431207
CCCCCCCCCCCCN(CCCCCCCCCCCC)CCC(NC(=O)C(CCN(CCCCCCCCCCCC)CCCCCCCCCCCC)NC(C)=O)C(N)=O,0.9705882353
CCCCCCCC[N+](CCCCCCCC)(CCCCCCCC)CCOP(=O)(O)OCCCC,0.95
CCCCCCCCCCCCCCCCCCNC(=N)CCCSCCC(=O)OCCCCCCCCCCCCCC,0.955
CCCCCCCCCCCCOC(=O)CCSCCCC(=N)NCCCNC(=N)CCCSCCC(=O)OCCCCCCCCCCCC,1.0
CCCCC(C)C(=O)Oc1cc(CNCCN(CC)CC)cc(OC(=O)C(C)CCCC)c1,0.9634666666666668
CCCCCCCCCCCCCCC(O)N(C)C(C)C1CCC(N(C(O)CCCCCCCCCCCCCC)C(O)CCCCCCCCCCCCCC)C(OC2C(O)C(OC3OCC(C)(O)C(N(C)C(O)CCCCCCCCCCCCCC)C3O)C(N(C(O)CCCCCCCCCCCCCC)C(O)CCCCCCCCCCCCCC)CC2N(C(O)CCCCCCCCCCCCCC)C(O)CCCCCCCCCCCCCC)O1,0.6994535519
CCCCCCCCCCCCCCNCCOP(=O)(O)OCCCCCCCC,0.95
CCCCCCCCOP(=O)(O)OCC[N+](CCCC)(CCCC)CCCC,0.95
CCCCCCCOP(=O)(O)OCCNCCNCCN(CCNCCOP(=O)(O)OCCCCCCC)CCOP(=O)(O)OCCCCCCC,0.95
[O-]S(=O)(=O)CCC[N+](C)(C)CCNC(=O)CCN(CCC(=O)OCCCCCCCCCC)CCN(C)CCN(CCC(=O)OCCCCCCCCCC)CCC(=O)OCCCCCCCCCC,0.9839704069
N(CCC(=O)OCCOC(=O)C(C)CSC/C=C\C/C=C\CC)(CCC(=O)OCCOC(=O)C(C)CSC/C=C\C/C=C\CC)CCCN(C)CCCN(CCC(=O)OCCOC(=O)C(C)CSC/C=C\C/C=C\CC)(CCC(=O)OCCOC(=O)C(C)CSC/C=C\C/C=C\CC),0.8735632184000001
CCCCC(CC)C(=O)Oc1cc(CNCCN(C)CCN)cc(OC(=O)C(CC)CCCC)c1,1.0
[O-]S(=O)(=O)CCC[N+](C)(C)CCNC(=O)CCN(C(C)C)CCN(CCN(C(C)C)CCC(=O)OCCCCCCCCCCCCCCCC)CCN(C(C)C)CCC(=O)OCCCCCCCCCCCCCCCC,1.0
N(CCC(=O)OCCOC(=O)C(C)CSCCCCCCCC)(CCC(=O)OCCOC(=O)C(C)CSCCCCCCCC)CCCN(C)C,1.0
CCCCOP(=O)(O)OCCNCCCNCCCNCCOP(=O)(O)OCCCC,0.95
CCCCCCOC(=O)CCCN(CCCC(=O)OCCCCCC)CC1CCC(N(CCCC(=O)OCCCCCC)CCCC(=O)OCCCCCC)C(OC2C(O)C(OC3CCC(C)(O)C(N(C)CCCC(=O)OCCCCCC)C3O)C(N(CCCC(=O)OCCCCCC)CCCC(=O)OCCCCCC)CC2N(CCCC(=O)OCCCCCC)CCCC(=O)OCCCCCC)O1,1.0
CCCCCOP(=O)(O)OCCNCCNCCN(CCNCCOP(=O)(O)OCCCCC)CCOP(=O)(O)OCCCCC,0.95
CCCCCCCCCCOP(=O)(O)OCCN(CCCC)CCCC,0.95
CCCCCCCCCCCCCCOP(=O)(O)OCCNCCCCCCCC,0.85
CCCCC(C)CCC(=O)Oc1cc(CNCCN(C)C)cc(OC(=O)CCC(C)CCC)c1,0.9256666666666666
CCCCCCCOP(=O)(O)OCCNCCCNCCCN(CCCNCCOP(=O)(O)OCCCCCCC)CCOP(=O)(O)OCCCCCCC,0.95
CCCCc1ccc(C#CCN(CC#Cc2ccc(CCCC)cc2)CCN(CC)CC)cc1,0.9145
CCCCCCCCCCCCCC(O)N(CC1OC(OC2C(O)C(OC3OC(CO)C(O)C(N(C(O)CCCCCCCCCCCCC)C(O)CCCCCCCCCCCCC)C3O)C(N(C(O)CCCCCCCCCCCCC)C(O)CCCCCCCCCCCCC)CC2N(C(O)CCCCCCCCCCCCC)C(O)CCCCCCCCCCCCC)C(N(C(O)CCCCCCCCCCCCC)C(O)CCCCCCCCCCCCC)C(O)C1O)C(O)CCCCCCCCCCCCC,0.4726775956
CCCCC(CC)CCC(=O)Oc1cc(OC(=O)CCC(CC)CCCC)c(CNCCN(C)C)c(OC(=O)CCC(CC)CCCC)c1,0.9858666666666666
CCCCCC(C)C(=O)Oc1cc(OC(=O)C(C)CCCCC)c(CNCCCN(CC)CC)c(OC(=O)C(C)CCCCC)c1,0.9755666666666666
CCCCCCCCN(CCCCCCCC)CCCCC(NC(=O)C(CCCCN(CCCCCCCC)CCCCCCCC)NC(=O)C(CCCCN(CCCCCCCC)CCCCCCCC)NC(C)=O)C(N)=O,0.3529411764999999
CCCCCCCOP(=O)(O)OCCNCCN(CCOP(=O)(O)OCCCCCCC)CCN(CCOP(=O)(O)OCCCCCCC)CCN(CCNCCOP(=O)(O)OCCCCCCC)CCOP(=O)(O)OCCCCCCC,0.95
CCCCCCCCCC[N+](CCCCCCCCCC)(CCCCCCCCCC)CCOP(=O)(O)OCCCCCCCCC,0.95
CCCCCC(C)CCC(=O)Oc1cc(CNCCN(CC)CC)cc(OC(=O)CCC(C)CCCCC)c1,0.9762666666666668
CCCCOP(=O)(O)OCCNCCNCCNCCNCCNCCOP(=O)(O)OCCCC,0.95
[O-]S(=O)(=O)CCC[N+](C)(C)CCNC(=O)CCN(C(C)C)CCN(CCN(C(C)C)CCC(=O)OCCCCCCCCCCCCCC)CCN(C(C)C)CCC(=O)OCCCCCCCCCCCCCC,1.0
CCCCCCCC/C=C\CCCCCCCCNC(=N)CCCSCCC(=O)OCCCCCCCCCCCCCCCC,0.965
CCCCCCCCCCCCCCOC(=O)CCSCCCC(=N)Nc1ccc(CCCCCCCCCC)cc1,0.94
CCCCCCCCOP(=O)(O)OCCN(CCCN1CCN(CCCN(CCOP(=O)(O)OCCCCCCCC)CCOP(=O)(O)OCCCCCCCC)CC1)CCOP(=O)(O)OCCCCCCCC,0.95
CCCCCCCCCCCCCOP(=O)(O)OCC[N+](CCCCCCCCCC)(CCCCCCCCCC)CCCCCCCCCC,0.95
CCCCCCCCCCCC(=O)NCCN(CCCCC(NC(=O)C(CCCCN(CCNC(=O)CCCCCCCCCCC)CCNC(=O)CCCCCCCCCCC)NC(=O)C(CCCCN(CCNC(=O)CCCCCCCCCCC)CCNC(=O)CCCCCCCCCCC)NC(=O)C(CCCCN(CCNC(=O)CCCCCCCCCCC)CCNC(=O)CCCCCCCCCCC)NC(=O)C(CCCCN(CCNC(=O)CCCCCCCCCCC)CCNC(=O)CCCCCCCCCCC)NC(C)=O)C(N)=O)CCNC(=O)CCCCCCCCCCC,0.6960784314
[O-]S(=O)(=O)CCC[N+](C)(C)CCNC(=O)CCN(CCC(=O)OCCCCCCCC)CCCN5CCN(CCCN(CCC(=O)OCCCCCCCC)CCC(=O)OCCCCCCCC)CC5,1.0
CCCCCOP(=O)(O)OCCN(CCCN(C)C)CCCN(CCOP(=O)(O)OCCCCC)CCOP(=O)(O)OCCCCC,0.95
N(CCC(=O)OCCOC(=O)C(C)CSCCCCCC)(CCC(=O)OCCOC(=O)C(C)CSCCCCCC)CCCN(C)C,1.0
CCCCOP(=O)(O)OCCNCCN1CCN(CCOP(=O)(O)OCCCC)CC1,0.95
CCCCCCCCCCCCOP(=O)(O)OCCN(CCOP(=O)(O)OCCCCCCCCCCCC)CCN1CCN(CCOP(=O)(O)OCCCCCCCCCCCC)CC1,0.95
CCCC1CCC(c2ccc(C#CCC(CC#Cc3ccc(C4CCC(CCC)CC4)cc3)CCN(CCN(CC#Cc3ccc(C4CCC(CCC)CC4)cc3)CC#Cc3ccc(C4CCC(CCC)CC4)cc3)CCN(CC#Cc3ccc(C4CCC(CCC)CC4)cc3)CC#Cc3ccc(C4CCC(CCC)CC4)cc3)cc2)CC1,0.9405
CCCCCCCCCCCCOC(=O)CCSCCCC(=N)NCCNCCN1CCN(CCNC(=N)CCCSCCC(=O)OCCCCCCCCCCCC)CC1,0.97
CCCCCOP(=O)(O)OCCN(C)CCN(CCNC)CCN(C)CCOP(=O)(O)OCCCCC,0.95
[O-]S(=O)(=O)CCC[N+](C)(C)CCNC(=O)CCN(C)CCN(CCN(C)CC(O)CCCCCCCC)CCN(C)CC(O)CCCCCCCC,1.0
CCCCCCOP(=O)(O)OCCNCCN1CCN(CCOP(=O)(O)OCCCCCC)CC1,0.95
CCCCCCCCCOC(=O)CCSCCCC(=N)NCCCN(C)CCCNC(=N)CCCSCCC(=O)OCCCCCCCCC,0.95
CCCCCCCCCOP(=O)(O)OCCN(CCCN(C)C)CCCN(CCOP(=O)(O)OCCCCCCCCC)CCOP(=O)(O)OCCCCCCCCC,0.95
CCCCCCN(CCCCCC)CCOP(=O)(O)OCCCCC,0.95
CCCCC(C)C(=O)Oc1cc(OC(=O)C(C)CCCC)c(CNCCN2CCN(CCN)CC2)c(OC(=O)C(C)CCCC)c1,0.9051666666666668
CCCCCCCCCCCCCOP(=O)(O)OCCNCCCCCC,0.95
CCCCc1ccc(C#CCN(CC#Cc2ccc(CCCC)cc2)CC(=O)OC)cc1,0.9485
N(CCC(=O)OCCOC(=O)C(C)CSC/C=C(C)/CC/C=C(C)/CCC=C(C)C)(CCC(=O)OCCOC(=O)C(C)CSC/C=C(C)/CC/C=C(C)/CCC=C(C)C)CCCN1CCN(CCCN(CCC(=O)OCCOC(=O)C(C)CSC/C=C(C)/CC/C=C(C)/CCC=C(C)C)(CCC(=O)OCCOC(=O)C(C)CSC/C=C(C)/CC/C=C(C)/CCC=C(C)C))CC1,0.9214559387
CCCCCCCCCCCCCCNCCOP(=O)(O)OCCCCCCCCCCCCC,0.95
CCCCCCCCCOC(=O)CCSCCCC(=N)NCCNC(=N)CCCSCCC(=O)OCCCCCCCCC,0.955
CCCCC(CC)C(=O)Oc1cc(OC(=O)C(CC)CCCC)c(CNCCCN2CCN(CCCN)CC2)c(OC(=O)C(CC)CCCC)c1,0.9323666666666668
CCCCCCCCCCCCCCOC(=O)CCSCCCC(=N)NCC(=O)OCCCCCCCC,1.0
[O-]S(=O)(=O)CCC[N+](C)(C)CCNC(=O)CCN(CC(O)CCCCCC)CCCN(C)CCCN(CC(O)CCCCCC)CC(O)CCCCCC,1.0
CCCCCCCCCCCCOP(=O)(O)OCCNCCCN1CCN(CCCN(CCOP(=O)(O)OCCCCCCCCCCCC)CCOP(=O)(O)OCCCCCCCCCCCC)CC1,0.95
CCCCCCCCCOP(=O)(O)OCCNCCN(CCNCCN(CCNCCOP(=O)(O)OCCCCCCCCC)CCOP(=O)(O)OCCCCCCCCC)CCOP(=O)(O)OCCCCCCCCC,0.95
CCCCCCCCCCOP(=O)(O)OCC[N+](CCCCCCCCCC)(CCCCCCCCCC)CCCCCCCCCC,0.95
CCCCC(CC)C(=O)Oc1cc(OC(=O)C(CC)CCCC)c(CNCCCN(C)CCCN)c(OC(=O)C(CC)CCCC)c1,0.9547333333333334
CCCCCCCCCCCOP(=O)(O)OCCNCCCN(CCCNCCOP(=O)(O)OCCCCCCCCCCC)CCOP(=O)(O)OCCCCCCCCCCC,0.95
CCCCCCCCCCCCCOP(=O)(O)OCCNCCCNCCCNCCOP(=O)(O)OCCCCCCCCCCCCC,0.95
CCCCCCCCCCCCOP(=O)(O)OCCNCCNCCNCCNCCNCCOP(=O)(O)OCCCCCCCCCCCC,0.95
CCCCOP(=O)(O)OCCN(CCOP(=O)(O)OCCCC)CCN1CCN(CCOP(=O)(O)OCCCC)CC1,0.95
CCCCCCCCCCCCCCCCOP(=O)(O)OCCN(CCCC)CCCC,0.95
CCCCCCCCCCCC[N+](CCCCCCCCCCCC)(CCCCCCCCCCCC)CCOP(=O)(O)OCCCCC,0.95
CCCCCCCCCCCCN(CCCCCCCCCCCC)CCCCC(NC(=O)C(CCCCN(CCCCCCCCCCCC)CCCCCCCCCCCC)NC(C)=O)C(N)=O,0.637254902
CCCCCCCCCCCCNC(=N)CCCSCCC(=O)OCCCCCCCCC,0.995
CCCCCCCCOP(=O)(O)OCCNCCCN(CCCN(CCCNCCOP(=O)(O)OCCCCCCCC)CCOP(=O)(O)OCCCCCCCC)CCOP(=O)(O)OCCCCCCCC,0.95
CCCCCCCCCCCCCCCCOP(=O)(O)OCCNCCN(CCOP(=O)(O)OCCCCCCCCCCCCCCCC)CCN(CCNCCOP(=O)(O)OCCCCCCCCCCCCCCCC)CCOP(=O)(O)OCCCCCCCCCCCCCCCC,0.95
CCCCCC(C)C(=O)Oc1cc(OC(=O)C(C)CCCCC)c(CNCCCN2CCN(CCCN)CC2)c(OC(=O)C(C)CCCCC)c1,1.0
CCCCCCCCCCOP(=O)(O)OCCNCCCNCCCNCCOP(=O)(O)OCCCCCCCCCC,0.95
N(CCN(CCC(=O)OCCOC(=O)C(C)CSC/C=C\C/C=C\CC)(CCC(=O)OCCOC(=O)C(C)CSC/C=C\C/C=C\CC))(CCN(CCC(=O)OCCOC(=O)C(C)CSC/C=C\C/C=C\CC)(CCC(=O)OCCOC(=O)C(C)CSC/C=C\C/C=C\CC))CCN(CCC(=O)OCCOC(=O)C(C)CSC/C=C\C/C=C\CC)(CCC(=O)OCCOC(=O)C(C)CSC/C=C\C/C=C\CC),0.9540229885
CCCCCCCCCOC(=O)CCSCCCC(=N)NCCCN1CCN(CCCNC(=N)CCCSCCC(=O)OCCCCCCCCC)CC1,0.905
CCCCCCCCCCCCCCOP(=O)(O)OCCNCCN1CCN(CCOP(=O)(O)OCCCCCCCCCCCCCC)CC1,0.95
CCCCCCCCCCCC[N+](CCCCCCCCCCCC)(CCCCCCCCCCCC)CCOP(=O)(O)OCCCCCCCCCC,0.95
CCCCCCOP(=O)(O)OCCNCCOCCOCCNCCOP(=O)(O)OCCCCCC,0.95
CCCCCCNCCOP(=O)(O)OCCCCCC,0.95
CCCCOP(=O)(O)OCCNCCCNCCCNCCCNCCOP(=O)(O)OCCCC,0.95
CCCCCCCCC(O)CN(CCCCC(NC(=O)C(CCCCN(CC(O)CCCCCCCC)CC(O)CCCCCCCC)NC(=O)C(CCCCN(CC(O)CCCCCCCC)CC(O)CCCCCCCC)NC(=O)C(CCCCN(CC(O)CCCCCCCC)CC(O)CCCCCCCC)NC(C)=O)C(N)=O)CC(O)CCCCCCCC,0.5392156863
[O-]S(=O)(=O)CCC[N+](C)(C)CCNC(=O)CCN(C(C)C)CCN(CCN(C(C)C)CCC(=O)OCCCCCCCC)CCN(C(C)C)CCC(=O)OCCCCCCCC,1.0
CCCCCCCCCCCCNCCOP(=O)(O)OCCCCCC,0.85
CCCCCCc1ccc(C#CCN(C)CC#Cc2ccc(CCCCCC)cc2)cc1,0.9635
CCCCCCCCCCCCCCCOP(=O)(O)OCCNCCCN1CCN(CCCNCCOP(=O)(O)OCCCCCCCCCCCCCCC)CC1,0.95
CCCCCCCCCCCCCCOP(=O)(O)OCCNCCOCCOCCNCCOP(=O)(O)OCCCCCCCCCCCCCC,0.95
CCCCCCCCCCOP(=O)(O)OCCN(CCCCCCCC)CCCCCCCC,0.95
CCCCC(C)C(=O)Oc1cc(CNCCCN2CCN(CCCN)CC2)cc(OC(=O)C(C)CCCC)c1,0.9692
CCCCCCCCCCCCCOP(=O)(O)OCCNCCN(CCOP(=O)(O)OCCCCCCCCCCCCC)CCN(CCNCCOP(=O)(O)OCCCCCCCCCCCCC)CCOP(=O)(O)OCCCCCCCCCCCCC,0.95
CCCCCCCCCCOP(=O)(O)OCCNCCN1CCN(CCOP(=O)(O)OCCCCCCCCCC)CC1,0.95
CCCCCCCCCCC(O)CN(CC(O)CCCCCCCCCC)CC1CCC(N(CC(O)CCCCCCCCCC)CC(O)CCCCCCCCCC)C(OC2C(O)C(OC3CCC(C)(O)C(N(C)CC(O)CCCCCCCCCC)C3O)C(N(CC(O)CCCCCCCCCC)CC(O)CCCCCCCCCC)CC2N(CC(O)CCCCCCCCCC)CC(O)CCCCCCCCCC)O1,0.7742382271
CCCCCCCCCCCCCOP(=O)(O)OCCNCCN(CCOP(=O)(O)OCCCCCCCCCCCCC)CCN(CCOP(=O)(O)OCCCCCCCCCCCCC)CCN(CCNCCOP(=O)(O)OCCCCCCCCCCCCC)CCOP(=O)(O)OCCCCCCCCCCCCC,0.95
CCCCC(CC)C(=O)Oc1cc(OC(=O)C(CC)CCCC)c(CNCCN(CCN)CCN)c(OC(=O)C(CC)CCCC)c1,0.9582
N(CCC(=O)OCCOC(=O)C(C)CSC/C=C(C)/CC/C=C(C)/CCC=C(C)C)(CCC(=O)OCCOC(=O)C(C)CSC/C=C(C)/CC/C=C(C)/CCC=C(C)C)CCCN1CCN(C)CC1,0.9808429119
CCCCCCCCCCCCC(O)N(C)C(C)C1CCC(N(C(O)CCCCCCCCCCCC)C(O)CCCCCCCCCCCC)C(OC2C(O)C(OC3OCC(C)(O)C(N(C)C(O)CCCCCCCCCCCC)C3O)C(N(C(O)CCCCCCCCCCCC)C(O)CCCCCCCCCCCC)CC2N(C(O)CCCCCCCCCCCC)C(O)CCCCCCCCCCCC)O1,0.7459016393
CCCCCCCCCCCCNCCOP(=O)(O)OCCCCCCCC,0.95
CCCCNCCOP(=O)(O)OCCCC,0.95
CCCCC(CC)CCC(=O)Oc1cc(OC(=O)CCC(CC)CCCC)c(CNCCN(CC)CC)c(OC(=O)CCC(CC)CCCC)c1,0.9827666666666666
[O-]S(=O)(=O)CCC[N+](C)(C)CCNC(=O)CCN(CC(O)CCCCCCCCCCCC)CCN(CCN(CC(O)CCCCCCCCCCCC)CC(O)CCCCCCCCCCCC)CCN(CC(O)CCCCCCCCCCCC)CC(O)CCCCCCCCCCCC,0.9963008631
CCCCCCCCCCCCCCCC(=O)NNC(=N)CCCSCCC(=O)OCCCCCCCCC,1.0
CCCCCOP(=O)(O)OCCNCCN(CCOP(=O)(O)OCCCCC)CCN(CCNCCOP(=O)(O)OCCCCC)CCOP(=O)(O)OCCCCC,0.95
N(CCN(CCC(=O)OCCOC(=O)C(C)CSC/C=C\CCC)(CCC(=O)OCCOC(=O)C(C)CSC/C=C\CCC))(CCN(CCC(=O)OCCOC(=O)C(C)CSC/C=C\CCC)(CCC(=O)OCCOC(=O)C(C)CSC/C=C\CCC))CCN(CCC(=O)OCCOC(=O)C(C)CSC/C=C\CCC)(CCC(=O)OCCOC(=O)C(C)CSC/C=C\CCC),0.9137931034
CCCCCCCC(=O)Oc1cc(CNCCN2CCN(CCN)CC2)cc(OC(=O)CCCCCCC)c1,0.9971333333333332
CCCCCCOP(=O)(O)OCCNCCNCCNCCN(CCNCCOP(=O)(O)OCCCCCC)CCOP(=O)(O)OCCCCCC,0.95
CCCCCCCCCCCCOP(=O)(O)OCCNCCN(CCN)CCNCCOP(=O)(O)OCCCCCCCCCCCC,0.95
[O-]S(=O)(=O)CCC[N+](C)(C)CCNC(=O)CCN(CCC(=O)OCCCCCCCCCCCC)CCCN5CCN(CCCN(CCC(=O)OCCCCCCCCCCCC)CCC(=O)OCCCCCCCCCCCC)CC5,0.9617755857
CCCCC(C)CCC(=O)Oc1cc(OC(=O)CCC(C)CCCC)c(CNCCN(CC)CC)c(OC(=O)CCC(C)CCCC)c1,0.9805666666666668
CCCCCCc1ccc(C#CCN(CC#Cc2ccc(CCCCCC)cc2)CCO)cc1,0.955
CCCCCCCCCCOP(=O)(O)OCCN(C)CCN(CCNC)CCN(C)CCOP(=O)(O)OCCCCCCCCCC,0.95
CCCC1CCC(c2ccc(C#CCN3CCN(CC#Cc4ccc(C5CCC(CCC)CC5)cc4)CC3)cc2)CC1,0.9535
CCCCCCCCC(O)CN(CCCCC(NC(=O)C(CCCCN(CC(O)CCCCCCCC)CC(O)CCCCCCCC)NC(C)=O)C(N)=O)CC(O)CCCCCCCC,0.8333333333
[O-]S(=O)(=O)CCC[N+](C)(C)CCNC(=O)CCN(C(C)C)CCN(CCN(C(C)C)CC(O)CCCCCC)CCN(C(C)C)CC(O)CCCCCC,1.0
CCCCCOP(=O)(O)OCCNCCCNCCCNCCOP(=O)(O)OCCCCC,0.95
CCCCCCCCCCCCOP(=O)(O)OCCNCCN(CCNCCOP(=O)(O)OCCCCCCCCCCCC)CCN(CCOP(=O)(O)OCCCCCCCCCCCC)CCOP(=O)(O)OCCCCCCCCCCCC,0.95
CCCCCOP(=O)(O)OCCNCCCN(CCCN(C)C)CCOP(=O)(O)OCCCCC,0.95
CCCCCCOP(=O)(O)OCCNCCNCCNCCNCCOP(=O)(O)OCCCCCC,0.95
CCCCCCCCOP(=O)(O)OCCNCCCN1CCN(CCCN(CCOP(=O)(O)OCCCCCCCC)CCOP(=O)(O)OCCCCCCCC)CC1,0.95
CCCCCCCCCCCCCCNC(=N)CCCSCCC(=O)OCCCCCCCCCCCC,1.0
CCCCCCCCCCCCOP(=O)(O)OCC[N+](CCCCCC)(CCCCCC)CCCCCC,0.95
N(CCN(CCC(=O)OCCOC(=O)C(C)CSCCCCCC)(CCC(=O)OCCOC(=O)C(C)CSCCCCCC))(CCN(CCC(=O)OCCOC(=O)C(C)CSCCCCCC)(CCC(=O)OCCOC(=O)C(C)CSCCCCCC))CCN(CCC(=O)OCCOC(=O)C(C)CSCCCCCC)(CCC(=O)OCCOC(=O)C(C)CSCCCCCC),1.0
CCCCCCCCC(=O)Oc1cc(CNCCCN(C)CCCN)cc(OC(=O)CCCCCCCC)c1,0.9537
N(CCC(=O)OCCOC(=O)C(C)CSCCCCCCCC)(CCC(=O)OCCOC(=O)C(C)CSCCCCCCCC)CCN(C)C,1.0
CCCCCCOP(=O)(O)OCCN(C)CCN(CCN(C)CCOP(=O)(O)OCCCCCC)CC[N+](C)(CCOP(=O)(O)OCCCCCC)CCOP(=O)(O)OCCCCCC,0.95
CCCCCCCCCCCCCOP(=O)(O)OCC[N+](CCCC)(CCCC)CCCC,0.95
CCCCCCCCOP(=O)(O)OCCNCCCN1CCN(CCCNCCOP(=O)(O)OCCCCCCCC)CC1,0.95
CCCCCCCCCC(=O)Oc1cc(CNCCCN2CCN(C)CC2)cc(OC(=O)CCCCCCCCC)c1,1.0
CCCCCCCCCCCCCOP(=O)(O)OCCNCCCN(CCCN(CCCNCCOP(=O)(O)OCCCCCCCCCCCCC)CCOP(=O)(O)OCCCCCCCCCCCCC)CCOP(=O)(O)OCCCCCCCCCCCCC,0.95
CCCCCCCCCCCCCCOP(=O)(O)OCCNCCCCCCCCCC,0.85
CCCCCCCCCCCCNCCOP(=O)(O)OCCCC,0.95
CCCCCCCCCCCOP(=O)(O)OCCNCCN(CCNCCOP(=O)(O)OCCCCCCCCCCC)CCNCCOP(=O)(O)OCCCCCCCCCCC,0.95
CCCCCCCCCCCCCCCOP(=O)(O)OCCNCCN(CCNCCN(CCNCCOP(=O)(O)OCCCCCCCCCCCCCCC)CCOP(=O)(O)OCCCCCCCCCCCCCCC)CCOP(=O)(O)OCCCCCCCCCCCCCCC,0.85
CCCCCCc1ccc(C#CCN(CC#Cc2ccc(CCCCCC)cc2)CCCN(CC#Cc2ccc(CCCCCC)cc2)CC#Cc2ccc(CCCCCC)cc2)cc1,0.9315
CCCCCOP(=O)(O)OCCN(C)CCN(CCN(C)CCOP(=O)(O)OCCCCC)CCN(C)CCOP(=O)(O)OCCCCC,0.95
CCCCCC(C)C(=O)Oc1cc(OC(=O)C(C)CCCCC)c(CNCCN(CC)CC)c(OC(=O)C(C)CCCCC)c1,0.9846666666666664
CCCCCCCCCCCCCCCOP(=O)(O)OCCNCCCCCC,0.95
CCCCCCCCCCC(O)CN(CCCCC(NC(=O)C(CCCCN(CC(O)CCCCCCCCCC)CC(O)CCCCCCCCCC)NC(=O)C(CCCCN(CC(O)CCCCCCCCCC)CC(O)CCCCCCCCCC)NC(=O)C(CCCCN(CC(O)CCCCCCCCCC)CC(O)CCCCCCCCCC)NC(=O)C(CCCCN(CC(O)CCCCCCCCCC)CC(O)CCCCCCCCCC)NC(C)=O)C(N)=O)CC(O)CCCCCCCCCC,0.5392156863
CCCCCCCCCCCCOC(=O)CCSCCCC(=N)NCCCN(CCCNC(=N)CCCSCCC(=O)OCCCCCCCCCCCC)CCCNC(=N)CCCSCCC(=O)OCCCCCCCCCCCC,0.945
CCCCC(O)CN(C)C1CC(N(CC(O)CCCC)CC(O)CCCC)C(O)C(OC2OC(CO)C(O)C3OC4(OC23)OC(C(CO)N(CC(O)CCCC)CC(O)CCCC)C(O)C(O)C4O)C1O,1.0
CCCCCCc1ccc(C#CCN(CC#Cc2ccc(CCCCCC)cc2)CCN(CC#Cc2ccc(CCCCCC)cc2)CC#Cc2ccc(CCCCCC)cc2)cc1,0.9485
CCCCCCCCCCCCN(CCCCCCCCCCCC)CC(NC(=O)C(CN(CCCCCCCCCCCC)CCCCCCCCCCCC)NC(=O)C(CN(CCCCCCCCCCCC)CCCCCCCCCCCC)NC(C)=O)C(N)=O,0.4705882353
CCCCCCCCCCCCCOP(=O)(O)OCCNCCCN1CCN(CCCNCCOP(=O)(O)OCCCCCCCCCCCCC)CC1,0.95
CCCCCCCCCOP(=O)(O)OCCNCCCN(CCCN(C)C)CCOP(=O)(O)OCCCCCCCCC,0.95
CCCCCCCCCOP(=O)(O)OCCNCCCN(CCCN(CCCNCCOP(=O)(O)OCCCCCCCCC)CCOP(=O)(O)OCCCCCCCCC)CCOP(=O)(O)OCCCCCCCCC,0.95
CCCCC(CC)CCC(=O)Oc1cc(OC(=O)CCC(CC)CCCC)c(CNCCN2CCN(CCN)CC2)c(OC(=O)CCC(CC)CCCC)c1,0.8946
CCCCCCCCCCCCCCCCOP(=O)(O)OCCN(C)CCN(CCN(C)CCOP(=O)(O)OCCCCCCCCCCCCCCCC)CCN(C)CCOP(=O)(O)OCCCCCCCCCCCCCCCC,0.95
CCCCCCCCCCCCN(CCCCCCCCCCCC)CCOP(=O)(O)OCCCCCCCCCC,0.95
CCCCCCCOP(=O)(O)OCCNCCN(CCN)CCNCCOP(=O)(O)OCCCCCCC,0.95
CCCCC(CC)CCC(=O)Oc1cc(CNCCN2CCN(C)CC2)cc(OC(=O)CCC(CC)CCCC)c1,0.9948666666666668
CCCCCCCCCCCCCCCCCC(=O)NNC(=N)CCCSCCC(=O)OCCCCCCCCC,0.985
OCCN(CCC(=O)OCCOC(=O)C(C)CSCCC/C=C/C)CCCN(CCC(=O)OCCOC(=O)C(C)CSCCC/C=C/C)(CCC(=O)OCCOC(=O)C(C)CSCCC/C=C/C),0.9540229885
CCCCCCCCCCCOP(=O)(O)OCCN(CCCCCCCCCC)CCCCCCCCCC,0.95
CCCCCCCCCOP(=O)(O)OCCN(CCCN1CCN(CCCN(CCOP(=O)(O)OCCCCCCCCC)CCOP(=O)(O)OCCCCCCCCC)CC1)CCOP(=O)(O)OCCCCCCCCC,0.95
CCCCCCCCCCCCCCOC(=O)CCSCCCC(=N)NCCCCCCCCCCCC,0.985
CCCCCCCCCCCCCCCOP(=O)(O)OCCN(CCCCCCCCCCCCCC)CCCCCCCCCCCCCC,0.85
CCCCCCCCCCOC(=O)CCCN(C)C1C(O)C(OC2C(O)C(OC3OC(C(C)O)C(O)C(O)C3N(CCCC(=O)OCCCCCCCCCC)CCCC(=O)OCCCCCCCCCC)C(N(CCCC(=O)OCCCCCCCCCC)CCCC(=O)OCCCCCCCCCC)CC2N(CCCC(=O)OCCCCCCCCCC)CCCC(=O)OCCCCCCCCCC)OCC1(C)O,1.0
CCCCCCC(=O)Oc1cc(CNCCCN(C)CCCN)cc(OC(=O)CCCCCC)c1,1.0
CCCCCCCCCCCCN(CCCCCCCCCCCC)CCC(NC(C)=O)C(N)=O,0.8921568627
[O-]S(=O)(=O)CCC[N+](C)(C)CCNC(=O)CCN(C(C)C)CCN(CCN(C(C)C)CCC(=O)OCCCCCCCCCCCC)CCN(C(C)C)CCC(=O)OCCCCCCCCCCCC,1.0
CCCCCCCCCCCCCCCCOP(=O)(O)OCCNCCCN1CCN(CCCN(CCOP(=O)(O)OCCCCCCCCCCCCCCCC)CCOP(=O)(O)OCCCCCCCCCCCCCCCC)CC1,0.95
CCCCc1ccc(C#CCN(CC#Cc2ccc(CCCC)cc2)CCN2CCN(C)CC2)cc1,0.951
CCCCC(C)CCC(=O)Oc1cc(CNCCCN)cc(OC(=O)CCC(C)CCC)c1,1.0
CCCCCCCCCCCCOP(=O)(O)OCCNCCCN(CCCN(CCCNCCOP(=O)(O)OCCCCCCCCCCCC)CCOP(=O)(O)OCCCCCCCCCCCC)CCOP(=O)(O)OCCCCCCCCCCCC,0.95
N(CCN(CCC(=O)OCCOC(=O)C(C)CSC/C=C(C)\CCC=C(C)C)(CCC(=O)OCCOC(=O)C(C)CSC/C=C(C)\CCC=C(C)C))(CCN(CCC(=O)OCCOC(=O)C(C)CSC/C=C(C)\CCC=C(C)C)(CCC(=O)OCCOC(=O)C(C)CSC/C=C(C)\CCC=C(C)C))CCN(CCC(=O)OCCOC(=O)C(C)CSC/C=C(C)\CCC=C(C)C)(CCC(=O)OCCOC(=O)C(C)CSC/C=C(C)\CCC=C(C)C),0.9272030651
CCCCCCCCCOP(=O)(O)OCCNCCCNCCCNCCCNCCOP(=O)(O)OCCCCCCCCC,0.95
CCCCCCCCCCCCC(O)CN(CCC(O)C(=O)N(CC(O)CCCCCCCCCCCC)C1CC(N(CC(O)CCCCCCCCCCCC)CC(O)CCCCCCCCCCCC)C(OC2OC(CN(CC(O)CCCCCCCCCCCC)CC(O)CCCCCCCCCCCC)C(O)C(O)C2O)C(O)C1OC1OC(CO)C(O)C(N(CC(O)CCCCCCCCCCCC)CC(O)CCCCCCCCCCCC)C1O)CC(O)CCCCCCCCCCCC,0.8130193906
CCCCC(C)C(=O)Oc1cc(CNCCCN(C)C)cc(OC(=O)C(C)CCCC)c1,0.9604
CCCCCCCCCCCCCCN(CCCCCCCCCCCCCC)CCOP(=O)(O)OCCCCC,0.95
CCCCC(C)CCC(=O)Oc1cc(CNCCCN(C)CCCN)cc(OC(=O)CCC(C)CCC)c1,0.9694
CC(C)CCCCCOC(=O)CCCN(CCCC(=O)OCCCCCC(C)C)CC1CCC(N(CCCC(=O)OCCCCCC(C)C)CCCC(=O)OCCCCCC(C)C)C(OC2C(O)C(OC3CCC(C)(O)C(N(C)CCCC(=O)OCCCCCC(C)C)C3O)C(N(CCCC(=O)OCCCCCC(C)C)CCCC(=O)OCCCCCC(C)C)CC2N(CCCC(=O)OCCCCCC(C)C)CCCC(=O)OCCCCCC(C)C)O1,1.0
CCCCCCOP(=O)(O)OCCNCCCN(CCCNCCOP(=O)(O)OCCCCCC)CCOP(=O)(O)OCCCCCC,0.95
CCCCCCCCCC[N+](CCCCCCCCCC)(CCCCCCCCCC)CCOP(=O)(O)OCCCCCC,0.95
CCCCCCCCCCC(O)CN(C)C1CC(N(CC(O)CCCCCCCCCC)CC(O)CCCCCCCCCC)C(O)C(OC2OC(CO)C(O)C3OC4(OC23)OC(C(CO)N(CC(O)CCCCCCCCCC)CC(O)CCCCCCCCCC)C(O)C(O)C4O)C1O,1.0
CCCC1CCC(c2ccc(C#CCN(CC#Cc3ccc(C4CCC(CCC)CC4)cc3)CCOCCOCCN(CC#Cc3ccc(C4CCC(CCC)CC4)cc3)CC#Cc3ccc(C4CCC(CCC)CC4)cc3)cc2)CC1,0.9285
CCCCCCCCCCCCCCOP(=O)(O)OCCNCCCNCCCNCCCNCCOP(=O)(O)OCCCCCCCCCCCCCC,0.95
CCCCCCCCCCCCCOP(=O)(O)OCCN(C)CCN(CCNC)CCN(C)CCOP(=O)(O)OCCCCCCCCCCCCC,0.95
CCCCCCCCCC(=O)Oc1cc(CNCCN2CCN(CCN)CC2)cc(OC(=O)CCCCCCCCC)c1,0.9444333333333336
CCCCCCCCCCCOP(=O)(O)OCCN(CCCCCC)CCCCCC,0.95
CCCCCCCCCCCCCCCCN(CCCCCCCCCCCCCCCC)CCCCC(NC(=O)C(CCCCN(CCCCCCCCCCCCCCCC)CCCCCCCCCCCCCCCC)NC(=O)C(CCCCN(CCCCCCCCCCCCCCCC)CCCCCCCCCCCCCCCC)NC(C)=O)C(N)=O,0.9901960784
CCCCCCCCCCCCCCOP(=O)(O)OCCNCCCC,0.85
CCCCCCCCCOP(=O)(O)OCCNCCN(CCOP(=O)(O)OCCCCCCCCC)CCN(CCNCCOP(=O)(O)OCCCCCCCCC)CCOP(=O)(O)OCCCCCCCCC,0.95
CCCCCCCCCCCCOC(=O)CCSCCCC(=N)NCCN(CCNC(=N)CCCSCCC(=O)OCCCCCCCCCCCC)CCNC(=N)CCCSCCC(=O)OCCCCCCCCCCCC,0.975
CCCCCCCCCCCOP(=O)(O)OCC[N+](CCCCCC)(CCCCCC)CCCCCC,0.95
CCCCCCOP(=O)(O)OCCNCCN(CCNCCN(CCNCCOP(=O)(O)OCCCCCC)CCOP(=O)(O)OCCCCCC)CCOP(=O)(O)OCCCCCC,0.95
CCCCCCCCCCCCCCCCCCNC(=N)CCCSCCC(=O)OCCCCCCCCC,0.965
CCCCCCCCCCCCCCOP(=O)(O)OCCNCCCNCCCN(CCCNCCOP(=O)(O)OCCCCCCCCCCCCCC)CCOP(=O)(O)OCCCCCCCCCCCCCC,0.95
N(CCC(=O)OCCOC(=O)C(C)CSC/C=C\C/C=C\CC)(CCC(=O)OCCOC(=O)C(C)CSC/C=C\C/C=C\CC)CCCN1CCN(CCCN(CCC(=O)OCCOC(=O)C(C)CSC/C=C\C/C=C\CC)(CCC(=O)OCCOC(=O)C(C)CSC/C=C\C/C=C\CC))CC1,0.9923371648
CCCCCCCCCCCCCCCCOP(=O)(O)OCCNCCN(CCNCCOP(=O)(O)OCCCCCCCCCCCCCCCC)CCN(CCOP(=O)(O)OCCCCCCCCCCCCCCCC)CCOP(=O)(O)OCCCCCCCCCCCCCCCC,0.95
CCCCCCCCC(=O)Oc1cc(CNCCN2CCN(C)CC2)cc(OC(=O)CCCCCCCC)c1,0.9719333333333332
N(CCC(=O)OCCOC(=O)C(C)CSCCC/C=C\C)(CCC(=O)OCCOC(=O)C(C)CSCCC/C=C\C)CCN(C)C,1.0
CCCCCCCCCCCCCCCCOP(=O)(O)OCCNCCCCCCCC,0.95
CCCCCCCCCCCCC(O)N(CC1OC(OC2C(OC3OC(CO)C(O)C3O)C(O)C(N(C(O)CCCCCCCCCCCC)C(O)CCCCCCCCCCCC)CC2N(C(O)CCCCCCCCCCCC)C(O)CCCCCCCCCCCC)C(N(C(O)CCCCCCCCCCCC)C(O)CCCCCCCCCCCC)C(O)C1O)C(O)CCCCCCCCCCCC,0.6885245902
N(CCC(=O)OCCOC(=O)C(C)CSCCC/C=C/C)(CCC(=O)OCCOC(=O)C(C)CSCCC/C=C/C)CCN(C)C,0.9406130268
CCCCCCCCCCCCCCCOP(=O)(O)OCCN(C)CCN(CCNC)CCN(C)CCOP(=O)(O)OCCCCCCCCCCCCCCC,0.95
CCCCCCCCCCOP(=O)(O)OCCN(CCOP(=O)(O)OCCCCCCCCCC)CCN1CCN(CCOP(=O)(O)OCCCCCCCCCC)CC1,0.95
CCCCCCCCCCCCOP(=O)(O)OCCN(CCCN1CCN(CCCN(CCOP(=O)(O)OCCCCCCCCCCCC)CCOP(=O)(O)OCCCCCCCCCCCC)CC1)CCOP(=O)(O)OCCCCCCCCCCCC,0.95
CCCCCCCCCCOP(=O)(O)OCCNCCCC,0.85
CCCCc1ccc(C#CCN(C)CCCN(C)CC#Cc2ccc(CCCC)cc2)cc1,0.9445
CCCCCCCCCCOP(=O)(O)OCC[N+](CCCCCC)(CCCCCC)CCCCCC,0.95
CCCCCCOP(=O)(O)OCCN(CCCN(C)C)CCCN(CCOP(=O)(O)OCCCCCC)CCOP(=O)(O)OCCCCCC,0.95
CCCCC(CC)CCC(=O)Oc1cc(CNCCCN(C)C)cc(OC(=O)CCC(CC)CCCC)c1,1.0
CCCCCCCCCCCCCCOP(=O)(O)OCCNCCCCCC,0.95
CCCCCC(C)CCC(=O)Oc1cc(CNCCN(C)C)cc(OC(=O)CCC(C)CCCCC)c1,0.9312
CCCCCCCCOC(=O)CCCN(CCCC(=O)OCCCCCCCC)CCC(O)C(=O)N(CCCC(=O)OCCCCCCCC)C1CC(N(CCCC(=O)OCCCCCCCC)CCCC(=O)OCCCCCCCC)C(OC2OC(CN(CCCC(=O)OCCCCCCCC)CCCC(=O)OCCCCCCCC)C(O)C(O)C2O)C(O)C1OC1OC(CO)C(O)C(N(CCCC(=O)OCCCCCCCC)CCCC(=O)OCCCCCCCC)C1O,1.0
CCCCCCOC(=O)CCCN(C)C1C(O)C(OC2C(O)C(OC3OC(C(C)O)C(O)C(O)C3N(CCCC(=O)OCCCCCC)CCCC(=O)OCCCCCC)C(N(CCCC(=O)OCCCCCC)CCCC(=O)OCCCCCC)CC2N(CCCC(=O)OCCCCCC)CCCC(=O)OCCCCCC)OCC1(C)O,1.0
CCCCCCCCCCCCOC(=O)CCN(CCCCC(NC(=O)C(CCCCN(CCC(=O)OCCCCCCCCCCCC)CCC(=O)OCCCCCCCCCCCC)NC(=O)C(CCCCN(CCC(=O)OCCCCCCCCCCCC)CCC(=O)OCCCCCCCCCCCC)NC(=O)C(CCCCN(CCC(=O)OCCCCCCCCCCCC)CCC(=O)OCCCCCCCCCCCC)NC(C)=O)C(N)=O)CCC(=O)OCCCCCCCCCCCC,0.7549019608
[O-]S(=O)(=O)CCC[N+](C)(C)CCNC(=O)CCN(CC(O)CCCCCC)CCN(CCN(CC(O)CCCCCC)CC(O)CCCCCC)CCN(CC(O)CCCCCC)CC(O)CCCCCC,0.9309494451
CCCCCOP(=O)(O)OCCNCCN(CCNCCN(CCNCCOP(=O)(O)OCCCCC)CCOP(=O)(O)OCCCCC)CCOP(=O)(O)OCCCCC,0.95
CCCCCCOP(=O)(O)OCCNCCCC,0.95
CCCCCCCCCOC(=O)CCSCCCC(=N)NCCN(CCNC(=N)CCCSCCC(=O)OCCCCCCCCC)CCNC(=N)CCCSCCC(=O)OCCCCCCCCC,1.0
[O-]S(=O)(=O)CCC[N+](C)(C)CCNC(=O)CCN(CCC(=O)OCCCCCCCCCCCC)CCN(CCN(CCC(=O)OCCCCCCCCCCCC)CCC(=O)OCCCCCCCCCCCC)CCN(CCC(=O)OCCCCCCCCCCCC)CCC(=O)OCCCCCCCCCCCC,0.988307261
CCCCCCCCCCCC(O)N(CC1OC(OC2C(O)C(OC3OC(CO)C(O)C(N(C(O)CCCCCCCCCCC)C(O)CCCCCCCCCCC)C3O)C(N(C(O)CCCCCCCCCCC)C(O)CCCCCCCCCCC)CC2N(C(O)CCCCCCCCCCC)C(O)CCCCCCCCCCC)C(N(C(O)CCCCCCCCCCC)C(O)CCCCCCCCCCC)C(O)C1O)C(O)CCCCCCCCCCC,1.0
[O-]S(=O)(=O)CCC[N+](C)(C)CCNC(=O)CCN(C)CCN(CCN(C)CCC(=O)OCCCCCCCCCCCC)CCN(C)CCC(=O)OCCCCCCCCCCCC,1.0
CCCCCCCCCCCCCOP(=O)(O)OCCNCCNCCNCCNCCOP(=O)(O)OCCCCCCCCCCCCC,0.95
CCCCCCCCCCCOP(=O)(O)OCCNCCN1CCN(CCOP(=O)(O)OCCCCCCCCCCC)CC1,0.85
CCCCCOP(=O)(O)OCCNCCOCCOCCNCCOP(=O)(O)OCCCCC,0.95
CCCCOP(=O)(O)OCCNCCOCCOCCNCCOP(=O)(O)OCCCC,0.95
CCCCCCCCCCCCN(CCCCCCCCCCCC)CCCC(NC(=O)C(CCCN(CCCCCCCCCCCC)CCCCCCCCCCCC)NC(=O)C(CCCN(CCCCCCCCCCCC)CCCCCCCCCCCC)NC(C)=O)C(N)=O,0.8431372548999999
CCCCCCCCCCCCCCOP(=O)(O)OCCNCCN(CCN)CCNCCOP(=O)(O)OCCCCCCCCCCCCCC,0.95
CCCCCCCCCCCCCCCCN(CCCCCCCCCCCCCCCC)CCOP(=O)(O)OCCCCC,0.95
CCCCCCCCCCCCCCCCOP(=O)(O)OCC[N+](CCCCCC)(CCCCCC)CCCCCC,0.95
CCCCCCCCCCOP(=O)(O)OCC[N+](CCCCCCCC)(CCCCCCCC)CCCCCCCC,0.95
CCCCCCc1ccc(C#CCN(CC#Cc2ccc(CCCCCC)cc2)CCN2CCCCC2)cc1,1.0
CCCCCCCCC(=O)Oc1cc(CNCCCN)cc(OC(=O)CCCCCCCC)c1,0.9644
CCCCCCCCCCCCCCCCN(CCCCCCCCCCCCCCCC)CCOP(=O)(O)OCCCCCCCCCCCCCC,0.95
CCCCCCOP(=O)(O)OCCNCCN(CCOP(=O)(O)OCCCCCC)CCN(CCNCCOP(=O)(O)OCCCCCC)CCOP(=O)(O)OCCCCCC,0.95
CCCCCCCCCCN(CCCCCCCCCC)CCOP(=O)(O)OCCCC,0.95
CCCCCCCCCCCOP(=O)(O)OCCNCCCN(CCCN(C)C)CCOP(=O)(O)OCCCCCCCCCCC,0.85
CCCCCC(C)C(=O)Oc1cc(OC(=O)C(C)CCCCC)c(CNCCCN)c(OC(=O)C(C)CCCCC)c1,0.9613333333333332
CCCCCCCCCOP(=O)(O)OCCN(C)CCN(CCNC)CCN(C)CCOP(=O)(O)OCCCCCCCCC,0.95
CCCCCCCCCCOP(=O)(O)OCCNCCN(CCOP(=O)(O)OCCCCCCCCCC)CCN(CCOP(=O)(O)OCCCCCCCCCC)CCN(CCNCCOP(=O)(O)OCCCCCCCCCC)CCOP(=O)(O)OCCCCCCCCCC,0.95
CCCCC(C)CCC(=O)Oc1cc(CNCCN2CCN(CCN)CC2)cc(OC(=O)CCC(C)CCC)c1,0.9689
CCCCC(C)C(=O)Oc1cc(CNCCN(C)CCN)cc(OC(=O)C(C)CCCC)c1,1.0
CCCCCCCCCCC(O)CN(CCCCC(NC(=O)C(CCCCN(CC(O)CCCCCCCCCC)CC(O)CCCCCCCCCC)NC(=O)C(CCCCN(CC(O)CCCCCCCCCC)CC(O)CCCCCCCCCC)NC(=O)C(CCCCN(CC(O)CCCCCCCCCC)CC(O)CCCCCCCCCC)NC(C)=O)C(N)=O)CC(O)CCCCCCCCCC,0.7647058823999999
CCCCCCCCCCCOP(=O)(O)OCCN(CCCC)CCCC,0.95
CCCCC(CC)CCC(=O)Oc1cc(OC(=O)CCC(CC)CCCC)c(CNCCCN(CC)CC)c(OC(=O)CCC(CC)CCCC)c1,1.0
[O-]S(=O)(=O)CCC[N+](C)(C)CCNC(=O)CCN(CC(O)CCCCCC)CCCN5CCN(CCCN(CC(O)CCCCCC)CC(O)CCCCCC)CC5,1.0
CCCCCCCCC(=O)Oc1cc(CNCCN(CC)CC)cc(OC(=O)CCCCCCCC)c1,1.0
CCCCc1ccc(C#CCC(CC#Cc2ccc(CCCC)cc2)CCN(CCN(CC#Cc2ccc(CCCC)cc2)CC#Cc2ccc(CCCC)cc2)CCN(CC#Cc2ccc(CCCC)cc2)CC#Cc2ccc(CCCC)cc2)cc1,0.915
CCCCCCCCCCOP(=O)(O)OCCNCCNCCNCCNCCNCCOP(=O)(O)OCCCCCCCCCC,0.95
CCCCCCCCCCC(O)CN(CCCCC(NC(C)=O)C(N)=O)CC(O)CCCCCCCCCC,0.9901960784
CCCCCCCC(=O)Oc1cc(CNCCCN(C)C)cc(OC(=O)CCCCCCC)c1,0.9803666666666668
N(CCC(=O)OCCOC(=O)C(C)CSC/C=C\CCC)(CCC(=O)OCCOC(=O)C(C)CSC/C=C\CCC)CCCN(C)C,0.9655172414
[O-]S(=O)(=O)CCC[N+](C)(C)CCNC(=O)CCN(CCC(=O)OCCCCCCCC)CCN(CCN(CCC(=O)OCCCCCCCC)CCC(=O)OCCCCCCCC)CCN(CCC(=O)OCCCCCCCC)CCC(=O)OCCCCCCCC,0.9801685947
CCCCCCCCCCCCCCCOP(=O)(O)OCCN(CCCCCCCC)CCCCCCCC,0.95
[O-]S(=O)(=O)CCC[N+](C)(C)CCNC(=O)CCN(CCC(=O)OCCCCCCCCCC)CCN(CCN(CCC(=O)OCCCCCCCCCC)CCC(=O)OCCCCCCCCCC)CCN(CCC(=O)OCCCCCCCCCC)CCC(=O)OCCCCCCCCCC,1.0
CCCCCCCCCCCCCCOP(=O)(O)OCCNCCNCCN(CCNCCOP(=O)(O)OCCCCCCCCCCCCCC)CCOP(=O)(O)OCCCCCCCCCCCCCC,0.95
CCCCCCCCCCCOP(=O)(O)OCCNCCN(CCNCCOP(=O)(O)OCCCCCCCCCCC)CCN(CCOP(=O)(O)OCCCCCCCCCCC)CCOP(=O)(O)OCCCCCCCCCCC,0.95
CCCCCCc1ccc(C#CCN(CC#Cc2ccc(CCCCCC)cc2)CCCn2ccnc2)cc1,0.888
CCCCCCCOP(=O)(O)OCCNCCCC,0.85
CCCCC(CC)CCC(=O)Oc1cc(OC(=O)CCC(CC)CCCC)c(CNCCCN(C)CCCN)c(OC(=O)CCC(CC)CCCC)c1,0.9813
CCCCCCCCCCCCNCCOP(=O)(O)OCCCCCCCCCCCC,0.95
N(CCC(=O)OCCOC(=O)C(C)CSCCCCCCCC)(CCC(=O)OCCOC(=O)C(C)CSCCCCCCCC)CCCN1CCN(CCCN(CCC(=O)OCCOC(=O)C(C)CSCCCCCCCC)(CCC(=O)OCCOC(=O)C(C)CSCCCCCCCC))CC1,1.0
CCCCCCC(=O)Oc1cc(CNCCCN2CCN(C)CC2)cc(OC(=O)CCCCCC)c1,1.0
CCCCCCCCOP(=O)(O)OCCNCCCC,0.95
CCCCCCCCCCCCCCOP(=O)(O)OCCN(C)CCN(CCN(C)CCOP(=O)(O)OCCCCCCCCCCCCCC)CCN(C)CCOP(=O)(O)OCCCCCCCCCCCCCC,0.95
CCCCCCN(CCCCCC)CCOP(=O)(O)OCCCC,0.95
CCCCCCCCCOP(=O)(O)OCCNCCNCCNCCNCCOP(=O)(O)OCCCCCCCCC,0.95
CCCCC(CC)CCC(=O)Oc1cc(OC(=O)CCC(CC)CCCC)c(CNCCCN)c(OC(=O)CCC(CC)CCCC)c1,0.9475
CCCCCCCCCCCCOC(=O)CCSCCCC(=N)NCCCN1CCN(CCCNC(=N)CCCSCCC(=O)OCCCCCCCCCCCC)CC1,0.955
CCCCCCCCCOP(=O)(O)OCCNCCN(CCOP(=O)(O)OCCCCCCCCC)CCN(CCOP(=O)(O)OCCCCCCCCC)CCN(CCNCCOP(=O)(O)OCCCCCCCCC)CCOP(=O)(O)OCCCCCCCCC,0.95
CCCCCCCCCCCCOC(=O)CCCN(CCCC(=O)OCCCCCCCCCCCC)CC1CCC(N(CCCC(=O)OCCCCCCCCCCCC)CCCC(=O)OCCCCCCCCCCCC)C(OC2C(O)C(OC3CCC(C)(O)C(N(C)CCCC(=O)OCCCCCCCCCCCC)C3O)C(N(CCCC(=O)OCCCCCCCCCCCC)CCCC(=O)OCCCCCCCCCCCC)CC2N(CCCC(=O)OCCCCCCCCCCCC)CCCC(=O)OCCCCCCCCCCCC)O1,1.0
CCCCCCCCC(=O)Oc1cc(CNCCCN(C)C)cc(OC(=O)CCCCCCCC)c1,0.9348333333333332
N(CCC(=O)OCCOC(=O)C(C)CSCCC/C=C\C)(CCC(=O)OCCOC(=O)C(C)CSCCC/C=C\C)CCCN(C)C,0.9923371648
CCCCCCCCCCCOP(=O)(O)OCCNCCCN1CCN(CCCN(CCOP(=O)(O)OCCCCCCCCCCC)CCOP(=O)(O)OCCCCCCCCCCC)CC1,0.95
CCCCCCCCCCCCCCCCOP(=O)(O)OCCNCCCN(CCCN(CCCNCCOP(=O)(O)OCCCCCCCCCCCCCCCC)CCOP(=O)(O)OCCCCCCCCCCCCCCCC)CCOP(=O)(O)OCCCCCCCCCCCCCCCC,0.95
CCCCCCCCCC(=O)Oc1cc(CNCCN(CC)CC)cc(OC(=O)CCCCCCCCC)c1,0.9394666666666666
[O-]S(=O)(=O)CCC[N+](C)(C)CCNC(=O)CCN(C)CCN(CCN(C)CCC(=O)OCCCCCCCCCC)CCN(C)CCC(=O)OCCCCCCCCCC,0.9987669544
CCCCCCCCOP(=O)(O)OCCNCCCCCC,0.95
CCCCCOP(=O)(O)OCCNCCCN(CCCN(CCCNCCOP(=O)(O)OCCCCC)CCOP(=O)(O)OCCCCC)CCOP(=O)(O)OCCCCC,0.95
CCCCCCOP(=O)(O)OCCN(CCCCCC)CCCCCC,0.95
CCCCCCCCCCN(CCCCCCCCCC)CCOP(=O)(O)OCCCCC,0.95
CCCCCCCCCCCCCCCCN(CCCCCCCCCCCCCCCC)CCOP(=O)(O)OCCCC,0.95
CCCCCCc1ccc(C#CCN(CC)CC#Cc2ccc(CCCCCC)cc2)cc1,0.952
CCCCCCCCOC(=O)CCCN(CCCC(=O)OCCCCCCCC)CC1CCC(N(CCCC(=O)OCCCCCCCC)CCCC(=O)OCCCCCCCC)C(OC2C(O)C(OC3CCC(C)(O)C(N(C)CCCC(=O)OCCCCCCCC)C3O)C(N(CCCC(=O)OCCCCCCCC)CCCC(=O)OCCCCCCCC)CC2N(CCCC(=O)OCCCCCCCC)CCCC(=O)OCCCCCCCC)O1,1.0
CCCCCCCCCOP(=O)(O)OCCNCCCCCCCC,0.95
CCCCCCCCOP(=O)(O)OCCNCCNCCNCCNCCOP(=O)(O)OCCCCCCCC,0.95
CCCCC(C)C(=O)Oc1cc(OC(=O)C(C)CCCC)c(CNCCN(C)CCN)c(OC(=O)C(C)CCCC)c1,1.0
CCCCCOP(=O)(O)OCCN(CCCC)CCCC,0.95
CCCCCCCCCC(=O)Oc1cc(CNCCN2CCN(C)CC2)cc(OC(=O)CCCCCCCCC)c1,0.9902333333333332
CCCCC(O)CN(C)C1C(O)C(OC2C(O)C(OC3OC(C(C)O)C(O)C(O)C3N(CC(O)CCCC)CC(O)CCCC)C(N(CC(O)CCCC)CC(O)CCCC)CC2N(CC(O)CCCC)CC(O)CCCC)OCC1(C)O,1.0
CCCCCCCCCCCCOP(=O)(O)OCCNCCCN1CCN(CCCNCCOP(=O)(O)OCCCCCCCCCCCC)CC1,0.95
CCCCCCCCCCCOP(=O)(O)OCCNCCCNCCCN(CCCNCCOP(=O)(O)OCCCCCCCCCCC)CCOP(=O)(O)OCCCCCCCCCCC,0.95
N(CCC(=O)OCCOC(=O)C(C)CSC/C=C(C)\CCC=C(C)C)(CCC(=O)OCCOC(=O)C(C)CSC/C=C(C)\CCC=C(C)C)CCCN(C)C,0.9808429119
CCCCCC(C)CCC(=O)Oc1cc(CNCCN2CCN(CCN)CC2)cc(OC(=O)CCC(C)CCCCC)c1,0.9702333333333332
CCCCCCc1ccc(C#CCN(CC#Cc2ccc(CCCCCC)cc2)CCCN(CC)CC)cc1,1.0
CCCCCCCCCCCCCCOP(=O)(O)OCCN(C)CCN(CCNC)CCN(C)CCOP(=O)(O)OCCCCCCCCCCCCCC,0.95
CCCCCCCCCCCCCOP(=O)(O)OCCNCCCN(CCCN(C)C)CCOP(=O)(O)OCCCCCCCCCCCCC,0.95
CCCCCCCCCC(=O)Oc1cc(CNCCCN(CC)CC)cc(OC(=O)CCCCCCCCC)c1,1.0
CCCCCCOP(=O)(O)OCCN(CCCC)CCCC,0.85
CCCCCCCCCCCCOP(=O)(O)OCCNCCN(CCNCCOP(=O)(O)OCCCCCCCCCCCC)CCNCCOP(=O)(O)OCCCCCCCCCCCC,0.95
CCCCC(C)CCC(=O)Oc1cc(CNCCCN2CCN(C)CC2)cc(OC(=O)CCC(C)CCC)c1,1.0
CCCCCCCCCCCCCCN(CCCCCCCCCCCCCC)CCOP(=O)(O)OCCCCCCCCCCC,0.95
CCCCCCCC(=O)Oc1cc(CNCCCN2CCN(CCCN)CC2)cc(OC(=O)CCCCCCC)c1,0.9176666666666669
CCCCCOP(=O)(O)OCCNCCN1CCN(CCOP(=O)(O)OCCCCC)CC1,0.95
CCCCCCCCCCCCN(CCCCCCCCCCCC)CCOP(=O)(O)OCCCCCCCC,0.95
CCCCCC(C)C(=O)Oc1cc(CNCCCN2CCN(C)CC2)cc(OC(=O)C(C)CCCCC)c1,0.9967333333333332
CCCCCCCCCCCCOP(=O)(O)OCCNCCNCCN(CCNCCOP(=O)(O)OCCCCCCCCCCCC)CCOP(=O)(O)OCCCCCCCCCCCC,0.95
OCCN(CCC(=O)OCCOC(=O)C(C)CSCC/C=C\CC)CCCN(CCC(=O)OCCOC(=O)C(C)CSCC/C=C\CC)(CCC(=O)OCCOC(=O)C(C)CSCC/C=C\CC),0.9521072797
CCCCCCCCCC[N+](CCCCCCCCCC)(CCCCCCCCCC)CCOP(=O)(O)OCCCCC,0.95
N(CCC(=O)OCCOC(=O)C(C)CSC/C=C(C)\CCC=C(C)C)(CCC(=O)OCCOC(=O)C(C)CSC/C=C(C)\CCC=C(C)C)CCN(C)C,0.9444444444
CCCCCCCCCCCCCCCC(=O)NNC(=N)CCCSCCC(=O)OCCCCCCCCCCCC,1.0
CCCCCCCCCCOP(=O)(O)OCCNCCN(CCOP(=O)(O)OCCCCCCCCCC)CCN(CCNCCOP(=O)(O)OCCCCCCCCCC)CCOP(=O)(O)OCCCCCCCCCC,0.95
CCCCCCCCCCOC(=O)CCCN(C)C1CC(N(CCCC(=O)OCCCCCCCCCC)CCCC(=O)OCCCCCCCCCC)C(O)C(OC2OC(CO)C(O)C3OC4(OC23)OC(C(CO)N(CCCC(=O)OCCCCCCCCCC)CCCC(=O)OCCCCCCCCCC)C(O)C(O)C4O)C1O,1.0
CCCCCCCOP(=O)(O)OCC[N+](CCCCCC)(CCCCCC)CCCCCC,0.95
CCCCCCCCCCCCCOP(=O)(O)OCCNCCCCCCCC,0.95
CCCCCC(C)C(=O)Oc1cc(OC(=O)C(C)CCCCC)c(CNCCN(C)C)c(OC(=O)C(C)CCCCC)c1,1.0
CCCCCCCCCOP(=O)(O)OCCN(C)CCN(CCN(C)CCOP(=O)(O)OCCCCCCCCC)CCN(C)CCOP(=O)(O)OCCCCCCCCC,0.95
CCCCCCc1ccc(C#CCN(CC#Cc2ccc(CCCCCC)cc2)c2ccccc2)cc1,0.998
CCCCCCCCCCCCCOP(=O)(O)OCCN(CCCCCCCC)CCCCCCCC,0.95
CCCCCCCCCCOP(=O)(O)OCCNCCCNCCCN(CCCNCCOP(=O)(O)OCCCCCCCCCC)CCOP(=O)(O)OCCCCCCCCCC,0.95
N(CCC(=O)OCCOC(=O)C(C)CSCC/C=C\CC)(CCC(=O)OCCOC(=O)C(C)CSCC/C=C\CC)CCCN1CCN(C)CC1,1.0
CCCCC(C)CCC(=O)Oc1cc(OC(=O)CCC(C)CCCC)c(CNCCN2CCN(C)CC2)c(OC(=O)CCC(C)CCCC)c1,1.0
CCCCCCCCCC(=O)Oc1cc(CNCCCN(C)C)cc(OC(=O)CCCCCCCCC)c1,0.992
CCCCOP(=O)(O)OCCNCCN(CCOP(=O)(O)OCCCC)CCN(CCNCCOP(=O)(O)OCCCC)CCOP(=O)(O)OCCCC,0.95
CCCCCCCCCCOP(=O)(O)OCCNCCN(CCNCCOP(=O)(O)OCCCCCCCCCC)CCN(CCOP(=O)(O)OCCCCCCCCCC)CCOP(=O)(O)OCCCCCCCCCC,0.95
CCCC1CCC(c2ccc(C#CCN(CC#Cc3ccc(C4CCC(CCC)CC4)cc3)CCCN(CC)CC)cc2)CC1,0.959
CCCCCCCCCCCCC(O)CN(CCCCC(NC(C)=O)C(N)=O)CC(O)CCCCCCCCCCCC,0.8921568627
CCCCCCCCCCCCCOP(=O)(O)OCCNCCN1CCN(CCOP(=O)(O)OCCCCCCCCCCCCC)CC1,0.95
CCCCC(C)C(=O)Oc1cc(CNCCCN)cc(OC(=O)C(C)CCCC)c1,0.9383
CCCCCCCCCCN(CCCCCCCCCC)CCCCC(NC(=O)C(CCCCN(CCCCCCCCCC)CCCCCCCCCC)NC(=O)C(CCCCN(CCCCCCCCCC)CCCCCCCCCC)NC(=O)C(CCCCN(CCCCCCCCCC)CCCCCCCCCC)NC(C)=O)C(N)=O,0.5098039216
N(CCC(=O)OCCOC(=O)C(C)CSCC/C=C\CC)(CCC(=O)OCCOC(=O)C(C)CSCC/C=C\CC)CCN(C)C,1.0
CCCCC(CC)C(=O)Oc1cc(CNCCN2CCN(CCN)CC2)cc(OC(=O)C(CC)CCCC)c1,1.0
CCCCCCN(CCCCCC)CCCCC(NC(=O)C(CCCCN(CCCCCC)CCCCCC)NC(=O)C(CCCCN(CCCCCC)CCCCCC)NC(C)=O)C(N)=O,0.8529411765
CCCCCCCCCCCCCCOC(=O)CCSCCCC(=N)NCCNCCN1CCN(CCNC(=N)CCCSCCC(=O)OCCCCCCCCCCCCCC)CC1,0.99
CCCCCCCCCCCOP(=O)(O)OCCNCCCCCCCCCC,0.95
[O-]S(=O)(=O)CCC[N+](C)(C)CCNC(=O)CCN(CC(O)CCCCCCCCCC)CCN(CCN(CC(O)CCCCCCCCCC)CC(O)CCCCCCCCCC)CCN(CC(O)CCCCCCCCCC)CC(O)CCCCCCCCCC,1.0
CCCCCCN(CCCCCC)CCCCC(NC(=O)C(CCCCN(CCCCCC)CCCCCC)NC(C)=O)C(N)=O,0.9901960784
[O-]S(=O)(=O)CCC[N+](C)(C)CCNC(=O)CCN(CCC(=O)OCCCCCCCCCCCC)CCCN(C)CCCN(CCC(=O)OCCCCCCCCCCCC)CCC(=O)OCCCCCCCCCCCC,0.885217488
CCCCCCCCCCCOP(=O)(O)OCCN(C)CCN(CCN(C)CCOP(=O)(O)OCCCCCCCCCCC)CCN(C)CCOP(=O)(O)OCCCCCCCCCCC,0.95
CCCCCCCCCCCCCCN(CCCCCCCCCCCCCC)CCCCC(NC(C)=O)C(N)=O,0.9901960784
CCCCC(CC)CCC(=O)Oc1cc(CNCCCN2CCN(CCCN)CC2)cc(OC(=O)CCC(CC)CCCC)c1,1.0
CCCCCCCCCCCCCCCOP(=O)(O)OCCNCCN(CCN)CCNCCOP(=O)(O)OCCCCCCCCCCCCCCC,0.95
CCCCCCCCCCNCCOP(=O)(O)OCCCCCC,0.95
CCCCCCCCCCCCCCCCOC(=O)CCSCCCC(=N)Nc1ccc(OCCCCCCCCC)cc1,1.0
CCCCCCCCCCCCCOP(=O)(O)OCCNCCCNCCCNCCCNCCOP(=O)(O)OCCCCCCCCCCCCC,0.95
CCCCCCCCCCOP(=O)(O)OCCN(CCCN1CCN(CCCN(CCOP(=O)(O)OCCCCCCCCCC)CCOP(=O)(O)OCCCCCCCCCC)CC1)CCOP(=O)(O)OCCCCCCCCCC,0.95
CCCCCC(C)C(=O)Oc1cc(CNCCCN)cc(OC(=O)C(C)CCCCC)c1,0.9957333333333334
CCCCCC(C)C(=O)Oc1cc(CNCCN(C)C)cc(OC(=O)C(C)CCCCC)c1,1.0
CCCCCCc1ccc(C#CCN(CC#Cc2ccc(CCCCCC)cc2)CCCN2CCCC2)cc1,0.9845
CCCCCCCCCCC(O)N(C)C1C(O)C(OC2C(O)C(OC3OC(C(C)O)C(O)C(O)C3N(C(O)CCCCCCCCCC)C(O)CCCCCCCCCC)C(N(C(O)CCCCCCCCCC)C(O)CCCCCCCCCC)CC2N(C(O)CCCCCCCCCC)C(O)CCCCCCCCCC)OCC1(C)O,0.8579234973
CC(C)CCCCCC(O)CN(CC(O)CCCCCC(C)C)CC1CCC(N(CC(O)CCCCCC(C)C)CC(O)CCCCCC(C)C)C(OC2C(O)C(OC3CCC(C)(O)C(N(C)CC(O)CCCCCC(C)C)C3O)C(N(CC(O)CCCCCC(C)C)CC(O)CCCCCC(C)C)CC2N(CC(O)CCCCCC(C)C)CC(O)CCCCCC(C)C)O1,1.0
CCCCCCCCCCCCCCCOP(=O)(O)OCCN(C)CCN(CCN(C)CCOP(=O)(O)OCCCCCCCCCCCCCCC)CCN(C)CCOP(=O)(O)OCCCCCCCCCCCCCCC,0.95
CCCCCOP(=O)(O)OCCN(C)CCN(CCN(C)CCOP(=O)(O)OCCCCC)CC[N+](C)(CCOP(=O)(O)OCCCCC)CCOP(=O)(O)OCCCCC,0.95
CCCCC(CC)CCC(=O)Oc1cc(OC(=O)CCC(CC)CCCC)c(CNCCN(CCN)CCN)c(OC(=O)CCC(CC)CCCC)c1,0.9048333333333336
CCCCCCCCCCCCCCCCCC(=O)NNC(=N)CCCSCCC(=O)OCCCCCCCCCCCC,0.925
CCCCCCCCCCCCCCCCOC(=O)CCSCCCC(=N)NCC(=O)OCCCCCCCC,1.0
CCCCCCCCCCCCCCCCOC(=O)CCSCCCC(=N)NCCCCCCCCCCCC,0.96
CCCCCCCCCCCCCCCCOC(=O)CCSCCCC(=N)NCCNCCN1CCN(CCNC(=N)CCCSCCC(=O)OCCCCCCCCCCCCCCCC)CC1,1.0
CCCCCCOP(=O)(O)OCCN(CCCN1CCN(CCCN(CCOP(=O)(O)OCCCCCC)CCOP(=O)(O)OCCCCCC)CC1)CCOP(=O)(O)OCCCCCC,0.95
CCCCCCCCCCCOP(=O)(O)OCCNCCN(CCOP(=O)(O)OCCCCCCCCCCC)CCN(CCOP(=O)(O)OCCCCCCCCCCC)CCN(CCNCCOP(=O)(O)OCCCCCCCCCCC)CCOP(=O)(O)OCCCCCCCCCCC,0.95
CCCCc1ccc(C#CCN(CC#Cc2ccc(CCCC)cc2)CCN2CCOCC2)cc1,0.9645
N(CCC(=O)OCCOC(=O)C(C)CSCCC/C=C\C)(CCC(=O)OCCOC(=O)C(C)CSCCC/C=C\C)CCCN(C)CCCN(CCC(=O)OCCOC(=O)C(C)CSCCC/C=C\C)(CCC(=O)OCCOC(=O)C(C)CSCCC/C=C\C),0.9252873563
CCCCCCCCCCCCOC(=O)CCCN(CCCC(=O)OCCCCCCCCCCCC)CCC(O)C(=O)N(CCCC(=O)OCCCCCCCCCCCC)C1CC(N(CCCC(=O)OCCCCCCCCCCCC)CCCC(=O)OCCCCCCCCCCCC)C(OC2OC(CN(CCCC(=O)OCCCCCCCCCCCC)CCCC(=O)OCCCCCCCCCCCC)C(O)C(O)C2O)C(O)C1OC1OC(CO)C(O)C(N(CCCC(=O)OCCCCCCCCCCCC)CCCC(=O)OCCCCCCCCCCCC)C1O,1.0
CCCCCCCCCOP(=O)(O)OCCNCCOCCOCCNCCOP(=O)(O)OCCCCCCCCC,0.95
CCCCOP(=O)(O)OCCNCCN(CCNCCOP(=O)(O)OCCCC)CCNCCOP(=O)(O)OCCCC,0.95
CCCCc1ccc(C#CCN(CC#Cc2ccc(CCCC)cc2)CCCN(CC)CC)cc1,0.9725
CCCCCCOP(=O)(O)OCCN(CCOP(=O)(O)OCCCCCC)CCN1CCN(CCOP(=O)(O)OCCCCCC)CC1,0.95
CCCCCCCCCCCCOC(=O)CCSCCCC(=N)NCCNC(=N)CCCSCCC(=O)OCCCCCCCCCCCC,1.0
CCCCC(CC)C(=O)Oc1cc(OC(=O)C(CC)CCCC)c(CNCCN(C)CCN)c(OC(=O)C(CC)CCCC)c1,1.0
CCCCCCCCCCCOP(=O)(O)OCCNCCCCCC,0.85
[O-]S(=O)(=O)CCC[N+](C)(C)CCNC(=O)CCN(CC(O)CCCCCCCCCCCC)CCCN(C)CCCN(CC(O)CCCCCCCCCCCC)CC(O)CCCCCCCCCCCC,1.0
CCCCCCCCCCCCOC(=O)CCSCCCC(=N)Nc1ccc(CCCCCCCCCC)cc1,0.97
CCCCCCCCCCCCCCCOP(=O)(O)OCCNCCN1CCN(CCOP(=O)(O)OCCCCCCCCCCCCCCC)CC1,0.95
CCCC1CCC(c2ccc(C#CCN(CC#Cc3ccc(C4CCC(CCC)CC4)cc3)CC(=O)OC)cc2)CC1,0.9545
OCCN(CCC(=O)OCCOC(=O)C(C)CSCCCCC=C)CCCN(CCC(=O)OCCOC(=O)C(C)CSCCCCC=C)(CCC(=O)OCCOC(=O)C(C)CSCCCCC=C),1.0
CCCCC(CC)C(=O)Oc1cc(CNCCN(C)C)cc(OC(=O)C(CC)CCCC)c1,0.9720666666666666
CCCCCCOP(=O)(O)OCCNCCN(CCNCCOP(=O)(O)OCCCCCC)CCN(CCOP(=O)(O)OCCCCCC)CCOP(=O)(O)OCCCCCC,0.95
CCCCCCCCCCCCN(CCCCCCCCCCCC)CCOP(=O)(O)OCCCCCCCCC,0.95
CCCCCCCCCCCCCCNCCOP(=O)(O)OCCCCCCCCC,0.95
CCCCC(C)CCC(=O)Oc1cc(OC(=O)CCC(C)CCCC)c(CNCCCN)c(OC(=O)CCC(C)CCCC)c1,0.9840333333333336
CCCCCCCCCCCCCCCCOP(=O)(O)OCCNCCOCCOCCNCCOP(=O)(O)OCCCCCCCCCCCCCCCC,0.95
[O-]S(=O)(=O)CCC[N+](C)(C)CCNC(=O)CCN(CC(O)CCCCCCCCCCCCCCCC)CCCN(C)CCCN(CC(O)CCCCCCCCCCCCCCCC)CC(O)CCCCCCCCCCCCCCCC,1.0
CCCCCCCCCCCCCCN(CCCCCCCCCCCCCC)CCOP(=O)(O)OCCCCCCCCCC,0.95
CCCCCCCCCCCCOP(=O)(O)OCCNCCN(CCOP(=O)(O)OCCCCCCCCCCCC)CCN(CCNCCOP(=O)(O)OCCCCCCCCCCCC)CCOP(=O)(O)OCCCCCCCCCCCC,0.95
CCCCCCCCN(CCCCCCCC)CCCCC(NC(=O)C(CCCCN(CCCCCCCC)CCCCCCCC)NC(C)=O)C(N)=O,0.3921568627
CCCCCCCCOP(=O)(O)OCCNCCN(CCN)CCNCCOP(=O)(O)OCCCCCCCC,0.95
CCCCCCCCCCCCCOP(=O)(O)OCCNCCNCCNCCNCCNCCOP(=O)(O)OCCCCCCCCCCCCC,0.95
CCCCCCCCCCCCCCCOP(=O)(O)OCCNCCCCCCCCCCCC,0.95
[O-]S(=O)(=O)CCC[N+](C)(C)CCNC(=O)CCN(CC(O)CCCCCCCCCCCCCCCC)CCN(CCN(CC(O)CCCCCCCCCCCCCCCC)CC(O)CCCCCCCCCCCCCCCC)CCN(CC(O)CCCCCCCCCCCCCCCC)CC(O)CCCCCCCCCCCCCCCC,1.0
CCCCCCCOP(=O)(O)OCCN(CCCN(C)C)CCCN(CCOP(=O)(O)OCCCCCCC)CCOP(=O)(O)OCCCCCCC,0.95
CCCCCCCCCCCCCCN(CCCCCCCCCCCCCC)CCOP(=O)(O)OCCCCCCCC,0.95
CCCCCCCCCCCCCCCCOP(=O)(O)OCCNCCNCCN(CCNCCOP(=O)(O)OCCCCCCCCCCCCCCCC)CCOP(=O)(O)OCCCCCCCCCCCCCCCC,0.95
CCCCCCCOP(=O)(O)OCCNCCN(CCNCCOP(=O)(O)OCCCCCCC)CCNCCOP(=O)(O)OCCCCCCC,0.95
CCCCCC[N+](CCCCCC)(CCCCCC)CCOP(=O)(O)OCCCC,0.95
CCCCC(CC)C(=O)Oc1cc(CNCCN(CCN)CCN)cc(OC(=O)C(CC)CCCC)c1,0.9908333333333332
CCCCC(C)CCC(=O)Oc1cc(CNCCN(CCN)CCN)cc(OC(=O)CCC(C)CCC)c1,0.9888333333333332
CCCCCCCC/C=C\CCCCCCCCNC(=N)CCCSCCC(=O)OCCCCCCCCCCCC,1.0
CCCCCCCCCCCCCCCCNC(=N)CCCSCCC(=O)OCCCCCCCCCCCCCCCC,0.96
CCCCCCCCCCCOP(=O)(O)OCCN(C)CCN(CCNC)CCN(C)CCOP(=O)(O)OCCCCCCCCCCC,0.95
CCCCCCCCNCCOP(=O)(O)OCCCCC,0.95
CCCCCCCCCCCCCCCCN(CCCCCCCCCCCCCCCC)CCOP(=O)(O)OCCCCCCCCCCCCCCC,0.95
CCCCCCCCCOP(=O)(O)OCCN(C)CCN(CCN(C)CCOP(=O)(O)OCCCCCCCCC)CC[N+](C)(CCOP(=O)(O)OCCCCCCCCC)CCOP(=O)(O)OCCCCCCCCC,0.95
CCCCCCCCCCOP(=O)(O)OCCNCCOCCOCCNCCOP(=O)(O)OCCCCCCCCCC,0.95
CCCCCCCCCCCCCCCCN(CCCCCCCCCCCCCCCC)CCCCC(NC(=O)C(CCCCN(CCCCCCCCCCCCCCCC)CCCCCCCCCCCCCCCC)NC(C)=O)C(N)=O,0.9411764706
CCCCCCCCCCCCOP(=O)(O)OCCN(CCCCCCCC)CCCCCCCC,0.95
CCCCCCCCCCOC(=O)CCCN(CCCC(=O)OCCCCCCCCCC)CC1CCC(N(CCCC(=O)OCCCCCCCCCC)CCCC(=O)OCCCCCCCCCC)C(OC2C(O)C(OC3CCC(C)(O)C(N(C)CCCC(=O)OCCCCCCCCCC)C3O)C(N(CCCC(=O)OCCCCCCCCCC)CCCC(=O)OCCCCCCCCCC)CC2N(CCCC(=O)OCCCCCCCCCC)CCCC(=O)OCCCCCCCCCC)O1,1.0
CCCCCCc1ccc(C#CCN(CC#Cc2ccc(CCCCCC)cc2)CCCN2CCN(CCCN(CC#Cc3ccc(CCCCCC)cc3)CC#Cc3ccc(CCCCCC)cc3)CC2)cc1,0.9865
CCCCCCCC[N+](CCCCCCCC)(CCCCCCCC)CCOP(=O)(O)OCCCCCCC,0.95
CCCCCCCCCCCOP(=O)(O)OCCNCCCN(CCCN(CCCNCCOP(=O)(O)OCCCCCCCCCCC)CCOP(=O)(O)OCCCCCCCCCCC)CCOP(=O)(O)OCCCCCCCCCCC,0.95
CCCCCCCC(=O)Oc1cc(CNCCCN(C)CCCN)cc(OC(=O)CCCCCCC)c1,0.9942666666666669
[O-]S(=O)(=O)CCC[N+](C)(C)CCNC(=O)CCN(CCC(=O)OCCCCCCCCCC)CCCN(C)CCCN(CCC(=O)OCCCCCCCCCC)CCC(=O)OCCCCCCCCCC,0.8856696361
CCCCCCCCCCN(CCCCCCCCCC)CCOP(=O)(O)OCCCCCC,0.95
[O-]S(=O)(=O)CCC[N+](C)(C)CCNC(=O)CCN(C(C)C)CCN(CCN(C(C)C)CCC(=O)OCCCCCCCCCCCCCCCCCC)CCN(C(C)C)CCC(=O)OCCCCCCCCCCCCCCCCCC,1.0
CCCCCCCOP(=O)(O)OCCNCCCN(CCCNCCOP(=O)(O)OCCCCCCC)CCOP(=O)(O)OCCCCCCC,0.95
OCCN(CCC(=O)OCCOC(=O)C(C)CSC/C=C\CCC)CCCN(CCC(=O)OCCOC(=O)C(C)CSC/C=C\CCC)(CCC(=O)OCCOC(=O)C(C)CSC/C=C\CCC),0.9731800766
CCCCCCCCCCCOP(=O)(O)OCCN(CCCN1CCN(CCCN(CCOP(=O)(O)OCCCCCCCCCCC)CCOP(=O)(O)OCCCCCCCCCCC)CC1)CCOP(=O)(O)OCCCCCCCCCCC,0.95
CCCCCCCCC(=O)Oc1cc(CNCCN(C)C)cc(OC(=O)CCCCCCCC)c1,0.9657
[O-]S(=O)(=O)CCC[N+](C)(C)CCNC(=O)CCN(C)CCN(CCN(C)CCC(=O)OCCCCCCCC)CCN(C)CCC(=O)OCCCCCCCC,1.0
CCCCCCC(=O)Oc1cc(CNCCCN2CCN(CCCN)CC2)cc(OC(=O)CCCCCC)c1,0.8956333333333333
CCCCCC(C)C(=O)Oc1cc(OC(=O)C(C)CCCCC)c(CNCCN2CCN(CCN)CC2)c(OC(=O)C(C)CCCCC)c1,0.9267666666666666
CCCCCCCCCCCCCCCCOC(=O)CCSCCCC(=N)NCCCN(C)CCCNC(=N)CCCSCCC(=O)OCCCCCCCCCCCCCCCC,0.995
CCCCCCCCCCCCCCCCCCNC(=N)CCCSCCC(=O)OCCCCCCCCCCCC,1.0
CCCCCCCOP(=O)(O)OCCNCCCCCC,0.85
CCCCCCCOP(=O)(O)OCCNCCCNCCCNCCCNCCOP(=O)(O)OCCCCCCC,0.95
CCCCCCCCCCCCCC(O)N(C)C1C(O)C(OC2C(O)C(OC3OC(C(C)O)C(O)C(O)C3N(C(O)CCCCCCCCCCCCC)C(O)CCCCCCCCCCCCC)C(N(C(O)CCCCCCCCCCCCC)C(O)CCCCCCCCCCCCC)CC2N(C(O)CCCCCCCCCCCCC)C(O)CCCCCCCCCCCCC)OCC1(C)O,0.6803278689
CCCCC(C)C(=O)Oc1cc(CNCCN(C)C)cc(OC(=O)C(C)CCCC)c1,1.0
CCCCCCCCCCCCCOP(=O)(O)OCC[N+](CCCCCCCC)(CCCCCCCC)CCCCCCCC,0.95
CCCCOP(=O)(O)OCCNCCCN(CCCN(C)C)CCOP(=O)(O)OCCCC,0.95
CCCCCCOP(=O)(O)OCCNCCN(CCN)CCNCCOP(=O)(O)OCCCCCC,0.95
CCCCCCCCCCCCCCCCC(O)N(C)C1CC(N(C(O)CCCCCCCCCCCCCCCC)C(O)CCCCCCCCCCCCCCCC)C(O)C(OC2OC(CO)C(O)C3OC4(OC23)OC(C(CO)N(C(O)CCCCCCCCCCCCCCCC)C(O)CCCCCCCCCCCCCCCC)C(O)C(O)C4O)C1O,1.0
CCCCCCCCCCCOP(=O)(O)OCC[N+](CCCC)(CCCC)CCCC,0.95
CCCCOP(=O)(O)OCCNCCN(CCN)CCNCCOP(=O)(O)OCCCC,0.95
CCCCCCCCCCCCCOP(=O)(O)OCCNCCCCCCCCCC,0.95
CCCCCCc1ccc(C#CCN(CC#Cc2ccc(CCCCCC)cc2)C2CCCCC2)cc1,0.968
N(CCC(=O)OCCOC(=O)C(C)CSC/C=C(C)\CCC=C(C)C)(CCC(=O)OCCOC(=O)C(C)CSC/C=C(C)\CCC=C(C)C)CCCN1CCN(C)CC1,0.9942528736
CCCCCCCC[N+](CCCCCCCC)(CCCCCCCC)CCOP(=O)(O)OCCCCC,0.95
CCCCCC(C)C(=O)Oc1cc(CNCCCN2CCN(CCCN)CC2)cc(OC(=O)C(C)CCCCC)c1,1.0
CCCCCCCCCOP(=O)(O)OCCNCCN(CCNCCOP(=O)(O)OCCCCCCCCC)CCN(CCOP(=O)(O)OCCCCCCCCC)CCOP(=O)(O)OCCCCCCCCC,0.95
CCCCCCCCCOC(=O)CCSCCCC(=N)Nc1ccc(OCCCCCCCCC)cc1,1.0
CCCCOP(=O)(O)OCCNCCNCCNCCN(CCNCCOP(=O)(O)OCCCC)CCOP(=O)(O)OCCCC,0.85
CCCCCCCCCCCCN(CCCCCCCCCCCC)CCC(NC(=O)C(CCN(CCCCCCCCCCCC)CCCCCCCCCCCC)NC(=O)C(CCN(CCCCCCCCCCCC)CCCCCCCCCCCC)NC(C)=O)C(N)=O,1.0
CCCCCCCCCCOP(=O)(O)OCCNCCCCCC,0.85
N(CCC(=O)OCCOC(=O)C(C)CSCCC(C)CCC=C(C)C)(CCC(=O)OCCOC(=O)C(C)CSCCC(C)CCC=C(C)C)CCN(C)C,1.0
CCCCCCCCCCc1ccc(NC(=N)CCCSCCC(=O)OCCCCCCCCC)cc1,0.905
CCCCCCCCCCCCCCCCNC(=N)CCCSCCC(=O)OCCCCCCCCC,0.95
CCCCCCCCCCCCCCCCOP(=O)(O)OCCNCCCN(CCCN(C)C)CCOP(=O)(O)OCCCCCCCCCCCCCCCC,0.95
CCCCCCCCCCCCCCNCCOP(=O)(O)OCCCCCCC,0.95
N(CCC(=O)OCCOC(=O)C(C)CSCC/C=C/CC)(CCC(=O)OCCOC(=O)C(C)CSCC/C=C/CC)CCCN1CCN(C)CC1,0.9750957854
CCCCCCCCCCCCOC(=O)CCCN(C)C1CC(N(CCCC(=O)OCCCCCCCCCCCC)CCCC(=O)OCCCCCCCCCCCC)C(O)C(OC2OC(CO)C(O)C3OC4(OC23)OC(C(CO)N(CCCC(=O)OCCCCCCCCCCCC)CCCC(=O)OCCCCCCCCCCCC)C(O)C(O)C4O)C1O,1.0
CCCC1CCC(c2ccc(C#CCN(CC#Cc3ccc(C4CCC(CCC)CC4)cc3)CCN(CC)CC)cc2)CC1,0.9245
CCCCCCCCCCCCOP(=O)(O)OCCN(CCCCCCCCCC)CCCCCCCCCC,0.95
CCCCCCCCOP(=O)(O)OCCNCCN1CCN(CCOP(=O)(O)OCCCCCCCC)CC1,0.95
CCCC1CCC(c2ccc(C#CCN(C)CCCN(C)CC#Cc3ccc(C4CCC(CCC)CC4)cc3)cc2)CC1,0.9305
CCCCCCCCCCC(O)N(C)C1CC(N(C(O)CCCCCCCCCC)C(O)CCCCCCCCCC)C(O)C(OC2OC(CO)C(O)C3OC4(OC23)OC(C(CO)N(C(O)CCCCCCCCCC)C(O)CCCCCCCCCC)C(O)C(O)C4O)C1O,0.9808743169
CCCCCCCCCCCCOP(=O)(O)OCCN(CCCN(C)C)CCCN(CCOP(=O)(O)OCCCCCCCCCCCC)CCOP(=O)(O)OCCCCCCCCCCCC,0.95
CCCCCOP(=O)(O)OCCNCCN(CCNCCOP(=O)(O)OCCCCC)CCN(CCOP(=O)(O)OCCCCC)CCOP(=O)(O)OCCCCC,0.95
CCCC1CCC(c2ccc(C#CCN(CC#Cc3ccc(C4CCC(CCC)CC4)cc3)CCCN(CC#Cc3ccc(C4CCC(CCC)CC4)cc3)CC#Cc3ccc(C4CCC(CCC)CC4)cc3)cc2)CC1,0.946
CCCCCCCCCCCCCCCCOP(=O)(O)OCC[N+](CCCCCCCCCC)(CCCCCCCCCC)CCCCCCCCCC,0.95
CCCCCCCCCC[N+](CCCCCCCCCC)(CCCCCCCCCC)CCOP(=O)(O)OCCCCCCCC,0.95
CCCCCCCCCCCC[N+](CCCCCCCCCCCC)(CCCCCCCCCCCC)CCOP(=O)(O)OCCCCCCCCC,0.95
CCCCCCCCCCCCC(O)CN(CCCCC(NC(=O)C(CCCCN(CC(O)CCCCCCCCCCCC)CC(O)CCCCCCCCCCCC)NC(=O)C(CCCCN(CC(O)CCCCCCCCCCCC)CC(O)CCCCCCCCCCCC)NC(=O)C(CCCCN(CC(O)CCCCCCCCCCCC)CC(O)CCCCCCCCCCCC)NC(=O)C(CCCCN(CC(O)CCCCCCCCCCCC)CC(O)CCCCCCCCCCCC)NC(C)=O)C(N)=O)CC(O)CCCCCCCCCCCC,0.4019607843
CCCCCCCCCCCCCCCOP(=O)(O)OCCN(CCCN1CCN(CCCN(CCOP(=O)(O)OCCCCCCCCCCCCCCC)CCOP(=O)(O)OCCCCCCCCCCCCCCC)CC1)CCOP(=O)(O)OCCCCCCCCCCCCCCC,0.95
CCCCCCCCCCCCOC(=O)CCSCCCC(=N)Nc1ccc(OCCCCCCCCC)cc1,0.95
CCCCCCCCCCCC(O)N(C)C1C(O)C(OC2C(O)C(OC3OC(C(C)O)C(O)C(O)C3N(C(O)CCCCCCCCCCC)C(O)CCCCCCCCCCC)C(N(C(O)CCCCCCCCCCC)C(O)CCCCCCCCCCC)CC2N(C(O)CCCCCCCCCCC)C(O)CCCCCCCCCCC)OCC1(C)O,1.0
CCCCCCCCCCCOP(=O)(O)OCCN(CCOP(=O)(O)OCCCCCCCCCCC)CCN1CCN(CCOP(=O)(O)OCCCCCCCCCCC)CC1,0.95
CCCCCCCCCCCCCCOP(=O)(O)OCCN(CCOP(=O)(O)OCCCCCCCCCCCCCC)CCN1CCN(CCOP(=O)(O)OCCCCCCCCCCCCCC)CC1,0.95
CCCCCCCCCCCCOP(=O)(O)OCCNCCN(CCOP(=O)(O)OCCCCCCCCCCCC)CCN(CCOP(=O)(O)OCCCCCCCCCCCC)CCN(CCNCCOP(=O)(O)OCCCCCCCCCCCC)CCOP(=O)(O)OCCCCCCCCCCCC,0.95
N(CCN(CCC(=O)OCCOC(=O)C(C)CSC/C=C/CCC)(CCC(=O)OCCOC(=O)C(C)CSC/C=C/CCC))(CCN(CCC(=O)OCCOC(=O)C(C)CSC/C=C/CCC)(CCC(=O)OCCOC(=O)C(C)CSC/C=C/CCC))CCN(CCC(=O)OCCOC(=O)C(C)CSC/C=C/CCC)(CCC(=O)OCCOC(=O)C(C)CSC/C=C/CCC),0.9329501916
CCCCCCCCCCCCOP(=O)(O)OCCNCCCCCCCCCC,0.95
CCCCCCCCNCCOP(=O)(O)OCCCCCCCC,0.95
CCCCCCCCCCCCCCCCOC(=O)CCSCCCC(=N)NCC(CCCCCC)CCCCCCCC,0.87
CCCCc1ccc(C#CCN(CC#Cc2ccc(CCCC)cc2)C2CCCCC2)cc1,0.9245
OCCN(CCC(=O)OCCOC(=O)C(C)CSCCCCCC)CCCN(CCC(=O)OCCOC(=O)C(C)CSCCCCCC)(CCC(=O)OCCOC(=O)C(C)CSCCCCCC),1.0
CCCCCCCCCCCCCCCOP(=O)(O)OCCNCCN(CCOP(=O)(O)OCCCCCCCCCCCCCCC)CCN(CCNCCOP(=O)(O)OCCCCCCCCCCCCCCC)CCOP(=O)(O)OCCCCCCCCCCCCCCC,0.95
CCCCCCCCCCCCCCC(O)N(CCC(O)C(=O)NC1CC(N(C(O)CCCCCCCCCCCCCC)C(O)CCCCCCCCCCCCCC)C(OC2OC(CN(C(O)CCCCCCCCCCCCCC)C(O)CCCCCCCCCCCCCC)C(O)C(O)C2O)C(O)C1OC1OC(CO)C(O)C(N(C(O)CCCCCCCCCCCCCC)C(O)CCCCCCCCCCCCCC)C1O)C(O)CCCCCCCCCCCCCC,0.9153005464
CCCCCCc1ccc(C#CCN2CCN(CC#Cc3ccc(CCCCCC)cc3)CC2)cc1,0.944
CCCCCCCCCCC(O)CN(CCCCC(NC(=O)C(CCCCN(CC(O)CCCCCCCCCC)CC(O)CCCCCCCCCC)NC(C)=O)C(N)=O)CC(O)CCCCCCCCCC,0.931372549
CCCCCCCCCCCCCCCCOC(=O)CCSCCCC(=N)NCCCCCNC(=N)CCCSCCC(=O)OCCCCCCCCCCCCCCCC,1.0
CCCCCCCCCCCCCCCCOP(=O)(O)OCC[N+](CCCC)(CCCC)CCCC,0.95
CCCCCCCCCCCCOC(=O)CCSCCCC(=N)NCCCN(CCCCN(CCCNC(=N)CCCSCCC(=O)OCCCCCCCCCCCC)CCCNC(=N)CCCSCCC(=O)OCCCCCCCCCCCC)CCCNC(=N)CCCSCCC(=O)OCCCCCCCCCCCC,0.945
CCCCCCCOP(=O)(O)OCCN(C)CCN(CCN(C)CCOP(=O)(O)OCCCCCCC)CC[N+](C)(CCOP(=O)(O)OCCCCCCC)CCOP(=O)(O)OCCCCCCC,0.95
CCCCc1ccc(C#CCN(CC#Cc2ccc(CCCC)cc2)CCCN2CCCC2)cc1,0.968
CCCCC(C)CCC(=O)Oc1cc(CNCCCN(CC)CC)cc(OC(=O)CCC(C)CCC)c1,1.0
CCCCCCCCC(O)CN(C)C1C(O)C(OC2C(O)C(OC3OC(C(C)O)C(O)C(O)C3N(CC(O)CCCCCCCC)CC(O)CCCCCCCC)C(N(CC(O)CCCCCCCC)CC(O)CCCCCCCC)CC2N(CC(O)CCCCCCCC)CC(O)CCCCCCCC)OCC1(C)O,1.0
CCCC1CCC(c2ccc(C#CCN(CC#Cc3ccc(C4CCC(CCC)CC4)cc3)CCN3CCCCC3)cc2)CC1,0.9785
CCCC1CCC(c2ccc(C#CCN(C)CC#Cc3ccc(C4CCC(CCC)CC4)cc3)cc2)CC1,0.907
CCCCOP(=O)(O)OCCN(C)CCN(CCNC)CCN(C)CCOP(=O)(O)OCCCC,0.95
CCCCCCCCCCCCCOP(=O)(O)OCCNCCOCCOCCNCCOP(=O)(O)OCCCCCCCCCCCCC,0.95
CCCCCCCCCCCCN(CCCCCCCCCCCC)CCCC(NC(C)=O)C(N)=O,0.8725490196
CCCCCC(C)C(=O)Oc1cc(OC(=O)C(C)CCCCC)c(CNCCCN(C)C)c(OC(=O)C(C)CCCCC)c1,1.0
CCCCOP(=O)(O)OCCNCCCN(CCCNCCOP(=O)(O)OCCCC)CCOP(=O)(O)OCCCC,0.95
CCCCCCCCOP(=O)(O)OCCNCCCN(CCCN(C)C)CCOP(=O)(O)OCCCCCCCC,0.95
CCCCCCCCCCCCCOP(=O)(O)OCCNCCN(CCNCCOP(=O)(O)OCCCCCCCCCCCCC)CCN(CCOP(=O)(O)OCCCCCCCCCCCCC)CCOP(=O)(O)OCCCCCCCCCCCCC,0.95
CCCCCCCCCCCCCC(O)N(C)C1CC(N(C(O)CCCCCCCCCCCCC)C(O)CCCCCCCCCCCCC)C(O)C(OC2OC(CO)C(O)C3OC4(OC23)OC(C(CO)N(C(O)CCCCCCCCCCCCC)C(O)CCCCCCCCCCCCC)C(O)C(O)C4O)C1O,1.0
CCCCCCCCCCCCCCOP(=O)(O)OCCN(CCCC)CCCC,0.95
CCCCCCCCCCCCOC(=O)CCSCCCC(=N)NCC(CCCCCC)CCCCCCCC,0.995
CCCCCCCCCCCCCCCCOP(=O)(O)OCCNCCCNCCCNCCOP(=O)(O)OCCCCCCCCCCCCCCCC,0.95
CCCCCCCCNCCOP(=O)(O)OCCCCCC,0.85
N(CCC(=O)OCCOC(=O)C(C)CSC/C=C/CCC)(CCC(=O)OCCOC(=O)C(C)CSC/C=C/CCC)CCCN1CCN(CCCN(CCC(=O)OCCOC(=O)C(C)CSC/C=C/CCC)(CCC(=O)OCCOC(=O)C(C)CSC/C=C/CCC))CC1,1.0
[O-]S(=O)(=O)CCC[N+](C)(C)CCNC(=O)CCN(CC(O)CCCCCCCCCCCC)CCN(C)CCN(CC(O)CCCCCCCCCCCC)CC(O)CCCCCCCCCCCC,0.9654747226
CCCCCCCCCCCCCOP(=O)(O)OCCN(CCCC)CCCC,0.95
CCCCCCCCOP(=O)(O)OCCN(CCCC)CCCC,0.95
CCCCOP(=O)(O)OCCNCCCNCCCN(CCCNCCOP(=O)(O)OCCCC)CCOP(=O)(O)OCCCC,0.95
CCCCCCCCCC(=O)Oc1cc(CNCCN(CCN)CCN)cc(OC(=O)CCCCCCCCC)c1,0.9739333333333332
CCCCCCCCCCCCCCOP(=O)(O)OCCNCCN(CCNCCOP(=O)(O)OCCCCCCCCCCCCCC)CCN(CCOP(=O)(O)OCCCCCCCCCCCCCC)CCOP(=O)(O)OCCCCCCCCCCCCCC,0.95
CCCCCCC(O)CN(C)C1CC(N(CC(O)CCCCCC)CC(O)CCCCCC)C(O)C(OC2OC(CO)C(O)C3OC4(OC23)OC(C(CO)N(CC(O)CCCCCC)CC(O)CCCCCC)C(O)C(O)C4O)C1O,1.0
CCCCCC(C)CCC(=O)Oc1cc(CNCCN(CCN)CCN)cc(OC(=O)CCC(C)CCCCC)c1,0.9498333333333332
CCCCCCCCCCCCCCOP(=O)(O)OCC[N+](CCCCCCCC)(CCCCCCCC)CCCCCCCC,0.95
CCCCCCCOP(=O)(O)OCCNCCCN1CCN(CCCN(CCOP(=O)(O)OCCCCCCC)CCOP(=O)(O)OCCCCCCC)CC1,0.95
CCCCC(C)C(=O)Oc1cc(OC(=O)C(C)CCCC)c(CNCCCN(C)CCCN)c(OC(=O)C(C)CCCC)c1,0.9783666666666666
CCCCCCCC/C=C\CCCCCCCCNC(=N)CCCSCCC(=O)OCCCCCCCCCCCCCC,1.0
[O-]S(=O)(=O)CCC[N+](C)(C)CCNC(=O)CCN(CCC(=O)OCCCCCCCCCCCCCC)CCCN(C)CCCN(CCC(=O)OCCCCCCCCCCCCCC)CCC(=O)OCCCCCCCCCCCCCC,0.8363854902
CCCCCCCCCCCOP(=O)(O)OCCNCCCNCCCNCCOP(=O)(O)OCCCCCCCCCCC,0.85
CCCCCCCCCCCCCCCCC(O)N(CCC(O)C(=O)NC1CC(N(C(O)CCCCCCCCCCCCCCCC)C(O)CCCCCCCCCCCCCCCC)C(OC2OC(CN(C(O)CCCCCCCCCCCCCCCC)C(O)CCCCCCCCCCCCCCCC)C(O)C(O)C2O)C(O)C1OC1OC(CO)C(O)C(N(C(O)CCCCCCCCCCCCCCCC)C(O)CCCCCCCCCCCCCCCC)C1O)C(O)CCCCCCCCCCCCCCCC,0.9508196721
CCCCCCCCCCCOP(=O)(O)OCC[N+](CCCCCCCCCC)(CCCCCCCCCC)CCCCCCCCCC,0.95
CCCCCCCCCCCCN(CCCCCCCCCCCC)CC(NC(=O)C(CN(CCCCCCCCCCCC)CCCCCCCCCCCC)NC(C)=O)C(N)=O,0.931372549
CCCCCCCCCCCCCCNCCOP(=O)(O)OCCCCCCCCCCCC,0.95
CCCCCC(C)C(=O)Oc1cc(CNCCN2CCN(C)CC2)cc(OC(=O)C(C)CCCCC)c1,0.976
CCCCCC(C)CCC(=O)Oc1cc(CNCCCN(CC)CC)cc(OC(=O)CCC(C)CCCCC)c1,0.9984666666666668
CCCCCCCCCCCCCCCCOC(=O)CCSCCCC(=N)Nc1ccc(CCCCCCCCCCCC)cc1,0.98
CCCCCCCCCCCCOP(=O)(O)OCC[N+](CCCC)(CCCC)CCCC,0.95
CCCCCCCCCOP(=O)(O)OCCN(CCCC)CCCC,0.95
CCCCC(CC)C(=O)Oc1cc(OC(=O)C(CC)CCCC)c(CNCCN(C)C)c(OC(=O)C(CC)CCCC)c1,0.9868333333333332
CCCCCCOC(=O)CCCN(C)C1CC(N(CCCC(=O)OCCCCCC)CCCC(=O)OCCCCCC)C(O)C(OC2OC(CO)C(O)C3OC4(OC23)OC(C(CO)N(CCCC(=O)OCCCCCC)CCCC(=O)OCCCCCC)C(O)C(O)C4O)C1O,1.0
CCCCc1ccc(C#CCN(CC#Cc2ccc(CCCC)cc2)CCN2CCCCC2)cc1,0.9585
CCCCCCCCCCCCCCCOP(=O)(O)OCCNCCCCCCCCCC,0.95
CCCCC(C)C(=O)Oc1cc(CNCCCN(C)CCCN)cc(OC(=O)C(C)CCCC)c1,1.0
N(CCC(=O)OCCOC(=O)C(C)CSCCC/C=C/C)(CCC(=O)OCCOC(=O)C(C)CSCCC/C=C/C)CCCN1CCN(CCCN(CCC(=O)OCCOC(=O)C(C)CSCCC/C=C/C)(CCC(=O)OCCOC(=O)C(C)CSCCC/C=C/C))CC1,0.8678160920000001
CCCCOP(=O)(O)OCCNCCCN1CCN(CCCNCCOP(=O)(O)OCCCC)CC1,0.95
CCCCCCCCCCCCCCCOP(=O)(O)OCCNCCCNCCCNCCOP(=O)(O)OCCCCCCCCCCCCCCC,0.95
CCCCCCCCCCCCCCCCOP(=O)(O)OCCN(CCOP(=O)(O)OCCCCCCCCCCCCCCCC)CCN1CCN(CCOP(=O)(O)OCCCCCCCCCCCCCCCC)CC1,0.95
CCCCCCc1ccc(C#CCN(CC#Cc2ccc(CCCCCC)cc2)CCN2CCCC2)cc1,0.991
CCCCCCCCOP(=O)(O)OCCNCCCNCCCNCCCNCCOP(=O)(O)OCCCCCCCC,0.95
CCCCCC(C)CCC(=O)Oc1cc(CNCCN(C)CCN)cc(OC(=O)CCC(C)CCCCC)c1,1.0
[O-]S(=O)(=O)CCC[N+](C)(C)CCNC(=O)CCN(CCC(=O)OCCCCCCCCCCCCCC)CCCN5CCN(CCCN(CCC(=O)OCCCCCCCCCCCCCC)CCC(=O)OCCCCCCCCCCCCCC)CC5,0.9765721332
CCCCCCCCCCCCCOP(=O)(O)OCCNCCCN(CCCNCCOP(=O)(O)OCCCCCCCCCCCCC)CCOP(=O)(O)OCCCCCCCCCCCCC,0.95
CC(C)CCCCCC(O)CN(C)C1CC(N(CC(O)CCCCCC(C)C)CC(O)CCCCCC(C)C)C(O)C(OC2OC(CO)C(O)C3OC4(OC23)OC(C(CO)N(CC(O)CCCCCC(C)C)CC(O)CCCCCC(C)C)C(O)C(O)C4O)C1O,1.0
N(CCC(=O)OCCOC(=O)C(C)CSC/C=C\C/C=C\CC)(CCC(=O)OCCOC(=O)C(C)CSC/C=C\C/C=C\CC)CCCN(C)C,0.9176245211
CCCCc1ccc(C#CCN(C)CCCN(C)CCCN(C)CC#Cc2ccc(CCCC)cc2)cc1,0.9905
CCCCc1ccc(C#CCN(CC#Cc2ccc(CCCC)cc2)CCCN2CCN(CCCN(CC#Cc3ccc(CCCC)cc3)CC#Cc3ccc(CCCC)cc3)CC2)cc1,0.978
CCCCCCCCCCCCCCCOP(=O)(O)OCCNCCCNCCCNCCCNCCOP(=O)(O)OCCCCCCCCCCCCCCC,0.95
CCCCCCCCCOP(=O)(O)OCCNCCNCCNCCN(CCNCCOP(=O)(O)OCCCCCCCCC)CCOP(=O)(O)OCCCCCCCCC,0.95
CCCCCCCCCCCOP(=O)(O)OCCNCCNCCNCCNCCNCCOP(=O)(O)OCCCCCCCCCCC,0.95
CCCCCCCCCCCCCCN(CCCCCCCCCCCCCC)CCOP(=O)(O)OCCCCCCCCCCCCC,0.95
CCCCCCCCOP(=O)(O)OCCNCCCN(CCCNCCOP(=O)(O)OCCCCCCCC)CCOP(=O)(O)OCCCCCCCC,0.95
OCCN(CCC(=O)OCCOC(=O)C(C)CSC/C=C\C/C=C\CC)CCCN(CCC(=O)OCCOC(=O)C(C)CSC/C=C\C/C=C\CC)(CCC(=O)OCCOC(=O)C(C)CSC/C=C\C/C=C\CC),0.9291187739
[O-]S(=O)(=O)CCC[N+](C)(C)CCNC(=O)CCN(C(C)C)CCN(CCN(C(C)C)CC(O)CCCCCCCCCCCCCC)CCN(C(C)C)CC(O)CCCCCCCCCCCCCC,0.9620826696
CCCCCCCCCCCCCCN(CCCCCCCCCCCCCC)CCCCC(NC(=O)C(CCCCN(CCCCCCCCCCCCCC)CCCCCCCCCCCCCC)NC(=O)C(CCCCN(CCCCCCCCCCCCCC)CCCCCCCCCCCCCC)NC(=O)C(CCCCN(CCCCCCCCCCCCCC)CCCCCCCCCCCCCC)NC(C)=O)C(N)=O,0.4803921569
CCCCc1ccc(C#CCN(CC#Cc2ccc(CCCC)cc2)CCN(C)C)cc1,0.9205
CCCCCCCCCCCCCCOP(=O)(O)OCCN(CCCCCC)CCCCCC,0.95
[O-]S(=O)(=O)CCC[N+](C)(C)CCNC(=O)CCN(CCC(=O)OCCCCCCCCCCCC)CCN(C)CCN(CCC(=O)OCCCCCCCCCCCC)CCC(=O)OCCCCCCCCCCCC,1.0
CCCCCCCCOC(=O)CCCN(C)C1CC(N(CCCC(=O)OCCCCCCCC)CCCC(=O)OCCCCCCCC)C(O)C(OC2OC(CO)C(O)C3OC4(OC23)OC(C(CO)N(CCCC(=O)OCCCCCCCC)CCCC(=O)OCCCCCCCC)C(O)C(O)C4O)C1O,1.0
CCCCc1ccc(C#CCN(CC)CCN(CC)CC#Cc2ccc(CCCC)cc2)cc1,0.913
CCCCCCC(=O)Oc1cc(CNCCN2CCN(CCN)CC2)cc(OC(=O)CCCCCC)c1,1.0
CCCCCCCCCCCCN(CCCCCCCCCCCC)CCCCC(NC(=O)C(CCCCN(CCCCCCCCCCCC)CCCCCCCCCCCC)NC(=O)C(CCCCN(CCCCCCCCCCCC)CCCCCCCCCCCC)NC(C)=O)C(N)=O,0.3921568627
[O-]S(=O)(=O)CCC[N+](C)(C)CCNC(=O)CCN(C)CCN(CCN(C)CC(O)CCCCCCCCCC)CCN(C)CC(O)CCCCCCCCCC,1.0
CC(C)CCCCCOC(=O)CCCN(C)C1CC(N(CCCC(=O)OCCCCCC(C)C)CCCC(=O)OCCCCCC(C)C)C(O)C(OC2OC(CO)C(O)C3OC4(OC23)OC(C(CO)N(CCCC(=O)OCCCCCC(C)C)CCCC(=O)OCCCCCC(C)C)C(O)C(O)C4O)C1O,1.0
CCCCCCN(CCCCCC)CCCCC(NC(C)=O)C(N)=O,0.5980392157
CCCCCCCCCCOP(=O)(O)OCCN(CCCCCCCCCC)CCCCCCCCCC,0.95
CCCCc1ccc(C#CCN(CC)CC#Cc2ccc(CCCC)cc2)cc1,0.9785
CCCCCCCCCCCCCCCOP(=O)(O)OCCNCCCN(CCCN(C)C)CCOP(=O)(O)OCCCCCCCCCCCCCCC,0.95
CCCCCCCCCCCOP(=O)(O)OCCNCCCNCCCNCCCNCCOP(=O)(O)OCCCCCCCCCCC,0.95
CCCCCCCCCCCCCCOP(=O)(O)OCCNCCCN1CCN(CCCN(CCOP(=O)(O)OCCCCCCCCCCCCCC)CCOP(=O)(O)OCCCCCCCCCCCCCC)CC1,0.95
CCCCCOP(=O)(O)OCC[N+](CCCC)(CCCC)CCCC,0.95
CCCCCCCCCCCCCCOP(=O)(O)OCCN(CCCCCCCCCCCC)CCCCCCCCCCCC,0.95
CCCCCCCCCCCCCCCOP(=O)(O)OCCNCCCCCCCCCCCCCC,0.95
CCCCOP(=O)(O)OCCNCCN(CCNCCN(CCNCCOP(=O)(O)OCCCC)CCOP(=O)(O)OCCCC)CCOP(=O)(O)OCCCC,0.95
CCCCCCCCCCCCCCCOP(=O)(O)OCCN(CCOP(=O)(O)OCCCCCCCCCCCCCCC)CCN1CCN(CCOP(=O)(O)OCCCCCCCCCCCCCCC)CC1,0.95
CCCCCCOP(=O)(O)OCCNCCCN1CCN(CCCN(CCOP(=O)(O)OCCCCCC)CCOP(=O)(O)OCCCCCC)CC1,0.95
CCCCCCCCN(CCCCCCCC)CCCCC(NC(=O)C(CCCCN(CCCCCCCC)CCCCCCCC)NC(=O)C(CCCCN(CCCCCCCC)CCCCCCCC)NC(=O)C(CCCCN(CCCCCCCC)CCCCCCCC)NC(=O)C(CCCCN(CCCCCCCC)CCCCCCCC)NC(C)=O)C(N)=O,0.6862745098
[O-]S(=O)(=O)CCC[N+](C)(C)CCNC(=O)CCN(C(C)C)CCN(CCN(C(C)C)CC(O)CCCCCCCCCC)CCN(C(C)C)CC(O)CCCCCCCCCC,1.0
CCCCC(C)CCC(=O)Oc1cc(OC(=O)CCC(C)CCCC)c(CNCCCN(C)CCCN)c(OC(=O)CCC(C)CCCC)c1,0.9824666666666668
N(CCC(=O)OCCOC(=O)C(C)CSC/C=C/CCC)(CCC(=O)OCCOC(=O)C(C)CSC/C=C/CCC)CCN(C)C,0.9750957854
CCCCCCCCCCCCOC(=O)CCN(CCCCC(NC(C)=O)C(N)=O)CCC(=O)OCCCCCCCCCCCC,0.8921568627
CCCCc1ccc(C#CCN(CC#Cc2ccc(CCCC)cc2)C2CCC(O)CC2)cc1,0.958
CCCCCCCCCCCCN(CCCCCCCCCCCC)CCC(NC(=O)C(CCN(CCCCCCCCCCCC)CCCCCCCCCCCC)NC(=O)C(CCN(CCCCCCCCCCCC)CCCCCCCCCCCC)NC(=O)C(CCN(CCCCCCCCCCCC)CCCCCCCCCCCC)NC(=O)C(CCN(CCCCCCCCCCCC)CCCCCCCCCCCC)NC(C)=O)C(N)=O,0.8529411765
CCCCCCCCCCOP(=O)(O)OCCNCCNCCNCCN(CCNCCOP(=O)(O)OCCCCCCCCCC)CCOP(=O)(O)OCCCCCCCCCC,0.95
CCCCC(C)CCC(=O)Oc1cc(OC(=O)CCC(C)CCCC)c(CNCCN(CCN)CCN)c(OC(=O)CCC(C)CCCC)c1,0.9178666666666668
CCCCC(C)C(=O)Oc1cc(CNCCCN(CC)CC)cc(OC(=O)C(C)CCCC)c1,0.9742333333333332
CCCCCCCCCCOP(=O)(O)OCCN(C)CCN(CCN(C)CCOP(=O)(O)OCCCCCCCCCC)CCN(C)CCOP(=O)(O)OCCCCCCCCCC,0.95
CCCCCCCCCCCCOP(=O)(O)OCC[N+](CCCCCCCCCC)(CCCCCCCCCC)CCCCCCCCCC,0.95
CCCCCCCOP(=O)(O)OCCN(CCCC)CCCC,0.95
CCCCCCC(O)CN(CCC(O)C(=O)N(CC(O)CCCCCC)C1CC(N(CC(O)CCCCCC)CC(O)CCCCCC)C(OC2OC(CN(CC(O)CCCCCC)CC(O)CCCCCC)C(O)C(O)C2O)C(O)C1OC1OC(CO)C(O)C(N(CC(O)CCCCCC)CC(O)CCCCCC)C1O)CC(O)CCCCCC,1.0
CCCCCCCCCCCCCCCCOP(=O)(O)OCC[N+](CCCCCCCCCCCC)(CCCCCCCCCCCC)CCCCCCCCCCCC,0.95
[O-]S(=O)(=O)CCC[N+](C)(C)CCNC(=O)CCN(CC(O)CCCCCCCCCC)CCN(C)CCN(CC(O)CCCCCCCCCC)CC(O)CCCCCCCCCC,1.0
[O-]S(=O)(=O)CCC[N+](C)(C)CCNC(=O)CCN(CCC(=O)OCCCCCCCCCCCCCC)CCN(CCN(CCC(=O)OCCCCCCCCCCCCCC)CCC(=O)OCCCCCCCCCCCCCC)CCN(CCC(=O)OCCCCCCCCCCCCCC)CCC(=O)OCCCCCCCCCCCCCC,1.0
CCCCCCCCC(O)CN(CCCCC(NC(=O)C(CCCCN(CC(O)CCCCCCCC)CC(O)CCCCCCCC)NC(=O)C(CCCCN(CC(O)CCCCCCCC)CC(O)CCCCCCCC)NC(=O)C(CCCCN(CC(O)CCCCCCCC)CC(O)CCCCCCCC)NC(=O)C(CCCCN(CC(O)CCCCCCCC)CC(O)CCCCCCCC)NC(C)=O)C(N)=O)CC(O)CCCCCCCC,0.7058823529
CCCCCCCCCCCCCCCCOP(=O)(O)OCCN(C)CCN(CCN(C)CCOP(=O)(O)OCCCCCCCCCCCCCCCC)CC[N+](C)(CCOP(=O)(O)OCCCCCCCCCCCCCCCC)CCOP(=O)(O)OCCCCCCCCCCCCCCCC,0.95
CCCCCCCCC(O)CN(CCC(O)C(=O)N(CC(O)CCCCCCCC)C1CC(N(CC(O)CCCCCCCC)CC(O)CCCCCCCC)C(OC2OC(CN(CC(O)CCCCCCCC)CC(O)CCCCCCCC)C(O)C(O)C2O)C(O)C1OC1OC(CO)C(O)C(N(CC(O)CCCCCCCC)CC(O)CCCCCCCC)C1O)CC(O)CCCCCCCC,1.0
CCCCCCc1ccc(C#CCN(C)CCCN(C)CCCN(C)CC#Cc2ccc(CCCCCC)cc2)cc1,0.956
CCCCCCCCCCCCCCOP(=O)(O)OCCNCCCCCCCCCCCC,0.95
[O-]S(=O)(=O)CCC[N+](C)(C)CCNC(=O)CCN(CCC(=O)OCCCCCCCCCCCCCCCC)CCN(C)CCN(CCC(=O)OCCCCCCCCCCCCCCCC)CCC(=O)OCCCCCCCCCCCCCCCC,1.0
CCCCCCCCOP(=O)(O)OCCNCCN(CCOP(=O)(O)OCCCCCCCC)CCN(CCNCCOP(=O)(O)OCCCCCCCC)CCOP(=O)(O)OCCCCCCCC,0.95
CCCCCCCCCCCCNCCOP(=O)(O)OCCCCC,0.95
CCCCCCCOP(=O)(O)OCCNCCNCCNCCN(CCNCCOP(=O)(O)OCCCCCCC)CCOP(=O)(O)OCCCCCCC,0.95
[O-]S(=O)(=O)CCC[N+](C)(C)CCNC(=O)CCN(CC(O)CCCCCCCCCC)CCCN(C)CCCN(CC(O)CCCCCCCCCC)CC(O)CCCCCCCCCC,0.8668310726999999
CCCCCCCCCCOP(=O)(O)OCCN(C)CCN(CCN(C)CCOP(=O)(O)OCCCCCCCCCC)CC[N+](C)(CCOP(=O)(O)OCCCCCCCCCC)CCOP(=O)(O)OCCCCCCCCCC,0.95
CCCCCCCCCCCCCCCCOC(=O)CCSCCCC(=N)NCCNC(=N)CCCSCCC(=O)OCCCCCCCCCCCCCCCC,0.96
CCCCCCCCCCCCCOP(=O)(O)OCC[N+](CCCCCCCCCCCC)(CCCCCCCCCCCC)CCCCCCCCCCCC,0.95
CCCCC(CC)C(=O)Oc1cc(OC(=O)C(CC)CCCC)c(CNCCCN)c(OC(=O)C(CC)CCCC)c1,0.9918666666666668
CCCCCCCCCCCCOP(=O)(O)OCCN(CCCC)CCCC,0.95
CCCCCCCCCCCCCCCCOC(=O)CCSCCCC(=N)Nc1ccc(CCCCCCCCCC)cc1,0.985
CCCCCCCCC(=O)Oc1cc(CNCCCN(CC)CC)cc(OC(=O)CCCCCCCC)c1,1.0
CCCCCCCCN(CCCCCCCC)CCOP(=O)(O)OCCCC,0.95
CCCCC(C)CCC(=O)Oc1cc(OC(=O)CCC(C)CCCC)c(CNCCN2CCN(CCN)CC2)c(OC(=O)CCC(C)CCCC)c1,0.9308333333333332
CCCCC(CC)CCC(=O)Oc1cc(OC(=O)CCC(CC)CCCC)c(CNCCCN2CCN(C)CC2)c(OC(=O)CCC(CC)CCCC)c1,0.9830333333333332
CCCCCCCCCCCOP(=O)(O)OCCNCCN(CCN)CCNCCOP(=O)(O)OCCCCCCCCCCC,0.95
CCCCCCCCCCCCOP(=O)(O)OCCNCCCN(CCCNCCOP(=O)(O)OCCCCCCCCCCCC)CCOP(=O)(O)OCCCCCCCCCCCC,0.95
CCCCCCCCCCCCCOP(=O)(O)OCCN(C)CCN(CCN(C)CCOP(=O)(O)OCCCCCCCCCCCCC)CCN(C)CCOP(=O)(O)OCCCCCCCCCCCCC,0.95
CCCCCCOP(=O)(O)OCCNCCCN1CCN(CCCNCCOP(=O)(O)OCCCCCC)CC1,0.95
CCCCCCc1ccc(C#CCN(CC#Cc2ccc(CCCCCC)cc2)CCN2CCOCC2)cc1,0.9445
CCCC1CCC(c2ccc(C#CCN(CC#Cc3ccc(C4CCC(CCC)CC4)cc3)CCCN(C)CCCN(CC#Cc3ccc(C4CCC(CCC)CC4)cc3)CC#Cc3ccc(C4CCC(CCC)CC4)cc3)cc2)CC1,0.946
CCCCCCCCCOC(=O)CCSCCCC(=N)NCCNCCN1CCN(CCNC(=N)CCCSCCC(=O)OCCCCCCCCC)CC1,0.975
CCCCCCCCCCCCCCN(CCCCCCCCCCCCCC)CCOP(=O)(O)OCCCCCCCCC,0.95
CCCCCCCCCCCCCCCCCCN(CCCCCCCCCCCCCCCCCC)CCCCC(NC(=O)C(CCCCN(CCCCCCCCCCCCCCCCCC)CCCCCCCCCCCCCCCCCC)NC(=O)C(CCCCN(CCCCCCCCCCCCCCCCCC)CCCCCCCCCCCCCCCCCC)NC(=O)C(CCCCN(CCCCCCCCCCCCCCCCCC)CCCCCCCCCCCCCCCCCC)NC(C)=O)C(N)=O,0.9019607843
CCCCCCCCCCC(O)N(CC1OC(OC2C(OC3OC(CO)C(O)C3O)C(O)C(N(C(O)CCCCCCCCCC)C(O)CCCCCCCCCC)CC2N(C(O)CCCCCCCCCC)C(O)CCCCCCCCCC)C(N(C(O)CCCCCCCCCC)C(O)CCCCCCCCCC)C(O)C1O)C(O)CCCCCCCCCC,1.0
CCCCCCCCCCCCCCOC(=O)CCSCCCC(=N)NCCCCCCCCCC,1.0
CCCCc1ccc(C#CCN(CC#Cc2ccc(CCCC)cc2)CCCn2ccnc2)cc1,0.9505
N(CCC(=O)OCCOC(=O)C(C)CSC/C=C\CCC)(CCC(=O)OCCOC(=O)C(C)CSC/C=C\CCC)CCCN(C)CCCN(CCC(=O)OCCOC(=O)C(C)CSC/C=C\CCC)(CCC(=O)OCCOC(=O)C(C)CSC/C=C\CCC),1.0
CCCCCCCCCCCCCCCCOP(=O)(O)OCCNCCNCCNCCN(CCNCCOP(=O)(O)OCCCCCCCCCCCCCCCC)CCOP(=O)(O)OCCCCCCCCCCCCCCCC,0.95
CCCCCCCCCCCCCCCCCCN(CCCCCCCCCCCCCCCCCC)CCCCC(NC(=O)C(CCCCN(CCCCCCCCCCCCCCCCCC)CCCCCCCCCCCCCCCCCC)NC(=O)C(CCCCN(CCCCCCCCCCCCCCCCCC)CCCCCCCCCCCCCCCCCC)NC(=O)C(CCCCN(CCCCCCCCCCCCCCCCCC)CCCCCCCCCCCCCCCCCC)NC(=O)C(CCCCN(CCCCCCCCCCCCCCCCCC)CCCCCCCCCCCCCCCCCC)NC(C)=O)C(N)=O,0.931372549
CCCCCCCCCCCCOC(=O)CCSCCCC(=N)NCCCCCNC(=N)CCCSCCC(=O)OCCCCCCCCCCCC,0.945
CCCCCOP(=O)(O)OCCNCCNCCNCCNCCNCCOP(=O)(O)OCCCCC,0.95
CCCCCCCCCCCC[N+](CCCCCCCCCCCC)(CCCCCCCCCCCC)CCOP(=O)(O)OCCCC,0.95
CCCCCCCCCCCCCCOC(=O)CCSCCCC(=N)NCCN(CCNC(=N)CCCSCCC(=O)OCCCCCCCCCCCCCC)CCNC(=N)CCCSCCC(=O)OCCCCCCCCCCCCCC,1.0
CCCCCCCCCCCCOP(=O)(O)OCCN(C)CCN(CCN(C)CCOP(=O)(O)OCCCCCCCCCCCC)CCN(C)CCOP(=O)(O)OCCCCCCCCCCCC,0.95
CCCCC(CC)C(=O)Oc1cc(OC(=O)C(CC)CCCC)c(CNCCCN(CC)CC)c(OC(=O)C(CC)CCCC)c1,1.0
N(CCC(=O)OCCOC(=O)C(C)CSC/C=C(C)/CC/C=C(C)/CCC=C(C)C)(CCC(=O)OCCOC(=O)C(C)CSC/C=C(C)/CC/C=C(C)/CCC=C(C)C)CCCN(C)C,0.9176245211
CCCCCCCCCCCOP(=O)(O)OCCN(C)CCN(CCN(C)CCOP(=O)(O)OCCCCCCCCCCC)CC[N+](C)(CCOP(=O)(O)OCCCCCCCCCCC)CCOP(=O)(O)OCCCCCCCCCCC,0.95
CCCCCCc1ccc(C#CCN(CC)CCN(CC)CC#Cc2ccc(CCCCCC)cc2)cc1,0.937
N(CCC(=O)OCCOC(=O)C(C)CSC/C=C\C/C=C\CC)(CCC(=O)OCCOC(=O)C(C)CSC/C=C\C/C=C\CC)CCN(C)C,0.9406130268
N(CCC(=O)OCCOC(=O)C(C)CSC/C=C/CCC)(CCC(=O)OCCOC(=O)C(C)CSC/C=C/CCC)CCCN1CCN(C)CC1,1.0
CCCCCCCCCCCCCOP(=O)(O)OCCNCCN(CCNCCN(CCNCCOP(=O)(O)OCCCCCCCCCCCCC)CCOP(=O)(O)OCCCCCCCCCCCCC)CCOP(=O)(O)OCCCCCCCCCCCCC,0.95
CCCCCCCCCCCCCCCCOP(=O)(O)OCCN(CCCCCCCCCC)CCCCCCCCCC,0.95
CCCCCCOP(=O)(O)OCC[N+](CCCCCC)(CCCCCC)CCCCCC,0.95
CCCCCCCCCCCCOP(=O)(O)OCCNCCCC,0.95
CCCCCCCCCCCCCCCCCCN(CCCCCCCCCCCCCCCCCC)CCCCC(NC(=O)C(CCCCN(CCCCCCCCCCCCCCCCCC)CCCCCCCCCCCCCCCCCC)NC(C)=O)C(N)=O,0.8529411765
CCCCCCCCCCCCCOP(=O)(O)OCC[N+](CCCCCC)(CCCCCC)CCCCCC,0.95
CCCCCCCCCCCCCCCOP(=O)(O)OCC[N+](CCCCCC)(CCCCCC)CCCCCC,0.95
CCCCCCCCCCCC[N+](CCCCCCCCCCCC)(CCCCCCCCCCCC)CCOP(=O)(O)OCCCCCCCC,0.95
CCCCCCCCCCCCCCOC(=O)CCSCCCC(=N)NCCNC(=N)CCCSCCC(=O)OCCCCCCCCCCCCCC,0.925
CCCCCCCCCCCCCOP(=O)(O)OCCNCCCC,0.95
CCCCc1ccc(C#CCN(CC#Cc2ccc(CCCC)cc2)CCCN(C)CCCN(CC#Cc2ccc(CCCC)cc2)CC#Cc2ccc(CCCC)cc2)cc1,0.9835
CCCCCCCCCOP(=O)(O)OCCNCCCN1CCN(CCCNCCOP(=O)(O)OCCCCCCCCC)CC1,0.95
CCCCCCC(O)CN(C)C1C(O)C(OC2C(O)C(OC3OC(C(C)O)C(O)C(O)C3N(CC(O)CCCCCC)CC(O)CCCCCC)C(N(CC(O)CCCCCC)CC(O)CCCCCC)CC2N(CC(O)CCCCCC)CC(O)CCCCCC)OCC1(C)O,1.0
CCCCCCCCCCCCCCOC(=O)CCSCCCC(=N)NCCCN(CCCNC(=N)CCCSCCC(=O)OCCCCCCCCCCCCCC)CCCNC(=N)CCCSCCC(=O)OCCCCCCCCCCCCCC,0.955
CCCCC(C)C(=O)Oc1cc(OC(=O)C(C)CCCC)c(CNCCCN)c(OC(=O)C(C)CCCC)c1,1.0
CCCCCCCOP(=O)(O)OCCNCCN(CCNCCN(CCNCCOP(=O)(O)OCCCCCCC)CCOP(=O)(O)OCCCCCCC)CCOP(=O)(O)OCCCCCCC,0.85
CCCCCCCCCOP(=O)(O)OCCNCCNCCNCCNCCNCCOP(=O)(O)OCCCCCCCCC,0.95
N(CCN(CCC(=O)OCCOC(=O)C(C)CSC/C=C(C)/CC/C=C(C)/CCC=C(C)C)(CCC(=O)OCCOC(=O)C(C)CSC/C=C(C)/CC/C=C(C)/CCC=C(C)C))(CCN(CCC(=O)OCCOC(=O)C(C)CSC/C=C(C)/CC/C=C(C)/CCC=C(C)C)(CCC(=O)OCCOC(=O)C(C)CSC/C=C(C)/CC/C=C(C)/CCC=C(C)C))CCN(CCC(=O)OCCOC(=O)C(C)CSC/C=C(C)/CC/C=C(C)/CCC=C(C)C)(CCC(=O)OCCOC(=O)C(C)CSC/C=C(C)/CC/C=C(C)/CCC=C(C)C),0.8678160920000001
N(CCC(=O)OCCOC(=O)C(C)CSCCC(C)CCC=C(C)C)(CCC(=O)OCCOC(=O)C(C)CSCCC(C)CCC=C(C)C)CCCN1CCN(C)CC1,1.0
CCCCCCCCCOP(=O)(O)OCCNCCCC,0.95
CCCC1CCC(c2ccc(C#CCN(CC)CCN(CC)CC#Cc3ccc(C4CCC(CCC)CC4)cc3)cc2)CC1,0.9455
CCCCCCCCCCCC(O)N(C)C1CC(N(C(O)CCCCCCCCCCC)C(O)CCCCCCCCCCC)C(O)C(OC2OC(CO)C(O)C3OC4(OC23)OC(C(CO)N(C(O)CCCCCCCCCCC)C(O)CCCCCCCCCCC)C(O)C(O)C4O)C1O,0.9043715847
CCCCCCCCCCCCCCCOP(=O)(O)OCCNCCNCCNCCNCCOP(=O)(O)OCCCCCCCCCCCCCCC,0.95
OCCN(CCC(=O)OCCOC(=O)C(C)CSCCC/C=C\C)CCCN(CCC(=O)OCCOC(=O)C(C)CSCCC/C=C\C)(CCC(=O)OCCOC(=O)C(C)CSCCC/C=C\C),0.9214559387
CCCCCSCC(C)C(=O)OCCOC(=O)CCN(CCCN(C)CCCN(CCC(=O)OCCOC(=O)C(C)CSCCCCC)CCC(=O)OCCOC(=O)C(C)CSCCCCC)CCC(=O)OCCOC(=O)C(C)CSCCCCC,1.0
CCCCCCSCC(C)C(=O)OCCOC(=O)CCN(CCCN(C)CCCN(CCC(=O)OCCOC(=O)C(C)CSCCCCCC)CCC(=O)OCCOC(=O)C(C)CSCCCCCC)CCC(=O)OCCOC(=O)C(C)CSCCCCCC,1.0
CCCCCCCSCC(C)C(=O)OCCOC(=O)CCN(CCCN(C)CCCN(CCC(=O)OCCOC(=O)C(C)CSCCCCCCC)CCC(=O)OCCOC(=O)C(C)CSCCCCCCC)CCC(=O)OCCOC(=O)C(C)CSCCCCCCC,1.0
CCCCCCCCCSCC(C)C(=O)OCCOC(=O)CCN(CCCN(C)CCCN(CCC(=O)OCCOC(=O)C(C)CSCCCCCCCCC)CCC(=O)OCCOC(=O)C(C)CSCCCCCCCCC)CCC(=O)OCCOC(=O)C(C)CSCCCCCCCCC,1.0
CCCCCCCCCCCCSCC(C)C(=O)OCCOC(=O)CCN(CCCN(C)CCCN(CCC(=O)OCCOC(=O)C(C)CSCCCCCCCCCCCC)CCC(=O)OCCOC(=O)C(C)CSCCCCCCCCCCCC)CCC(=O)OCCOC(=O)C(C)CSCCCCCCCCCCCC,0.9509803922
CCCCCCCCCCCCCCSCC(C)C(=O)OCCOC(=O)CCN(CCCN(C)CCCN(CCC(=O)OCCOC(=O)C(C)CSCCCCCCCCCCCCCC)CCC(=O)OCCOC(=O)C(C)CSCCCCCCCCCCCCCC)CCC(=O)OCCOC(=O)C(C)CSCCCCCCCCCCCCCC,0.7283950617000001
CCCCCSCC(C)C(=O)OCCOC(=O)CCN(CCCN(C)CCCN(CCC(=O)OCCOC(=O)C(C)CSCCCCC)CCC(=O)OCCOC(=O)C(C)CSCCCCC)CCC(=O)OCCOC(=O)C(C)CSCCCCC,1.0
CCCCCCSCC(C)C(=O)OCCOC(=O)CCN(CCCN(C)CCCN(CCC(=O)OCCOC(=O)C(C)CSCCCCCC)CCC(=O)OCCOC(=O)C(C)CSCCCCCC)CCC(=O)OCCOC(=O)C(C)CSCCCCCC,0.9695121951
CCCCCCCSCC(C)C(=O)OCCOC(=O)CCN(CCCN(C)CCCN(CCC(=O)OCCOC(=O)C(C)CSCCCCCCC)CCC(=O)OCCOC(=O)C(C)CSCCCCCCC)CCC(=O)OCCOC(=O)C(C)CSCCCCCCC,0.9587301587
CCCCCCCCCSCC(C)C(=O)OCCOC(=O)CCN(CCCN(C)CCCN(CCC(=O)OCCOC(=O)C(C)CSCCCCCCCCC)CCC(=O)OCCOC(=O)C(C)CSCCCCCCCCC)CCC(=O)OCCOC(=O)C(C)CSCCCCCCCCC,0.8990228012999999
CCCCCCCCCCCCSCC(C)C(=O)OCCOC(=O)CCN(CCCN(C)CCCN(CCC(=O)OCCOC(=O)C(C)CSCCCCCCCCCCCC)CCC(=O)OCCOC(=O)C(C)CSCCCCCCCCCCCC)CCC(=O)OCCOC(=O)C(C)CSCCCCCCCCCCCC,0.8725490196
CCCCCCCCCCCCCCSCC(C)C(=O)OCCOC(=O)CCN(CCCN(C)CCCN(CCC(=O)OCCOC(=O)C(C)CSCCCCCCCCCCCCCC)CCC(=O)OCCOC(=O)C(C)CSCCCCCCCCCCCCCC)CCC(=O)OCCOC(=O)C(C)CSCCCCCCCCCCCCCC,0.7191358025
CCCCCSCC(C)C(=O)OCCOC(=O)CCN(CCCN(C)CCCN(CCC(=O)OCCOC(=O)C(C)CSCCCCC)CCC(=O)OCCOC(=O)C(C)CSCCCCC)CCC(=O)OCCOC(=O)C(C)CSCCCCC,0.8994252874
CCCCCCSCC(C)C(=O)OCCOC(=O)CCN(CCCN(C)CCCN(CCC(=O)OCCOC(=O)C(C)CSCCCCCC)CCC(=O)OCCOC(=O)C(C)CSCCCCCC)CCC(=O)OCCOC(=O)C(C)CSCCCCCC,0.8384146341000001
CCCCCCCSCC(C)C(=O)OCCOC(=O)CCN(CCCN(C)CCCN(CCC(=O)OCCOC(=O)C(C)CSCCCCCCC)CCC(=O)OCCOC(=O)C(C)CSCCCCCCC)CCC(=O)OCCOC(=O)C(C)CSCCCCCCC,0.819047619
CCCCCCCCCSCC(C)C(=O)OCCOC(=O)CCN(CCCN(C)CCCN(CCC(=O)OCCOC(=O)C(C)CSCCCCCCCCC)CCC(=O)OCCOC(=O)C(C)CSCCCCCCCCC)CCC(=O)OCCOC(=O)C(C)CSCCCCCCCCC,0.7589576547
CCCCCCCCCCCCSCC(C)C(=O)OCCOC(=O)CCN(CCCN(C)CCCN(CCC(=O)OCCOC(=O)C(C)CSCCCCCCCCCCCC)CCC(=O)OCCOC(=O)C(C)CSCCCCCCCCCCCC)CCC(=O)OCCOC(=O)C(C)CSCCCCCCCCCCCC,0.7908496732
CCCCCCCCCCCCCCSCC(C)C(=O)OCCOC(=O)CCN(CCCN(C)CCCN(CCC(=O)OCCOC(=O)C(C)CSCCCCCCCCCCCCCC)CCC(=O)OCCOC(=O)C(C)CSCCCCCCCCCCCCCC)CCC(=O)OCCOC(=O)C(C)CSCCCCCCCCCCCCCC,0.6481481481
CCCCCSCC(C)C(=O)OCCOC(=O)CCN(CCCN(C)CCCN(CCC(=O)OCCOC(=O)C(C)CSCCCCC)CCC(=O)OCCOC(=O)C(C)CSCCCCC)CCC(=O)OCCOC(=O)C(C)CSCCCCC,0.7902298851
CCCCCCSCC(C)C(=O)OCCOC(=O)CCN(CCCN(C)CCCN(CCC(=O)OCCOC(=O)C(C)CSCCCCCC)CCC(=O)OCCOC(=O)C(C)CSCCCCCC)CCC(=O)OCCOC(=O)C(C)CSCCCCCC,0.7073170732
CCCCCCCSCC(C)C(=O)OCCOC(=O)CCN(CCCN(C)CCCN(CCC(=O)OCCOC(=O)C(C)CSCCCCCCC)CCC(=O)OCCOC(=O)C(C)CSCCCCCCC)CCC(=O)OCCOC(=O)C(C)CSCCCCCCC,0.6793650794
CCCCCCCCCSCC(C)C(=O)OCCOC(=O)CCN(CCCN(C)CCCN(CCC(=O)OCCOC(=O)C(C)CSCCCCCCCCC)CCC(=O)OCCOC(=O)C(C)CSCCCCCCCCC)CCC(=O)OCCOC(=O)C(C)CSCCCCCCCCC,0.5700325733
CCCCCCCCCCCCSCC(C)C(=O)OCCOC(=O)CCN(CCCN(C)CCCN(CCC(=O)OCCOC(=O)C(C)CSCCCCCCCCCCCC)CCC(=O)OCCOC(=O)C(C)CSCCCCCCCCCCCC)CCC(=O)OCCOC(=O)C(C)CSCCCCCCCCCCCC,0.7091503268
CCCCCCCCCCCCCCSCC(C)C(=O)OCCOC(=O)CCN(CCCN(C)CCCN(CCC(=O)OCCOC(=O)C(C)CSCCCCCCCCCCCCCC)CCC(=O)OCCOC(=O)C(C)CSCCCCCCCCCCCCCC)CCC(=O)OCCOC(=O)C(C)CSCCCCCCCCCCCCCC,0.5895061728000001
CCCCCSCC(C)C(=O)OCCOC(=O)CCN(CCCN(C)CCCN(CCC(=O)OCCOC(=O)C(C)CSCCCCC)CCC(=O)OCCOC(=O)C(C)CSCCCCC)CCC(=O)OCCOC(=O)C(C)CSCCCCC,0.9885057471
CCCCCCSCC(C)C(=O)OCCOC(=O)CCN(CCCN(C)CCCN(CCC(=O)OCCOC(=O)C(C)CSCCCCCC)CCC(=O)OCCOC(=O)C(C)CSCCCCCC)CCC(=O)OCCOC(=O)C(C)CSCCCCCC,1.0
CCCCCCCSCC(C)C(=O)OCCOC(=O)CCN(CCCN(C)CCCN(CCC(=O)OCCOC(=O)C(C)CSCCCCCCC)CCC(=O)OCCOC(=O)C(C)CSCCCCCCC)CCC(=O)OCCOC(=O)C(C)CSCCCCCCC,1.0
CCCCCCCCCSCC(C)C(=O)OCCOC(=O)CCN(CCCN(C)CCCN(CCC(=O)OCCOC(=O)C(C)CSCCCCCCCCC)CCC(=O)OCCOC(=O)C(C)CSCCCCCCCCC)CCC(=O)OCCOC(=O)C(C)CSCCCCCCCCC,1.0
CCCCCCCCCCCCSCC(C)C(=O)OCCOC(=O)CCN(CCCN(C)CCCN(CCC(=O)OCCOC(=O)C(C)CSCCCCCCCCCCCC)CCC(=O)OCCOC(=O)C(C)CSCCCCCCCCCCCC)CCC(=O)OCCOC(=O)C(C)CSCCCCCCCCCCCC,0.9215686275
CCCCCCCCCCCCCCSCC(C)C(=O)OCCOC(=O)CCN(CCCN(C)CCCN(CCC(=O)OCCOC(=O)C(C)CSCCCCCCCCCCCCCC)CCC(=O)OCCOC(=O)C(C)CSCCCCCCCCCCCCCC)CCC(=O)OCCOC(=O)C(C)CSCCCCCCCCCCCCCC,0.9197530864
CCCCCSCC(C)C(=O)OCCOC(=O)CCN(CCCN(C)CCCN(CCC(=O)OCCOC(=O)C(C)CSCCCCC)CCC(=O)OCCOC(=O)C(C)CSCCCCC)CCC(=O)OCCOC(=O)C(C)CSCCCCC,1.0
CCCCCCSCC(C)C(=O)OCCOC(=O)CCN(CCCN(C)CCCN(CCC(=O)OCCOC(=O)C(C)CSCCCCCC)CCC(=O)OCCOC(=O)C(C)CSCCCCCC)CCC(=O)OCCOC(=O)C(C)CSCCCCCC,1.0
CCCCCCCSCC(C)C(=O)OCCOC(=O)CCN(CCCN(C)CCCN(CCC(=O)OCCOC(=O)C(C)CSCCCCCCC)CCC(=O)OCCOC(=O)C(C)CSCCCCCCC)CCC(=O)OCCOC(=O)C(C)CSCCCCCCC,1.0
CCCCCCCCCSCC(C)C(=O)OCCOC(=O)CCN(CCCN(C)CCCN(CCC(=O)OCCOC(=O)C(C)CSCCCCCCCCC)CCC(=O)OCCOC(=O)C(C)CSCCCCCCCCC)CCC(=O)OCCOC(=O)C(C)CSCCCCCCCCC,0.9413680782
CCCCCCCCCCCCSCC(C)C(=O)OCCOC(=O)CCN(CCCN(C)CCCN(CCC(=O)OCCOC(=O)C(C)CSCCCCCCCCCCCC)CCC(=O)OCCOC(=O)C(C)CSCCCCCCCCCCCC)CCC(=O)OCCOC(=O)C(C)CSCCCCCCCCCCCC,0.9215686275
CCCCCCCCCCCCCCSCC(C)C(=O)OCCOC(=O)CCN(CCCN(C)CCCN(CCC(=O)OCCOC(=O)C(C)CSCCCCCCCCCCCCCC)CCC(=O)OCCOC(=O)C(C)CSCCCCCCCCCCCCCC)CCC(=O)OCCOC(=O)C(C)CSCCCCCCCCCCCCCC,0.7777777777999999
CCCCCSCC(C)C(=O)OCCOC(=O)CCN(CCCN(C)CCCN(CCC(=O)OCCOC(=O)C(C)CSCCCCC)CCC(=O)OCCOC(=O)C(C)CSCCCCC)CCC(=O)OCCOC(=O)C(C)CSCCCCC,1.0
CCCCCCSCC(C)C(=O)OCCOC(=O)CCN(CCCN(C)CCCN(CCC(=O)OCCOC(=O)C(C)CSCCCCCC)CCC(=O)OCCOC(=O)C(C)CSCCCCCC)CCC(=O)OCCOC(=O)C(C)CSCCCCCC,1.0
CCCCCCCSCC(C)C(=O)OCCOC(=O)CCN(CCCN(C)CCCN(CCC(=O)OCCOC(=O)C(C)CSCCCCCCC)CCC(=O)OCCOC(=O)C(C)CSCCCCCCC)CCC(=O)OCCOC(=O)C(C)CSCCCCCCC,1.0
CCCCCCCCCSCC(C)C(=O)OCCOC(=O)CCN(CCCN(C)CCCN(CCC(=O)OCCOC(=O)C(C)CSCCCCCCCCC)CCC(=O)OCCOC(=O)C(C)CSCCCCCCCCC)CCC(=O)OCCOC(=O)C(C)CSCCCCCCCCC,0.8892508143000001
CCCCCCCCCCCCSCC(C)C(=O)OCCOC(=O)CCN(CCCN(C)CCCN(CCC(=O)OCCOC(=O)C(C)CSCCCCCCCCCCCC)CCC(=O)OCCOC(=O)C(C)CSCCCCCCCCCCCC)CCC(=O)OCCOC(=O)C(C)CSCCCCCCCCCCCC,0.8202614379000001
CCCCCCCCCCCCCCSCC(C)C(=O)OCCOC(=O)CCN(CCCN(C)CCCN(CCC(=O)OCCOC(=O)C(C)CSCCCCCCCCCCCCCC)CCC(=O)OCCOC(=O)C(C)CSCCCCCCCCCCCCCC)CCC(=O)OCCOC(=O)C(C)CSCCCCCCCCCCCCCC,0.5679012346
CCCCCSCC(C)C(=O)OCCOC(=O)CCN(CCCN(C)CCCN(CCC(=O)OCCOC(=O)C(C)CSCCCCC)CCC(=O)OCCOC(=O)C(C)CSCCCCC)CCC(=O)OCCOC(=O)C(C)CSCCCCC,0.908045977
CCCCCCSCC(C)C(=O)OCCOC(=O)CCN(CCCN(C)CCCN(CCC(=O)OCCOC(=O)C(C)CSCCCCCC)CCC(=O)OCCOC(=O)C(C)CSCCCCCC)CCC(=O)OCCOC(=O)C(C)CSCCCCCC,0.8475609756
CCCCCCCSCC(C)C(=O)OCCOC(=O)CCN(CCCN(C)CCCN(CCC(=O)OCCOC(=O)C(C)CSCCCCCCC)CCC(=O)OCCOC(=O)C(C)CSCCCCCCC)CCC(=O)OCCOC(=O)C(C)CSCCCCCCC,0.819047619
CCCCCCCCCSCC(C)C(=O)OCCOC(=O)CCN(CCCN(C)CCCN(CCC(=O)OCCOC(=O)C(C)CSCCCCCCCCC)CCC(=O)OCCOC(=O)C(C)CSCCCCCCCCC)CCC(=O)OCCOC(=O)C(C)CSCCCCCCCCC,0.5342019544
CCCCCCCCCCCCSCC(C)C(=O)OCCOC(=O)CCN(CCCN(C)CCCN(CCC(=O)OCCOC(=O)C(C)CSCCCCCCCCCCCC)CCC(=O)OCCOC(=O)C(C)CSCCCCCCCCCCCC)CCC(=O)OCCOC(=O)C(C)CSCCCCCCCCCCCC,0.522875817
CCCCCCCCCCCCCCSCC(C)C(=O)OCCOC(=O)CCN(CCCN(C)CCCN(CCC(=O)OCCOC(=O)C(C)CSCCCCCCCCCCCCCC)CCC(=O)OCCOC(=O)C(C)CSCCCCCCCCCCCCCC)CCC(=O)OCCOC(=O)C(C)CSCCCCCCCCCCCCCC,0.2685185184999999
CCCCCCC(O)CN(CCCN(C)C)CC(O)CCCCCC,0.9073333333333332
CCCCCCCCC(O)CN(CCCN(C)C)CC(O)CCCCCCCC,0.9336666666666668
CCCCCCCCCCCCC(O)CN(CCCN(C)C)CC(O)CCCCCCCCCCCC,0.9043333333333332
CCCCCCCC(=O)OC(CCCC)CN(CCCN(C)C)CC(CCCC)OC(=O)CCCCCCC,0.9843333333333334
CCCCCCCCCC(=O)OC(CCCC)CN(CCCN(C)C)CC(CCCC)OC(=O)CCCCCCCCC,0.9456666666666668
CCCCCCCCCCCC(=O)OC(CCCC)CN(CCCN(C)C)CC(CCCC)OC(=O)CCCCCCCCCCC,0.9933333333333332
CCCCCCCCCCCCCC(=O)OC(CCCC)CN(CCCN(C)C)CC(CCCC)OC(=O)CCCCCCCCCCCCC,0.9686666666666668
CCCCCCCC(=O)OC(CCCCCC)CN(CCCN(C)C)CC(CCCCCC)OC(=O)CCCCCCC,0.9043333333333332
CCCCCCCCCC(=O)OC(CCCCCC)CN(CCCN(C)C)CC(CCCCCC)OC(=O)CCCCCCCCC,0.9073333333333335
CCCCCCCCCCCC(=O)OC(CCCCCC)CN(CCCN(C)C)CC(CCCCCC)OC(=O)CCCCCCCCCCC,0.965
CCCCCCCCCCCCCC(=O)OC(CCCCCC)CN(CCCN(C)C)CC(CCCCCC)OC(=O)CCCCCCCCCCCCC,0.983
CCCCCCCCCC(=O)OC(CCCCCCCC)CN(CCCN(C)C)CC(CCCCCCCC)OC(=O)CCCCCCCCC,0.993
CCCCCCCCCCCCCC(=O)OC(CCCCCCCC)CN(CCCN(C)C)CC(CCCCCCCC)OC(=O)CCCCCCCCCCCCC,0.987
CCCCCCCC(=O)OC(CCCCCCCCCC)CN(CCCN(C)C)CC(CCCCCCCCCC)OC(=O)CCCCCCC,0.9283333333333332
CCCCCCCCCC(=O)OC(CCCCCCCCCC)CN(CCCN(C)C)CC(CCCCCCCCCC)OC(=O)CCCCCCCCC,0.9446666666666668
CCCCCCCCCCCC(=O)OC(CCCCCCCCCC)CN(CCCN(C)C)CC(CCCCCCCCCC)OC(=O)CCCCCCCCCCC,0.9423333333333332
CCCCCCCCCCCC(=O)OC(CCCCCCCCCCCC)CN(CCCN(C)C)CC(CCCCCCCCCCCC)OC(=O)CCCCCCCCCCC,0.937
CCCCCCCCCCCCCC(=O)OC(CCCCCCCCCCCC)CN(CCCN(C)C)CC(CCCCCCCCCCCC)OC(=O)CCCCCCCCCCCCC,0.9236666666666667
CCCCC/C=C\C/C=C\CCCCCCCCC(CCCCCCCC/C=C\C/C=C\CCCCC)OC(=O)CCCN(C)C,0.9763333333333332
CCCCCCC(O)CN(CCCN(C)C)CC(O)CCCCCC,0.7576666666666667
CCCCCCCCC(O)CN(CCCN(C)C)CC(O)CCCCCCCC,0.755
CCCCCCCCCCCCC(O)CN(CCCN(C)C)CC(O)CCCCCCCCCCCC,0.8613333333333333
CCCCCCCC(=O)OC(CCCC)CN(CCCN(C)C)CC(CCCC)OC(=O)CCCCCCC,0.8826666666666667
CCCCCCCCCC(=O)OC(CCCC)CN(CCCN(C)C)CC(CCCC)OC(=O)CCCCCCCCC,0.9076666666666668
CCCCCCCCCCCC(=O)OC(CCCC)CN(CCCN(C)C)CC(CCCC)OC(=O)CCCCCCCCCCC,0.8803333333333334
CCCCCCCCCCCCCC(=O)OC(CCCC)CN(CCCN(C)C)CC(CCCC)OC(=O)CCCCCCCCCCCCC,0.8616666666666667
CCCCCCCC(=O)OC(CCCCCC)CN(CCCN(C)C)CC(CCCCCC)OC(=O)CCCCCCC,0.8133333333333332
CCCCCCCCCC(=O)OC(CCCCCC)CN(CCCN(C)C)CC(CCCCCC)OC(=O)CCCCCCCCC,0.847
CCCCCCCCCCCC(=O)OC(CCCCCC)CN(CCCN(C)C)CC(CCCCCC)OC(=O)CCCCCCCCCCC,0.905
CCCCCCCCCCCCCC(=O)OC(CCCCCC)CN(CCCN(C)C)CC(CCCCCC)OC(=O)CCCCCCCCCCCCC,0.8706666666666666
CCCCCCCCCC(=O)OC(CCCCCCCC)CN(CCCN(C)C)CC(CCCCCCCC)OC(=O)CCCCCCCCC,0.895
CCCCCCCCCCCCCC(=O)OC(CCCCCCCC)CN(CCCN(C)C)CC(CCCCCCCC)OC(=O)CCCCCCCCCCCCC,0.8093333333333333
CCCCCCCC(=O)OC(CCCCCCCCCC)CN(CCCN(C)C)CC(CCCCCCCCCC)OC(=O)CCCCCCC,0.8976666666666666
CCCCCCCCCC(=O)OC(CCCCCCCCCC)CN(CCCN(C)C)CC(CCCCCCCCCC)OC(=O)CCCCCCCCC,0.878
CCCCCCCCCCCC(=O)OC(CCCCCCCCCC)CN(CCCN(C)C)CC(CCCCCCCCCC)OC(=O)CCCCCCCCCCC,0.9003333333333334
CCCCCCCCCCCC(=O)OC(CCCCCCCCCCCC)CN(CCCN(C)C)CC(CCCCCCCCCCCC)OC(=O)CCCCCCCCCCC,0.8303333333333334
CCCCCCCCCCCCCC(=O)OC(CCCCCCCCCCCC)CN(CCCN(C)C)CC(CCCCCCCCCCCC)OC(=O)CCCCCCCCCCCCC,0.7136666666666668
CCCCC/C=C\C/C=C\CCCCCCCCC(CCCCCCCC/C=C\C/C=C\CCCCC)OC(=O)CCCN(C)C,0.9103333333333335
CCCCCCC(O)CN(CCCN(C)C)CC(O)CCCCCC,0.4223333333
CCCCCCCCC(O)CN(CCCN(C)C)CC(O)CCCCCCCC,0.51
CCCCCCCCCCCCC(O)CN(CCCN(C)C)CC(O)CCCCCCCCCCCC,0.6803333333
CCCCCCCC(=O)OC(CCCC)CN(CCCN(C)C)CC(CCCC)OC(=O)CCCCCCC,0.7646666666999999
CCCCCCCCCC(=O)OC(CCCC)CN(CCCN(C)C)CC(CCCC)OC(=O)CCCCCCCCC,0.799
CCCCCCCCCCCC(=O)OC(CCCC)CN(CCCN(C)C)CC(CCCC)OC(=O)CCCCCCCCCCC,0.826
CCCCCCCCCCCCCC(=O)OC(CCCC)CN(CCCN(C)C)CC(CCCC)OC(=O)CCCCCCCCCCCCC,0.7979999999999999
CCCCCCCC(=O)OC(CCCCCC)CN(CCCN(C)C)CC(CCCCCC)OC(=O)CCCCCCC,0.7486666667
CCCCCCCCCC(=O)OC(CCCCCC)CN(CCCN(C)C)CC(CCCCCC)OC(=O)CCCCCCCCC,0.8013333333
CCCCCCCCCCCC(=O)OC(CCCCCC)CN(CCCN(C)C)CC(CCCCCC)OC(=O)CCCCCCCCCCC,0.7859999999999999
CCCCCCCCCCCCCC(=O)OC(CCCCCC)CN(CCCN(C)C)CC(CCCCCC)OC(=O)CCCCCCCCCCCCC,0.7163333333
CCCCCCCCCC(=O)OC(CCCCCCCC)CN(CCCN(C)C)CC(CCCCCCCC)OC(=O)CCCCCCCCC,0.8016666667
CCCCCCCCCCCCCC(=O)OC(CCCCCCCC)CN(CCCN(C)C)CC(CCCCCCCC)OC(=O)CCCCCCCCCCCCC,0.7183333333
CCCCCCCC(=O)OC(CCCCCCCCCC)CN(CCCN(C)C)CC(CCCCCCCCCC)OC(=O)CCCCCCC,0.8156666667
CCCCCCCCCC(=O)OC(CCCCCCCCCC)CN(CCCN(C)C)CC(CCCCCCCCCC)OC(=O)CCCCCCCCC,0.7836666667
CCCCCCCCCCCC(=O)OC(CCCCCCCCCC)CN(CCCN(C)C)CC(CCCCCCCCCC)OC(=O)CCCCCCCCCCC,0.795
CCCCCCCCCCCC(=O)OC(CCCCCCCCCCCC)CN(CCCN(C)C)CC(CCCCCCCCCCCC)OC(=O)CCCCCCCCCCC,0.5976666667
CCCCCCCCCCCCCC(=O)OC(CCCCCCCCCCCC)CN(CCCN(C)C)CC(CCCCCCCCCCCC)OC(=O)CCCCCCCCCCCCC,0.4713333333
CCCCC/C=C\C/C=C\CCCCCCCCC(CCCCCCCC/C=C\C/C=C\CCCCC)OC(=O)CCCN(C)C,0.7973333332999999
