cv_1_pred_quantified_toxicity,quantified_toxicity,smiles,Formulation,Helper_lipid_ID,Comment,Lipid_name,Experiment_ID,Purity,Mix_type,Cargo_type,Experimenter_ID,Model_type,Target_or_delivered_gene,Delivery_target,Route_of_administration,Experiment_weight,Library_ID,Goal,Batch_or_individual_or_barcoded,Value_name,screen_id,identifier,quantified_delivery,Prediction_split_name
0.95279425,0.9731800766,OCCN(CCC(=O)OCCOC(=O)C(C)CSC/C=C\CCC)CCCN(CCC(=O)OCCOC(=O)C(C)CSC/C=C\CCC)(CCC(=O)OCCOC(=O)C(C)CSC/C=C\CCC),Unsat_dendrimer,DOPE,"Total lipids/RNA 40:1; DOPE MW = 744, Chol = 387, C14-P2K = 2766",3A4-2C,Lee_unsat,Pure,Hand,mRNA,slee,IGROV1,FFL,,in_vitro,1,Lee_unsat_dendrimer,max,Individual,Cell_viability,Lee_unsat,,,Lee_unsat_Lee_unsat_dendrimer_nan_in_vitro
0.9904588,1.0,N(CCC(=O)OCCOC(=O)C(C)CSC/C=C\C/C=C\CC)(CCC(=O)OCCOC(=O)C(C)CSC/C=C\C/C=C\CC)CCCN(C)CCCN(CCC(=O)OCCOC(=O)C(C)CSC/C=C\C/C=C\CC)(CCC(=O)OCCOC(=O)C(C)CSC/C=C\C/C=C\CC),Unsat_dendrimer,DOPE,"Total lipids/RNA 40:1; DOPE MW = 744, Chol = 387, C14-P2K = 2740",4A3-SC8,Lee_unsat,Pure,Hand,mRNA,slee,IGROV1,FFL,,in_vitro,1,Lee_unsat_dendrimer,max,Individual,Cell_viability,Lee_unsat,,,Lee_unsat_Lee_unsat_dendrimer_nan_in_vitro
0.95185214,1.0,N(CCC(=O)OCCOC(=O)C(C)CSCC/C=C\CC)(CCC(=O)OCCOC(=O)C(C)CSCC/C=C\CC)CCCN1CCN(CCCN(CCC(=O)OCCOC(=O)C(C)CSCC/C=C\CC)(CCC(=O)OCCOC(=O)C(C)CSCC/C=C\CC))CC1,Unsat_dendrimer,DOPE,"Total lipids/RNA 40:1; DOPE MW = 744, Chol = 387, C14-P2K = 2704",4A1-3C,Lee_unsat,Pure,Hand,mRNA,slee,IGROV1,FFL,,in_vitro,1,Lee_unsat_dendrimer,max,Individual,Cell_viability,Lee_unsat,,,Lee_unsat_Lee_unsat_dendrimer_nan_in_vitro
1.0079688,1.0,N(CCC(=O)OCCOC(=O)C(C)CSCC/C=C\CC)(CCC(=O)OCCOC(=O)C(C)CSCC/C=C\CC)CCCN1CCN(C)CC1,Unsat_dendrimer,DOPE,"Total lipids/RNA 40:1; DOPE MW = 744, Chol = 387, C14-P2K = 2700",2A2-3C,Lee_unsat,Pure,Hand,mRNA,slee,IGROV1,FFL,,in_vitro,1,Lee_unsat_dendrimer,max,Individual,Cell_viability,Lee_unsat,,,Lee_unsat_Lee_unsat_dendrimer_nan_in_vitro
0.9423501,1.0,N(CCC(=O)OCCOC(=O)C(C)CSC/C=C/CCC)(CCC(=O)OCCOC(=O)C(C)CSC/C=C/CCC)CCCN1CCN(CCCN(CCC(=O)OCCOC(=O)C(C)CSC/C=C/CCC)(CCC(=O)OCCOC(=O)C(C)CSC/C=C/CCC))CC1,Unsat_dendrimer,DOPE,"Total lipids/RNA 40:1; DOPE MW = 744, Chol = 387, C14-P2K = 2760",4A1-2T,Lee_unsat,Pure,Hand,mRNA,slee,IGROV1,FFL,,in_vitro,1,Lee_unsat_dendrimer,max,Individual,Cell_viability,Lee_unsat,,,Lee_unsat_Lee_unsat_dendrimer_nan_in_vitro
0.94641036,0.9214559387,OCCN(CCC(=O)OCCOC(=O)C(C)CSCCC/C=C\C)CCCN(CCC(=O)OCCOC(=O)C(C)CSCCC/C=C\C)(CCC(=O)OCCOC(=O)C(C)CSCCC/C=C\C),Unsat_dendrimer,DOPE,"Total lipids/RNA 40:1; DOPE MW = 744, Chol = 387, C14-P2K = 2731",3A4-4C,Lee_unsat,Pure,Hand,mRNA,slee,IGROV1,FFL,,in_vitro,1,Lee_unsat_dendrimer,max,Individual,Cell_viability,Lee_unsat,,,Lee_unsat_Lee_unsat_dendrimer_nan_in_vitro
0.97913724,1.0,N(CCC(=O)OCCOC(=O)C(C)CSCCC(C)CCC=C(C)C)(CCC(=O)OCCOC(=O)C(C)CSCCC(C)CCC=C(C)C)CCCN(C)C,Unsat_dendrimer,DOPE,"Total lipids/RNA 40:1; DOPE MW = 744, Chol = 387, C14-P2K = 2779",2A9V-Cit,Lee_unsat,Pure,Hand,mRNA,slee,IGROV1,FFL,,in_vitro,1,Lee_unsat_dendrimer,max,Individual,Cell_viability,Lee_unsat,,,Lee_unsat_Lee_unsat_dendrimer_nan_in_vitro
0.980131,0.9808429119,N(CCC(=O)OCCOC(=O)C(C)CSC/C=C(C)\CCC=C(C)C)(CCC(=O)OCCOC(=O)C(C)CSC/C=C(C)\CCC=C(C)C)CCCN(C)C,Unsat_dendrimer,DOPE,"Total lipids/RNA 40:1; DOPE MW = 744, Chol = 387, C14-P2K = 2716",2A9V-Ne,Lee_unsat,Pure,Hand,mRNA,slee,IGROV1,FFL,,in_vitro,1,Lee_unsat_dendrimer,max,Individual,Cell_viability,Lee_unsat,,,Lee_unsat_Lee_unsat_dendrimer_nan_in_vitro
0.9513661,0.9444444444,N(CCC(=O)OCCOC(=O)C(C)CSCCCCC=C)(CCC(=O)OCCOC(=O)C(C)CSCCCCC=C)CCCN1CCN(CCCN(CCC(=O)OCCOC(=O)C(C)CSCCCCC=C)(CCC(=O)OCCOC(=O)C(C)CSCCCCC=C))CC1,Unsat_dendrimer,DOPE,"Total lipids/RNA 40:1; DOPE MW = 744, Chol = 387, C14-P2K = 2774",4A1-5,Lee_unsat,Pure,Hand,mRNA,slee,IGROV1,FFL,,in_vitro,1,Lee_unsat_dendrimer,max,Individual,Cell_viability,Lee_unsat,,,Lee_unsat_Lee_unsat_dendrimer_nan_in_vitro
1.0129077,1.0,N(CCC(=O)OCCOC(=O)C(C)CSCCCCCCCC)(CCC(=O)OCCOC(=O)C(C)CSCCCCCCCC)CCCN1CCN(C)CC1,Unsat_dendrimer,DOPE,"Total lipids/RNA 40:1; DOPE MW = 744, Chol = 387, C14-P2K = 2749",2A2-SC6,Lee_unsat,Pure,Hand,mRNA,slee,IGROV1,FFL,,in_vitro,1,Lee_unsat_dendrimer,max,Individual,Cell_viability,Lee_unsat,,,Lee_unsat_Lee_unsat_dendrimer_nan_in_vitro
0.97607523,1.0,N(CCC(=O)OCCOC(=O)C(C)CSCC/C=C/CC)(CCC(=O)OCCOC(=O)C(C)CSCC/C=C/CC)CCCN(C)CCCN(CCC(=O)OCCOC(=O)C(C)CSCC/C=C/CC)(CCC(=O)OCCOC(=O)C(C)CSCC/C=C/CC),Unsat_dendrimer,DOPE,"Total lipids/RNA 40:1; DOPE MW = 744, Chol = 387, C14-P2K = 2698",4A3-3T,Lee_unsat,Pure,Hand,mRNA,slee,IGROV1,FFL,,in_vitro,1,Lee_unsat_dendrimer,max,Individual,Cell_viability,Lee_unsat,,,Lee_unsat_Lee_unsat_dendrimer_nan_in_vitro
0.96925586,0.9559386973,N(CCC(=O)OCCOC(=O)C(C)CSC/C=C(C)/CC/C=C(C)/CCC=C(C)C)(CCC(=O)OCCOC(=O)C(C)CSC/C=C(C)/CC/C=C(C)/CCC=C(C)C)CCN(C)C,Unsat_dendrimer,DOPE,"Total lipids/RNA 40:1; DOPE MW = 744, Chol = 387, C14-P2K = 2743",2A9-Far,Lee_unsat,Pure,Hand,mRNA,slee,IGROV1,FFL,,in_vitro,1,Lee_unsat_dendrimer,max,Individual,Cell_viability,Lee_unsat,,,Lee_unsat_Lee_unsat_dendrimer_nan_in_vitro
0.9608504,1.0,N(CCC(=O)OCCOC(=O)C(C)CSC/C=C\C/C=C\CC)(CCC(=O)OCCOC(=O)C(C)CSC/C=C\C/C=C\CC)CCCN1CCN(CCCN(CCC(=O)OCCOC(=O)C(C)CSC/C=C\C/C=C\CC)(CCC(=O)OCCOC(=O)C(C)CSC/C=C\C/C=C\CC))CC1,Unsat_dendrimer,DOPE,"Total lipids/RNA 40:1; DOPE MW = 744, Chol = 387, C14-P2K = 2739",4A1-SC8,Lee_unsat,Pure,Hand,mRNA,slee,IGROV1,FFL,,in_vitro,1,Lee_unsat_dendrimer,max,Individual,Cell_viability,Lee_unsat,,,Lee_unsat_Lee_unsat_dendrimer_nan_in_vitro
0.9535266,0.9195402299,OCCN(CCC(=O)OCCOC(=O)C(C)CSC/C=C(C)\CCC=C(C)C)CCCN(CCC(=O)OCCOC(=O)C(C)CSC/C=C(C)\CCC=C(C)C)(CCC(=O)OCCOC(=O)C(C)CSC/C=C(C)\CCC=C(C)C),Unsat_dendrimer,DOPE,"Total lipids/RNA 40:1; DOPE MW = 744, Chol = 387, C14-P2K = 2717",3A4-Ne,Lee_unsat,Pure,Hand,mRNA,slee,IGROV1,FFL,,in_vitro,1,Lee_unsat_dendrimer,max,Individual,Cell_viability,Lee_unsat,,,Lee_unsat_Lee_unsat_dendrimer_nan_in_vitro
0.96016514,0.9252873563,N(CCC(=O)OCCOC(=O)C(C)CSCCC/C=C/C)(CCC(=O)OCCOC(=O)C(C)CSCCC/C=C/C)CCCN(C)C,Unsat_dendrimer,DOPE,"Total lipids/RNA 40:1; DOPE MW = 744, Chol = 387, C14-P2K = 2723",2A9V-4T,Lee_unsat,Pure,Hand,mRNA,slee,IGROV1,FFL,,in_vitro,1,Lee_unsat_dendrimer,max,Individual,Cell_viability,Lee_unsat,,,Lee_unsat_Lee_unsat_dendrimer_nan_in_vitro
0.9992557,1.0,N(CCC(=O)OCCOC(=O)C(C)CSC/C=C/CCC)(CCC(=O)OCCOC(=O)C(C)CSC/C=C/CCC)CCCN1CCN(C)CC1,Unsat_dendrimer,DOPE,"Total lipids/RNA 40:1; DOPE MW = 744, Chol = 387, C14-P2K = 2756",2A2-2T,Lee_unsat,Pure,Hand,mRNA,slee,IGROV1,FFL,,in_vitro,1,Lee_unsat_dendrimer,max,Individual,Cell_viability,Lee_unsat,,,Lee_unsat_Lee_unsat_dendrimer_nan_in_vitro
0.9830683,1.0,N(CCC(=O)OCCOC(=O)C(C)CSCCCCCCCC)(CCC(=O)OCCOC(=O)C(C)CSCCCCCCCC)CCCN(C)CCCN(CCC(=O)OCCOC(=O)C(C)CSCCCCCCCC)(CCC(=O)OCCOC(=O)C(C)CSCCCCCCCC),Unsat_dendrimer,DOPE,"Total lipids/RNA 40:1; DOPE MW = 744, Chol = 387, C14-P2K = 2754",4A3-SC6,Lee_unsat,Pure,Hand,mRNA,slee,IGROV1,FFL,,in_vitro,1,Lee_unsat_dendrimer,max,Individual,Cell_viability,Lee_unsat,,,Lee_unsat_Lee_unsat_dendrimer_nan_in_vitro
0.9637752,1.0,OCCN(CCC(=O)OCCOC(=O)C(C)CSCC/C=C/CC)CCCN(CCC(=O)OCCOC(=O)C(C)CSCC/C=C/CC)(CCC(=O)OCCOC(=O)C(C)CSCC/C=C/CC),Unsat_dendrimer,DOPE,"Total lipids/RNA 40:1; DOPE MW = 744, Chol = 387, C14-P2K = 2696",3A4-3T,Lee_unsat,Pure,Hand,mRNA,slee,IGROV1,FFL,,in_vitro,1,Lee_unsat_dendrimer,max,Individual,Cell_viability,Lee_unsat,,,Lee_unsat_Lee_unsat_dendrimer_nan_in_vitro
0.97065586,1.0,OCCN(CCC(=O)OCCOC(=O)C(C)CSCCCCC=C)CCCN(CCC(=O)OCCOC(=O)C(C)CSCCCCC=C)(CCC(=O)OCCOC(=O)C(C)CSCCCCC=C),Unsat_dendrimer,DOPE,"Total lipids/RNA 40:1; DOPE MW = 744, Chol = 387, C14-P2K = 2773",3A4-5,Lee_unsat,Pure,Hand,mRNA,slee,IGROV1,FFL,,in_vitro,1,Lee_unsat_dendrimer,max,Individual,Cell_viability,Lee_unsat,,,Lee_unsat_Lee_unsat_dendrimer_nan_in_vitro
0.9542075,1.0,N(CCN(CCC(=O)OCCOC(=O)C(C)CSCCC/C=C\C)(CCC(=O)OCCOC(=O)C(C)CSCCC/C=C\C))(CCN(CCC(=O)OCCOC(=O)C(C)CSCCC/C=C\C)(CCC(=O)OCCOC(=O)C(C)CSCCC/C=C\C))CCN(CCC(=O)OCCOC(=O)C(C)CSCCC/C=C\C)(CCC(=O)OCCOC(=O)C(C)CSCCC/C=C\C),Unsat_dendrimer,DOPE,"Total lipids/RNA 40:1; DOPE MW = 744, Chol = 387, C14-P2K = 2734",6A3-4C,Lee_unsat,Pure,Hand,mRNA,slee,IGROV1,FFL,,in_vitro,1,Lee_unsat_dendrimer,max,Individual,Cell_viability,Lee_unsat,,,Lee_unsat_Lee_unsat_dendrimer_nan_in_vitro
0.99850804,1.0,N(CCC(=O)OCCOC(=O)C(C)CSCCCCCCCC)(CCC(=O)OCCOC(=O)C(C)CSCCCCCCCC)CCCN(C)C,Unsat_dendrimer,DOPE,"Total lipids/RNA 40:1; DOPE MW = 744, Chol = 387, C14-P2K = 2709",2A9V-SC8,Lee_unsat,Pure,Hand,mRNA,slee,IGROV1,FFL,,in_vitro,1,Lee_unsat_dendrimer,max,Individual,Cell_viability,Lee_unsat,,,Lee_unsat_Lee_unsat_dendrimer_nan_in_vitro
0.9883847,0.9731800766,N(CCC(=O)OCCOC(=O)C(C)CSCC/C=C/CC)(CCC(=O)OCCOC(=O)C(C)CSCC/C=C/CC)CCN(C)C,Unsat_dendrimer,DOPE,"Total lipids/RNA 40:1; DOPE MW = 744, Chol = 387, C14-P2K = 2694",2A9-3T,Lee_unsat,Pure,Hand,mRNA,slee,IGROV1,FFL,,in_vitro,1,Lee_unsat_dendrimer,max,Individual,Cell_viability,Lee_unsat,,,Lee_unsat_Lee_unsat_dendrimer_nan_in_vitro
0.981694,1.0,N(CCC(=O)OCCOC(=O)C(C)CSCCCCCCCC)(CCC(=O)OCCOC(=O)C(C)CSCCCCCCCC)CCCN(C)CCCN(CCC(=O)OCCOC(=O)C(C)CSCCCCCCCC)(CCC(=O)OCCOC(=O)C(C)CSCCCCCCCC),Unsat_dendrimer,DOPE,"Total lipids/RNA 40:1; DOPE MW = 744, Chol = 387, C14-P2K = 2712",4A3-SC8,Lee_unsat,Pure,Hand,mRNA,slee,IGROV1,FFL,,in_vitro,1,Lee_unsat_dendrimer,max,Individual,Cell_viability,Lee_unsat,,,Lee_unsat_Lee_unsat_dendrimer_nan_in_vitro
0.9666327,0.9176245211,N(CCC(=O)OCCOC(=O)C(C)CSC/C=C(C)/CC/C=C(C)/CCC=C(C)C)(CCC(=O)OCCOC(=O)C(C)CSC/C=C(C)/CC/C=C(C)/CCC=C(C)C)CCCN(C)C,Unsat_dendrimer,DOPE,"Total lipids/RNA 40:1; DOPE MW = 744, Chol = 387, C14-P2K = 2744",2A9V-Far,Lee_unsat,Pure,Hand,mRNA,slee,IGROV1,FFL,,in_vitro,1,Lee_unsat_dendrimer,max,Individual,Cell_viability,Lee_unsat,,,Lee_unsat_Lee_unsat_dendrimer_nan_in_vitro
0.96053,0.9137931034,N(CCN(CCC(=O)OCCOC(=O)C(C)CSC/C=C\CCC)(CCC(=O)OCCOC(=O)C(C)CSC/C=C\CCC))(CCN(CCC(=O)OCCOC(=O)C(C)CSC/C=C\CCC)(CCC(=O)OCCOC(=O)C(C)CSC/C=C\CCC))CCN(CCC(=O)OCCOC(=O)C(C)CSC/C=C\CCC)(CCC(=O)OCCOC(=O)C(C)CSC/C=C\CCC),Unsat_dendrimer,DOPE,"Total lipids/RNA 40:1; DOPE MW = 744, Chol = 387, C14-P2K = 2769",6A3-2C,Lee_unsat,Pure,Hand,mRNA,slee,IGROV1,FFL,,in_vitro,1,Lee_unsat_dendrimer,max,Individual,Cell_viability,Lee_unsat,,,Lee_unsat_Lee_unsat_dendrimer_nan_in_vitro
1.0026464,1.0,N(CCC(=O)OCCOC(=O)C(C)CSCCCCCCCC)(CCC(=O)OCCOC(=O)C(C)CSCCCCCCCC)CCN(C)C,Unsat_dendrimer,DOPE,"Total lipids/RNA 40:1; DOPE MW = 744, Chol = 387, C14-P2K = 2750",2A9-SC6,Lee_unsat,Pure,Hand,mRNA,slee,IGROV1,FFL,,in_vitro,1,Lee_unsat_dendrimer,max,Individual,Cell_viability,Lee_unsat,,,Lee_unsat_Lee_unsat_dendrimer_nan_in_vitro
0.9856552,0.9750957854,N(CCC(=O)OCCOC(=O)C(C)CSC/C=C/CCC)(CCC(=O)OCCOC(=O)C(C)CSC/C=C/CCC)CCN(C)C,Unsat_dendrimer,DOPE,"Total lipids/RNA 40:1; DOPE MW = 744, Chol = 387, C14-P2K = 2757",2A9-2T,Lee_unsat,Pure,Hand,mRNA,slee,IGROV1,FFL,,in_vitro,1,Lee_unsat_dendrimer,max,Individual,Cell_viability,Lee_unsat,,,Lee_unsat_Lee_unsat_dendrimer_nan_in_vitro
1.0196811,1.0,N(CCC(=O)OCCOC(=O)C(C)CSC/C=C\C/C=C\CC)(CCC(=O)OCCOC(=O)C(C)CSC/C=C\C/C=C\CC)CCCN1CCN(C)CC1,Unsat_dendrimer,DOPE,"Total lipids/RNA 40:1; DOPE MW = 744, Chol = 387, C14-P2K = 2735",2A2-SC8,Lee_unsat,Pure,Hand,mRNA,slee,IGROV1,FFL,,in_vitro,1,Lee_unsat_dendrimer,max,Individual,Cell_viability,Lee_unsat,,,Lee_unsat_Lee_unsat_dendrimer_nan_in_vitro
0.97124565,1.0,N(CCC(=O)OCCOC(=O)C(C)CSCCC/C=C\C)(CCC(=O)OCCOC(=O)C(C)CSCCC/C=C\C)CCN(C)C,Unsat_dendrimer,DOPE,"Total lipids/RNA 40:1; DOPE MW = 744, Chol = 387, C14-P2K = 2729",2A9-4C,Lee_unsat,Pure,Hand,mRNA,slee,IGROV1,FFL,,in_vitro,1,Lee_unsat_dendrimer,max,Individual,Cell_viability,Lee_unsat,,,Lee_unsat_Lee_unsat_dendrimer_nan_in_vitro
0.9500737,0.8678160920000001,N(CCC(=O)OCCOC(=O)C(C)CSCCC/C=C/C)(CCC(=O)OCCOC(=O)C(C)CSCCC/C=C/C)CCCN(C)CCCN(CCC(=O)OCCOC(=O)C(C)CSCCC/C=C/C)(CCC(=O)OCCOC(=O)C(C)CSCCC/C=C/C),Unsat_dendrimer,DOPE,"Total lipids/RNA 40:1; DOPE MW = 744, Chol = 387, C14-P2K = 2726",4A3-4T,Lee_unsat,Pure,Hand,mRNA,slee,IGROV1,FFL,,in_vitro,1,Lee_unsat_dendrimer,max,Individual,Cell_viability,Lee_unsat,,,Lee_unsat_Lee_unsat_dendrimer_nan_in_vitro
0.9774689,0.9712643678,N(CCC(=O)OCCOC(=O)C(C)CSC/C=C\CCC)(CCC(=O)OCCOC(=O)C(C)CSC/C=C\CCC)CCN(C)C,Unsat_dendrimer,DOPE,"Total lipids/RNA 40:1; DOPE MW = 744, Chol = 387, C14-P2K = 2764",2A9-2C,Lee_unsat,Pure,Hand,mRNA,slee,IGROV1,FFL,,in_vitro,1,Lee_unsat_dendrimer,max,Individual,Cell_viability,Lee_unsat,,,Lee_unsat_Lee_unsat_dendrimer_nan_in_vitro
1.0077711,1.0,N(CCC(=O)OCCOC(=O)C(C)CSCCCCC=C)(CCC(=O)OCCOC(=O)C(C)CSCCCCC=C)CCCN1CCN(C)CC1,Unsat_dendrimer,DOPE,"Total lipids/RNA 40:1; DOPE MW = 744, Chol = 387, C14-P2K = 2770",2A2-5,Lee_unsat,Pure,Hand,mRNA,slee,IGROV1,FFL,,in_vitro,1,Lee_unsat_dendrimer,max,Individual,Cell_viability,Lee_unsat,,,Lee_unsat_Lee_unsat_dendrimer_nan_in_vitro
0.97206944,0.9559386973,N(CCN(CCC(=O)OCCOC(=O)C(C)CSCC/C=C/CC)(CCC(=O)OCCOC(=O)C(C)CSCC/C=C/CC))(CCN(CCC(=O)OCCOC(=O)C(C)CSCC/C=C/CC)(CCC(=O)OCCOC(=O)C(C)CSCC/C=C/CC))CCN(CCC(=O)OCCOC(=O)C(C)CSCC/C=C/CC)(CCC(=O)OCCOC(=O)C(C)CSCC/C=C/CC),Unsat_dendrimer,DOPE,"Total lipids/RNA 40:1; DOPE MW = 744, Chol = 387, C14-P2K = 2699",6A3-3T,Lee_unsat,Pure,Hand,mRNA,slee,IGROV1,FFL,,in_vitro,1,Lee_unsat_dendrimer,max,Individual,Cell_viability,Lee_unsat,,,Lee_unsat_Lee_unsat_dendrimer_nan_in_vitro
0.934403,0.8582375479,N(CCC(=O)OCCOC(=O)C(C)CSC/C=C\CCC)(CCC(=O)OCCOC(=O)C(C)CSC/C=C\CCC)CCCN1CCN(CCCN(CCC(=O)OCCOC(=O)C(C)CSC/C=C\CCC)(CCC(=O)OCCOC(=O)C(C)CSC/C=C\CCC))CC1,Unsat_dendrimer,DOPE,"Total lipids/RNA 40:1; DOPE MW = 744, Chol = 387, C14-P2K = 2767",4A1-2C,Lee_unsat,Pure,Hand,mRNA,slee,IGROV1,FFL,,in_vitro,1,Lee_unsat_dendrimer,max,Individual,Cell_viability,Lee_unsat,,,Lee_unsat_Lee_unsat_dendrimer_nan_in_vitro
0.92012125,0.8678160920000001,N(CCC(=O)OCCOC(=O)C(C)CSCCC/C=C/C)(CCC(=O)OCCOC(=O)C(C)CSCCC/C=C/C)CCCN1CCN(CCCN(CCC(=O)OCCOC(=O)C(C)CSCCC/C=C/C)(CCC(=O)OCCOC(=O)C(C)CSCCC/C=C/C))CC1,Unsat_dendrimer,DOPE,"Total lipids/RNA 40:1; DOPE MW = 744, Chol = 387, C14-P2K = 2725",4A1-4T,Lee_unsat,Pure,Hand,mRNA,slee,IGROV1,FFL,,in_vitro,1,Lee_unsat_dendrimer,max,Individual,Cell_viability,Lee_unsat,,,Lee_unsat_Lee_unsat_dendrimer_nan_in_vitro
0.9790181,1.0,N(CCN(CCC(=O)OCCOC(=O)C(C)CSCCCCC=C)(CCC(=O)OCCOC(=O)C(C)CSCCCCC=C))(CCN(CCC(=O)OCCOC(=O)C(C)CSCCCCC=C)(CCC(=O)OCCOC(=O)C(C)CSCCCCC=C))CCN(CCC(=O)OCCOC(=O)C(C)CSCCCCC=C)(CCC(=O)OCCOC(=O)C(C)CSCCCCC=C),Unsat_dendrimer,DOPE,"Total lipids/RNA 40:1; DOPE MW = 744, Chol = 387, C14-P2K = 2776",6A3-5,Lee_unsat,Pure,Hand,mRNA,slee,IGROV1,FFL,,in_vitro,1,Lee_unsat_dendrimer,max,Individual,Cell_viability,Lee_unsat,,,Lee_unsat_Lee_unsat_dendrimer_nan_in_vitro
1.0123538,1.0,N(CCC(=O)OCCOC(=O)C(C)CSCCCCCCCC)(CCC(=O)OCCOC(=O)C(C)CSCCCCCCCC)CCCN1CCN(C)CC1,Unsat_dendrimer,DOPE,"Total lipids/RNA 40:1; DOPE MW = 744, Chol = 387, C14-P2K = 2707",2A2-SC8,Lee_unsat,Pure,Hand,mRNA,slee,IGROV1,FFL,,in_vitro,1,Lee_unsat_dendrimer,max,Individual,Cell_viability,Lee_unsat,,,Lee_unsat_Lee_unsat_dendrimer_nan_in_vitro
0.9690891,0.9329501916,N(CCN(CCC(=O)OCCOC(=O)C(C)CSC/C=C/CCC)(CCC(=O)OCCOC(=O)C(C)CSC/C=C/CCC))(CCN(CCC(=O)OCCOC(=O)C(C)CSC/C=C/CCC)(CCC(=O)OCCOC(=O)C(C)CSC/C=C/CCC))CCN(CCC(=O)OCCOC(=O)C(C)CSC/C=C/CCC)(CCC(=O)OCCOC(=O)C(C)CSC/C=C/CCC),Unsat_dendrimer,DOPE,"Total lipids/RNA 40:1; DOPE MW = 744, Chol = 387, C14-P2K = 2762",6A3-2T,Lee_unsat,Pure,Hand,mRNA,slee,IGROV1,FFL,,in_vitro,1,Lee_unsat_dendrimer,max,Individual,Cell_viability,Lee_unsat,,,Lee_unsat_Lee_unsat_dendrimer_nan_in_vitro
0.9299559,0.969348659,N(CCC(=O)OCCOC(=O)C(C)CSC/C=C(C)\CCC=C(C)C)(CCC(=O)OCCOC(=O)C(C)CSC/C=C(C)\CCC=C(C)C)CCCN1CCN(CCCN(CCC(=O)OCCOC(=O)C(C)CSC/C=C(C)\CCC=C(C)C)(CCC(=O)OCCOC(=O)C(C)CSC/C=C(C)\CCC=C(C)C))CC1,Unsat_dendrimer,DOPE,"Total lipids/RNA 40:1; DOPE MW = 744, Chol = 387, C14-P2K = 2718",4A1-Ne,Lee_unsat,Pure,Hand,mRNA,slee,IGROV1,FFL,,in_vitro,1,Lee_unsat_dendrimer,max,Individual,Cell_viability,Lee_unsat,,,Lee_unsat_Lee_unsat_dendrimer_nan_in_vitro
0.939568,0.9521072797,N(CCN(CCC(=O)OCCOC(=O)C(C)CSCCC(C)CCC=C(C)C)(CCC(=O)OCCOC(=O)C(C)CSCCC(C)CCC=C(C)C))(CCN(CCC(=O)OCCOC(=O)C(C)CSCCC(C)CCC=C(C)C)(CCC(=O)OCCOC(=O)C(C)CSCCC(C)CCC=C(C)C))CCN(CCC(=O)OCCOC(=O)C(C)CSCCC(C)CCC=C(C)C)(CCC(=O)OCCOC(=O)C(C)CSCCC(C)CCC=C(C)C),Unsat_dendrimer,DOPE,"Total lipids/RNA 40:1; DOPE MW = 744, Chol = 387, C14-P2K = 2783",6A3-Cit,Lee_unsat,Pure,Hand,mRNA,slee,IGROV1,FFL,,in_vitro,1,Lee_unsat_dendrimer,max,Individual,Cell_viability,Lee_unsat,,,Lee_unsat_Lee_unsat_dendrimer_nan_in_vitro
0.9650225,1.0,N(CCC(=O)OCCOC(=O)C(C)CSC/C=C\CCC)(CCC(=O)OCCOC(=O)C(C)CSC/C=C\CCC)CCCN(C)CCCN(CCC(=O)OCCOC(=O)C(C)CSC/C=C\CCC)(CCC(=O)OCCOC(=O)C(C)CSC/C=C\CCC),Unsat_dendrimer,DOPE,"Total lipids/RNA 40:1; DOPE MW = 744, Chol = 387, C14-P2K = 2768",4A3-2C,Lee_unsat,Pure,Hand,mRNA,slee,IGROV1,FFL,,in_vitro,1,Lee_unsat_dendrimer,max,Individual,Cell_viability,Lee_unsat,,,Lee_unsat_Lee_unsat_dendrimer_nan_in_vitro
0.9555722,0.908045977,N(CCC(=O)OCCOC(=O)C(C)CSCCC(C)CCC=C(C)C)(CCC(=O)OCCOC(=O)C(C)CSCCC(C)CCC=C(C)C)CCCN(C)CCCN(CCC(=O)OCCOC(=O)C(C)CSCCC(C)CCC=C(C)C)(CCC(=O)OCCOC(=O)C(C)CSCCC(C)CCC=C(C)C),Unsat_dendrimer,DOPE,"Total lipids/RNA 40:1; DOPE MW = 744, Chol = 387, C14-P2K = 2782",4A3-Cit,Lee_unsat,Pure,Hand,mRNA,slee,IGROV1,FFL,,in_vitro,1,Lee_unsat_dendrimer,max,Individual,Cell_viability,Lee_unsat,,,Lee_unsat_Lee_unsat_dendrimer_nan_in_vitro
0.94067055,0.9272030651,N(CCN(CCC(=O)OCCOC(=O)C(C)CSC/C=C(C)\CCC=C(C)C)(CCC(=O)OCCOC(=O)C(C)CSC/C=C(C)\CCC=C(C)C))(CCN(CCC(=O)OCCOC(=O)C(C)CSC/C=C(C)\CCC=C(C)C)(CCC(=O)OCCOC(=O)C(C)CSC/C=C(C)\CCC=C(C)C))CCN(CCC(=O)OCCOC(=O)C(C)CSC/C=C(C)\CCC=C(C)C)(CCC(=O)OCCOC(=O)C(C)CSC/C=C(C)\CCC=C(C)C),Unsat_dendrimer,DOPE,"Total lipids/RNA 40:1; DOPE MW = 744, Chol = 387, C14-P2K = 2720",6A3-Ne,Lee_unsat,Pure,Hand,mRNA,slee,IGROV1,FFL,,in_vitro,1,Lee_unsat_dendrimer,max,Individual,Cell_viability,Lee_unsat,,,Lee_unsat_Lee_unsat_dendrimer_nan_in_vitro
1.0101053,1.0,N(CCC(=O)OCCOC(=O)C(C)CSC/C=C\C/C=C\CC)(CCC(=O)OCCOC(=O)C(C)CSC/C=C\C/C=C\CC)CCN(C)C,Unsat_dendrimer,DOPE,"Total lipids/RNA 40:1; DOPE MW = 744, Chol = 387, C14-P2K = 2736",2A9-SC8,Lee_unsat,Pure,Hand,mRNA,slee,IGROV1,FFL,,in_vitro,1,Lee_unsat_dendrimer,max,Individual,Cell_viability,Lee_unsat,,,Lee_unsat_Lee_unsat_dendrimer_nan_in_vitro
0.99279505,1.0,N(CCC(=O)OCCOC(=O)C(C)CSCCC(C)CCC=C(C)C)(CCC(=O)OCCOC(=O)C(C)CSCCC(C)CCC=C(C)C)CCCN1CCN(C)CC1,Unsat_dendrimer,DOPE,"Total lipids/RNA 40:1; DOPE MW = 744, Chol = 387, C14-P2K = 2777",2A2-Cit,Lee_unsat,Pure,Hand,mRNA,slee,IGROV1,FFL,,in_vitro,1,Lee_unsat_dendrimer,max,Individual,Cell_viability,Lee_unsat,,,Lee_unsat_Lee_unsat_dendrimer_nan_in_vitro
0.97545403,1.0,OCCN(CCC(=O)OCCOC(=O)C(C)CSCCCCCCCC)CCCN(CCC(=O)OCCOC(=O)C(C)CSCCCCCCCC)(CCC(=O)OCCOC(=O)C(C)CSCCCCCCCC),Unsat_dendrimer,DOPE,"Total lipids/RNA 40:1; DOPE MW = 744, Chol = 387, C14-P2K = 2752",3A4-SC6,Lee_unsat,Pure,Hand,mRNA,slee,IGROV1,FFL,,in_vitro,1,Lee_unsat_dendrimer,max,Individual,Cell_viability,Lee_unsat,,,Lee_unsat_Lee_unsat_dendrimer_nan_in_vitro
0.973319,1.0,N(CCC(=O)OCCOC(=O)C(C)CSC/C=C/CCC)(CCC(=O)OCCOC(=O)C(C)CSC/C=C/CCC)CCCN(C)CCCN(CCC(=O)OCCOC(=O)C(C)CSC/C=C/CCC)(CCC(=O)OCCOC(=O)C(C)CSC/C=C/CCC),Unsat_dendrimer,DOPE,"Total lipids/RNA 40:1; DOPE MW = 744, Chol = 387, C14-P2K = 2761",4A3-2T,Lee_unsat,Pure,Hand,mRNA,slee,IGROV1,FFL,,in_vitro,1,Lee_unsat_dendrimer,max,Individual,Cell_viability,Lee_unsat,,,Lee_unsat_Lee_unsat_dendrimer_nan_in_vitro
0.97474605,0.9559386973,OCCN(CCC(=O)OCCOC(=O)C(C)CSCCCCCCCC)CCCN(CCC(=O)OCCOC(=O)C(C)CSCCCCCCCC)(CCC(=O)OCCOC(=O)C(C)CSCCCCCCCC),Unsat_dendrimer,DOPE,"Total lipids/RNA 40:1; DOPE MW = 744, Chol = 387, C14-P2K = 2710",3A4-SC8,Lee_unsat,Pure,Hand,mRNA,slee,IGROV1,FFL,,in_vitro,1,Lee_unsat_dendrimer,max,Individual,Cell_viability,Lee_unsat,,,Lee_unsat_Lee_unsat_dendrimer_nan_in_vitro
0.97232825,1.0,N(CCN(CCC(=O)OCCOC(=O)C(C)CSCCCCCCCC)(CCC(=O)OCCOC(=O)C(C)CSCCCCCCCC))(CCN(CCC(=O)OCCOC(=O)C(C)CSCCCCCCCC)(CCC(=O)OCCOC(=O)C(C)CSCCCCCCCC))CCN(CCC(=O)OCCOC(=O)C(C)CSCCCCCCCC)(CCC(=O)OCCOC(=O)C(C)CSCCCCCCCC),Unsat_dendrimer,DOPE,"Total lipids/RNA 40:1; DOPE MW = 744, Chol = 387, C14-P2K = 2713",6A3-SC8,Lee_unsat,Pure,Hand,mRNA,slee,IGROV1,FFL,,in_vitro,1,Lee_unsat_dendrimer,max,Individual,Cell_viability,Lee_unsat,,,Lee_unsat_Lee_unsat_dendrimer_nan_in_vitro
0.9950605,1.0,N(CCC(=O)OCCOC(=O)C(C)CSCCCCC=C)(CCC(=O)OCCOC(=O)C(C)CSCCCCC=C)CCN(C)C,Unsat_dendrimer,DOPE,"Total lipids/RNA 40:1; DOPE MW = 744, Chol = 387, C14-P2K = 2771",2A9-5,Lee_unsat,Pure,Hand,mRNA,slee,IGROV1,FFL,,in_vitro,1,Lee_unsat_dendrimer,max,Individual,Cell_viability,Lee_unsat,,,Lee_unsat_Lee_unsat_dendrimer_nan_in_vitro
0.9849928,0.9750957854,N(CCC(=O)OCCOC(=O)C(C)CSCC/C=C/CC)(CCC(=O)OCCOC(=O)C(C)CSCC/C=C/CC)CCCN(C)C,Unsat_dendrimer,DOPE,"Total lipids/RNA 40:1; DOPE MW = 744, Chol = 387, C14-P2K = 2695",2A9V-3T,Lee_unsat,Pure,Hand,mRNA,slee,IGROV1,FFL,,in_vitro,1,Lee_unsat_dendrimer,max,Individual,Cell_viability,Lee_unsat,,,Lee_unsat_Lee_unsat_dendrimer_nan_in_vitro
0.9524936,0.898467433,OCCN(CCC(=O)OCCOC(=O)C(C)CSCCC(C)CCC=C(C)C)CCCN(CCC(=O)OCCOC(=O)C(C)CSCCC(C)CCC=C(C)C)(CCC(=O)OCCOC(=O)C(C)CSCCC(C)CCC=C(C)C),Unsat_dendrimer,DOPE,"Total lipids/RNA 40:1; DOPE MW = 744, Chol = 387, C14-P2K = 2780",3A4-Cit,Lee_unsat,Pure,Hand,mRNA,slee,IGROV1,FFL,,in_vitro,1,Lee_unsat_dendrimer,max,Individual,Cell_viability,Lee_unsat,,,Lee_unsat_Lee_unsat_dendrimer_nan_in_vitro
0.9794978,1.0,N(CCN(CCC(=O)OCCOC(=O)C(C)CSCC/C=C\CC)(CCC(=O)OCCOC(=O)C(C)CSCC/C=C\CC))(CCN(CCC(=O)OCCOC(=O)C(C)CSCC/C=C\CC)(CCC(=O)OCCOC(=O)C(C)CSCC/C=C\CC))CCN(CCC(=O)OCCOC(=O)C(C)CSCC/C=C\CC)(CCC(=O)OCCOC(=O)C(C)CSCC/C=C\CC),Unsat_dendrimer,DOPE,"Total lipids/RNA 40:1; DOPE MW = 744, Chol = 387, C14-P2K = 2706",6A3-3C,Lee_unsat,Pure,Hand,mRNA,slee,IGROV1,FFL,,in_vitro,1,Lee_unsat_dendrimer,max,Individual,Cell_viability,Lee_unsat,,,Lee_unsat_Lee_unsat_dendrimer_nan_in_vitro
0.9788471,0.9559386973,N(CCC(=O)OCCOC(=O)C(C)CSCCC/C=C/C)(CCC(=O)OCCOC(=O)C(C)CSCCC/C=C/C)CCCN1CCN(C)CC1,Unsat_dendrimer,DOPE,"Total lipids/RNA 40:1; DOPE MW = 744, Chol = 387, C14-P2K = 2721",2A2-4T,Lee_unsat,Pure,Hand,mRNA,slee,IGROV1,FFL,,in_vitro,1,Lee_unsat_dendrimer,max,Individual,Cell_viability,Lee_unsat,,,Lee_unsat_Lee_unsat_dendrimer_nan_in_vitro
0.98107773,1.0,N(CCN(CCC(=O)OCCOC(=O)C(C)CSC/C=C\C/C=C\CC)(CCC(=O)OCCOC(=O)C(C)CSC/C=C\C/C=C\CC))(CCN(CCC(=O)OCCOC(=O)C(C)CSC/C=C\C/C=C\CC)(CCC(=O)OCCOC(=O)C(C)CSC/C=C\C/C=C\CC))CCN(CCC(=O)OCCOC(=O)C(C)CSC/C=C\C/C=C\CC)(CCC(=O)OCCOC(=O)C(C)CSC/C=C\C/C=C\CC),Unsat_dendrimer,DOPE,"Total lipids/RNA 40:1; DOPE MW = 744, Chol = 387, C14-P2K = 2741",6A3-SC8,Lee_unsat,Pure,Hand,mRNA,slee,IGROV1,FFL,,in_vitro,1,Lee_unsat_dendrimer,max,Individual,Cell_viability,Lee_unsat,,,Lee_unsat_Lee_unsat_dendrimer_nan_in_vitro
0.9454184,0.8697318008,N(CCN(CCC(=O)OCCOC(=O)C(C)CSCCC/C=C/C)(CCC(=O)OCCOC(=O)C(C)CSCCC/C=C/C))(CCN(CCC(=O)OCCOC(=O)C(C)CSCCC/C=C/C)(CCC(=O)OCCOC(=O)C(C)CSCCC/C=C/C))CCN(CCC(=O)OCCOC(=O)C(C)CSCCC/C=C/C)(CCC(=O)OCCOC(=O)C(C)CSCCC/C=C/C),Unsat_dendrimer,DOPE,"Total lipids/RNA 40:1; DOPE MW = 744, Chol = 387, C14-P2K = 2727",6A3-4T,Lee_unsat,Pure,Hand,mRNA,slee,IGROV1,FFL,,in_vitro,1,Lee_unsat_dendrimer,max,Individual,Cell_viability,Lee_unsat,,,Lee_unsat_Lee_unsat_dendrimer_nan_in_vitro
0.97788984,0.9808429119,N(CCC(=O)OCCOC(=O)C(C)CSC/C=C(C)/CC/C=C(C)/CCC=C(C)C)(CCC(=O)OCCOC(=O)C(C)CSC/C=C(C)/CC/C=C(C)/CCC=C(C)C)CCCN1CCN(C)CC1,Unsat_dendrimer,DOPE,"Total lipids/RNA 40:1; DOPE MW = 744, Chol = 387, C14-P2K = 2742",2A2-Far,Lee_unsat,Pure,Hand,mRNA,slee,IGROV1,FFL,,in_vitro,1,Lee_unsat_dendrimer,max,Individual,Cell_viability,Lee_unsat,,,Lee_unsat_Lee_unsat_dendrimer_nan_in_vitro
0.991517,0.9904214559,N(CCC(=O)OCCOC(=O)C(C)CSCCCCC=C)(CCC(=O)OCCOC(=O)C(C)CSCCCCC=C)CCCN(C)C,Unsat_dendrimer,DOPE,"Total lipids/RNA 40:1; DOPE MW = 744, Chol = 387, C14-P2K = 2772",2A9V-5,Lee_unsat,Pure,Hand,mRNA,slee,IGROV1,FFL,,in_vitro,1,Lee_unsat_dendrimer,max,Individual,Cell_viability,Lee_unsat,,,Lee_unsat_Lee_unsat_dendrimer_nan_in_vitro
0.9832112,0.9559386973,OCCN(CCC(=O)OCCOC(=O)C(C)CSC/C=C\C/C=C\CC)CCCN(CCC(=O)OCCOC(=O)C(C)CSC/C=C\C/C=C\CC)(CCC(=O)OCCOC(=O)C(C)CSC/C=C\C/C=C\CC),Unsat_dendrimer,DOPE,"Total lipids/RNA 40:1; DOPE MW = 744, Chol = 387, C14-P2K = 2738",3A4-SC8,Lee_unsat,Pure,Hand,mRNA,slee,IGROV1,FFL,,in_vitro,1,Lee_unsat_dendrimer,max,Individual,Cell_viability,Lee_unsat,,,Lee_unsat_Lee_unsat_dendrimer_nan_in_vitro
0.96822816,0.9923371648,N(CCC(=O)OCCOC(=O)C(C)CSCCC/C=C\C)(CCC(=O)OCCOC(=O)C(C)CSCCC/C=C\C)CCCN(C)C,Unsat_dendrimer,DOPE,"Total lipids/RNA 40:1; DOPE MW = 744, Chol = 387, C14-P2K = 2730",2A9V-4C,Lee_unsat,Pure,Hand,mRNA,slee,IGROV1,FFL,,in_vitro,1,Lee_unsat_dendrimer,max,Individual,Cell_viability,Lee_unsat,,,Lee_unsat_Lee_unsat_dendrimer_nan_in_vitro
0.95358557,0.9061302682,N(CCC(=O)OCCOC(=O)C(C)CSCCCCCCCC)(CCC(=O)OCCOC(=O)C(C)CSCCCCCCCC)CCCN1CCN(CCCN(CCC(=O)OCCOC(=O)C(C)CSCCCCCCCC)(CCC(=O)OCCOC(=O)C(C)CSCCCCCCCC))CC1,Unsat_dendrimer,DOPE,"Total lipids/RNA 40:1; DOPE MW = 744, Chol = 387, C14-P2K = 2753",4A1-SC6,Lee_unsat,Pure,Hand,mRNA,slee,IGROV1,FFL,,in_vitro,1,Lee_unsat_dendrimer,max,Individual,Cell_viability,Lee_unsat,,,Lee_unsat_Lee_unsat_dendrimer_nan_in_vitro
0.9917621,1.0,N(CCC(=O)OCCOC(=O)C(C)CSCC/C=C\CC)(CCC(=O)OCCOC(=O)C(C)CSCC/C=C\CC)CCCN(C)C,Unsat_dendrimer,DOPE,"Total lipids/RNA 40:1; DOPE MW = 744, Chol = 387, C14-P2K = 2702",2A9V-3C,Lee_unsat,Pure,Hand,mRNA,slee,IGROV1,FFL,,in_vitro,1,Lee_unsat_dendrimer,max,Individual,Cell_viability,Lee_unsat,,,Lee_unsat_Lee_unsat_dendrimer_nan_in_vitro
0.9990321,1.0,N(CCC(=O)OCCOC(=O)C(C)CSCCCCCCCC)(CCC(=O)OCCOC(=O)C(C)CSCCCCCCCC)CCCN(C)C,Unsat_dendrimer,DOPE,"Total lipids/RNA 40:1; DOPE MW = 744, Chol = 387, C14-P2K = 2751",2A9V-SC6,Lee_unsat,Pure,Hand,mRNA,slee,IGROV1,FFL,,in_vitro,1,Lee_unsat_dendrimer,max,Individual,Cell_viability,Lee_unsat,,,Lee_unsat_Lee_unsat_dendrimer_nan_in_vitro
